  Determining projects to restore...
  All projects are up-to-date for restore.
  ServiceDefaults -> /var/home/saithis/work/Ratatoskr/examples/ServiceDefaults/bin/Debug/net10.0/ServiceDefaults.dll
/var/home/saithis/work/Ratatoskr/src/Ratatoskr/AsyncApi/Config/AsyncApiOperationOptions.cs(21,20): warning CS1591: Missing XML comment for publicly visible type or member 'AsyncApiOperationOptions.Title' [/var/home/saithis/work/Ratatoskr/src/Ratatoskr/Ratatoskr.csproj]
/var/home/saithis/work/Ratatoskr/src/Ratatoskr/AsyncApi/Config/AsyncApiOperationOptions.cs(22,20): warning CS1591: Missing XML comment for publicly visible type or member 'AsyncApiOperationOptions.Summary' [/var/home/saithis/work/Ratatoskr/src/Ratatoskr/Ratatoskr.csproj]
/var/home/saithis/work/Ratatoskr/src/Ratatoskr/AsyncApi/Config/AsyncApiOperationOptions.cs(23,20): warning CS1591: Missing XML comment for publicly visible type or member 'AsyncApiOperationOptions.Description' [/var/home/saithis/work/Ratatoskr/src/Ratatoskr/Ratatoskr.csproj]
/var/home/saithis/work/Ratatoskr/src/Ratatoskr/AsyncApi/Config/AsyncApiOperationOptions.cs(24,26): warning CS1591: Missing XML comment for publicly visible type or member 'AsyncApiOperationOptions.Tags' [/var/home/saithis/work/Ratatoskr/src/Ratatoskr/Ratatoskr.csproj]
/var/home/saithis/work/Ratatoskr/src/Ratatoskr/AsyncApi/Config/AsyncApiOperationOptions.cs(26,37): warning CS1591: Missing XML comment for publicly visible type or member 'AsyncApiOperationOptions.WithId(string)' [/var/home/saithis/work/Ratatoskr/src/Ratatoskr/Ratatoskr.csproj]
/var/home/saithis/work/Ratatoskr/src/Ratatoskr/AsyncApi/Config/AsyncApiOperationOptions.cs(32,37): warning CS1591: Missing XML comment for publicly visible type or member 'AsyncApiOperationOptions.WithTitle(string)' [/var/home/saithis/work/Ratatoskr/src/Ratatoskr/Ratatoskr.csproj]
/var/home/saithis/work/Ratatoskr/src/Ratatoskr/AsyncApi/Config/AsyncApiOperationOptions.cs(38,37): warning CS1591: Missing XML comment for publicly visible type or member 'AsyncApiOperationOptions.WithSummary(string)' [/var/home/saithis/work/Ratatoskr/src/Ratatoskr/Ratatoskr.csproj]
/var/home/saithis/work/Ratatoskr/src/Ratatoskr/AsyncApi/Config/AsyncApiOperationOptions.cs(44,37): warning CS1591: Missing XML comment for publicly visible type or member 'AsyncApiOperationOptions.WithDescription(string)' [/var/home/saithis/work/Ratatoskr/src/Ratatoskr/Ratatoskr.csproj]
/var/home/saithis/work/Ratatoskr/src/Ratatoskr/AsyncApi/Config/AsyncApiOperationOptions.cs(50,37): warning CS1591: Missing XML comment for publicly visible type or member 'AsyncApiOperationOptions.WithTags(params string[])' [/var/home/saithis/work/Ratatoskr/src/Ratatoskr/Ratatoskr.csproj]
/var/home/saithis/work/Ratatoskr/src/Ratatoskr/AsyncApi/Config/AsyncApiOptions.cs(13,28): warning CS1591: Missing XML comment for publicly visible type or member 'AsyncApiOptions.WithTitle(string)' [/var/home/saithis/work/Ratatoskr/src/Ratatoskr/Ratatoskr.csproj]
/var/home/saithis/work/Ratatoskr/src/Ratatoskr/AsyncApi/Config/AsyncApiOptions.cs(19,28): warning CS1591: Missing XML comment for publicly visible type or member 'AsyncApiOptions.WithVersion(string)' [/var/home/saithis/work/Ratatoskr/src/Ratatoskr/Ratatoskr.csproj]
/var/home/saithis/work/Ratatoskr/src/Ratatoskr/AsyncApi/Config/AsyncApiOptions.cs(25,28): warning CS1591: Missing XML comment for publicly visible type or member 'AsyncApiOptions.WithDescription(string)' [/var/home/saithis/work/Ratatoskr/src/Ratatoskr/Ratatoskr.csproj]
/var/home/saithis/work/Ratatoskr/src/Ratatoskr/AsyncApi/Config/AsyncApiOptions.cs(31,28): warning CS1591: Missing XML comment for publicly visible type or member 'AsyncApiOptions.WithContact(string, string?, string?)' [/var/home/saithis/work/Ratatoskr/src/Ratatoskr/Ratatoskr.csproj]
/var/home/saithis/work/Ratatoskr/src/Ratatoskr/AsyncApi/Config/AsyncApiOptions.cs(42,28): warning CS1591: Missing XML comment for publicly visible type or member 'AsyncApiOptions.WithContact(string, Uri?, string?)' [/var/home/saithis/work/Ratatoskr/src/Ratatoskr/Ratatoskr.csproj]
/var/home/saithis/work/Ratatoskr/src/Ratatoskr/AsyncApi/Extensions/AsyncApiChannelBuilderExtensions.cs(7,21): warning CS1591: Missing XML comment for publicly visible type or member 'AsyncApiChannelBuilderExtensions' [/var/home/saithis/work/Ratatoskr/src/Ratatoskr/Ratatoskr.csproj]
/var/home/saithis/work/Ratatoskr/src/Ratatoskr/AsyncApi/Extensions/AsyncApiChannelBuilderExtensions.cs(9,41): warning CS1591: Missing XML comment for publicly visible type or member 'AsyncApiChannelBuilderExtensions.WithAsyncApi(PublishChannelBuilder, Action<AsyncApiChannelOptions>)' [/var/home/saithis/work/Ratatoskr/src/Ratatoskr/Ratatoskr.csproj]
/var/home/saithis/work/Ratatoskr/src/Ratatoskr/AsyncApi/Extensions/AsyncApiChannelBuilderExtensions.cs(22,41): warning CS1591: Missing XML comment for publicly visible type or member 'AsyncApiChannelBuilderExtensions.WithAsyncApi(ConsumeChannelBuilder, Action<AsyncApiChannelOptions>)' [/var/home/saithis/work/Ratatoskr/src/Ratatoskr/Ratatoskr.csproj]
/var/home/saithis/work/Ratatoskr/src/Ratatoskr/AsyncApi/Extensions/AsyncApiEndpointExtensions.cs(10,21): warning CS1591: Missing XML comment for publicly visible type or member 'AsyncApiEndpointExtensions' [/var/home/saithis/work/Ratatoskr/src/Ratatoskr/Ratatoskr.csproj]
/var/home/saithis/work/Ratatoskr/src/Ratatoskr/AsyncApi/Extensions/AsyncApiMessageBuilderExtensions.cs(7,21): warning CS1591: Missing XML comment for publicly visible type or member 'AsyncApiMessageBuilderExtensions' [/var/home/saithis/work/Ratatoskr/src/Ratatoskr/Ratatoskr.csproj]
/var/home/saithis/work/Ratatoskr/src/Ratatoskr/AsyncApi/Extensions/AsyncApiMessageBuilderExtensions.cs(9,34): warning CS1591: Missing XML comment for publicly visible type or member 'AsyncApiMessageBuilderExtensions.WithAsyncApi(MessageBuilder, Action<AsyncApiMessageOptions>)' [/var/home/saithis/work/Ratatoskr/src/Ratatoskr/Ratatoskr.csproj]
/var/home/saithis/work/Ratatoskr/src/Ratatoskr/AsyncApi/Generation/AsyncApiDocumentGenerator.cs(30,29): warning CS1591: Missing XML comment for publicly visible type or member 'AsyncApiDocumentGenerator.Generate()' [/var/home/saithis/work/Ratatoskr/src/Ratatoskr/Ratatoskr.csproj]
/var/home/saithis/work/Ratatoskr/src/Ratatoskr/AsyncApi/Model/AsyncApiChannel.cs(18,21): warning CS1591: Missing XML comment for publicly visible type or member 'AsyncApiChannel' [/var/home/saithis/work/Ratatoskr/src/Ratatoskr/Ratatoskr.csproj]
/var/home/saithis/work/Ratatoskr/src/Ratatoskr/AsyncApi/Model/AsyncApiChannel.cs(22,20): warning CS1591: Missing XML comment for publicly visible type or member 'AsyncApiChannel.Address' [/var/home/saithis/work/Ratatoskr/src/Ratatoskr/Ratatoskr.csproj]
/var/home/saithis/work/Ratatoskr/src/Ratatoskr/AsyncApi/Model/AsyncApiChannel.cs(33,20): warning CS1591: Missing XML comment for publicly visible type or member 'AsyncApiChannel.Title' [/var/home/saithis/work/Ratatoskr/src/Ratatoskr/Ratatoskr.csproj]
/var/home/saithis/work/Ratatoskr/src/Ratatoskr/AsyncApi/Model/AsyncApiChannel.cs(37,20): warning CS1591: Missing XML comment for publicly visible type or member 'AsyncApiChannel.Summary' [/var/home/saithis/work/Ratatoskr/src/Ratatoskr/Ratatoskr.csproj]
/var/home/saithis/work/Ratatoskr/src/Ratatoskr/AsyncApi/Model/AsyncApiChannel.cs(41,20): warning CS1591: Missing XML comment for publicly visible type or member 'AsyncApiChannel.Description' [/var/home/saithis/work/Ratatoskr/src/Ratatoskr/Ratatoskr.csproj]
/var/home/saithis/work/Ratatoskr/src/Ratatoskr/AsyncApi/Model/AsyncApiChannel.cs(52,29): warning CS1591: Missing XML comment for publicly visible type or member 'AsyncApiChannel.Bindings' [/var/home/saithis/work/Ratatoskr/src/Ratatoskr/Ratatoskr.csproj]
/var/home/saithis/work/Ratatoskr/src/Ratatoskr/AsyncApi/Model/AsyncApiChannel.cs(55,45): warning CS1591: Missing XML comment for publicly visible type or member 'AsyncApiChannel.Extensions' [/var/home/saithis/work/Ratatoskr/src/Ratatoskr/Ratatoskr.csproj]
/var/home/saithis/work/Ratatoskr/src/Ratatoskr/AsyncApi/Model/AsyncApiComponents.cs(11,21): warning CS1591: Missing XML comment for publicly visible type or member 'AsyncApiComponents' [/var/home/saithis/work/Ratatoskr/src/Ratatoskr/Ratatoskr.csproj]
/var/home/saithis/work/Ratatoskr/src/Ratatoskr/AsyncApi/Model/AsyncApiComponents.cs(15,44): warning CS1591: Missing XML comment for publicly visible type or member 'AsyncApiComponents.Schemas' [/var/home/saithis/work/Ratatoskr/src/Ratatoskr/Ratatoskr.csproj]
/var/home/saithis/work/Ratatoskr/src/Ratatoskr/AsyncApi/Model/AsyncApiComponents.cs(19,49): warning CS1591: Missing XML comment for publicly visible type or member 'AsyncApiComponents.Messages' [/var/home/saithis/work/Ratatoskr/src/Ratatoskr/Ratatoskr.csproj]
/var/home/saithis/work/Ratatoskr/src/Ratatoskr/AsyncApi/Model/AsyncApiComponents.cs(23,48): warning CS1591: Missing XML comment for publicly visible type or member 'AsyncApiComponents.Servers' [/var/home/saithis/work/Ratatoskr/src/Ratatoskr/Ratatoskr.csproj]
/var/home/saithis/work/Ratatoskr/src/Ratatoskr/AsyncApi/Model/AsyncApiDocument.cs(11,21): warning CS1591: Missing XML comment for publicly visible type or member 'AsyncApiDocument' [/var/home/saithis/work/Ratatoskr/src/Ratatoskr/Ratatoskr.csproj]
/var/home/saithis/work/Ratatoskr/src/Ratatoskr/AsyncApi/Model/AsyncApiDocument.cs(14,19): warning CS1591: Missing XML comment for publicly visible type or member 'AsyncApiDocument.AsyncApi' [/var/home/saithis/work/Ratatoskr/src/Ratatoskr/Ratatoskr.csproj]
/var/home/saithis/work/Ratatoskr/src/Ratatoskr/AsyncApi/Model/AsyncApiDocument.cs(17,25): warning CS1591: Missing XML comment for publicly visible type or member 'AsyncApiDocument.Info' [/var/home/saithis/work/Ratatoskr/src/Ratatoskr/Ratatoskr.csproj]
/var/home/saithis/work/Ratatoskr/src/Ratatoskr/AsyncApi/Model/AsyncApiDocument.cs(21,48): warning CS1591: Missing XML comment for publicly visible type or member 'AsyncApiDocument.Servers' [/var/home/saithis/work/Ratatoskr/src/Ratatoskr/Ratatoskr.csproj]
/var/home/saithis/work/Ratatoskr/src/Ratatoskr/AsyncApi/Model/AsyncApiDocument.cs(24,48): warning CS1591: Missing XML comment for publicly visible type or member 'AsyncApiDocument.Channels' [/var/home/saithis/work/Ratatoskr/src/Ratatoskr/Ratatoskr.csproj]
/var/home/saithis/work/Ratatoskr/src/Ratatoskr/AsyncApi/Model/AsyncApiDocument.cs(27,50): warning CS1591: Missing XML comment for publicly visible type or member 'AsyncApiDocument.Operations' [/var/home/saithis/work/Ratatoskr/src/Ratatoskr/Ratatoskr.csproj]
/var/home/saithis/work/Ratatoskr/src/Ratatoskr/AsyncApi/Model/AsyncApiDocument.cs(32,32): warning CS1591: Missing XML comment for publicly visible type or member 'AsyncApiDocument.Components' [/var/home/saithis/work/Ratatoskr/src/Ratatoskr/Ratatoskr.csproj]
/var/home/saithis/work/Ratatoskr/src/Ratatoskr/AsyncApi/Model/AsyncApiInfo.cs(5,21): warning CS1591: Missing XML comment for publicly visible type or member 'AsyncApiInfo' [/var/home/saithis/work/Ratatoskr/src/Ratatoskr/Ratatoskr.csproj]
/var/home/saithis/work/Ratatoskr/src/Ratatoskr/AsyncApi/Model/AsyncApiInfo.cs(8,19): warning CS1591: Missing XML comment for publicly visible type or member 'AsyncApiInfo.Title' [/var/home/saithis/work/Ratatoskr/src/Ratatoskr/Ratatoskr.csproj]
/var/home/saithis/work/Ratatoskr/src/Ratatoskr/AsyncApi/Model/AsyncApiInfo.cs(11,19): warning CS1591: Missing XML comment for publicly visible type or member 'AsyncApiInfo.Version' [/var/home/saithis/work/Ratatoskr/src/Ratatoskr/Ratatoskr.csproj]
/var/home/saithis/work/Ratatoskr/src/Ratatoskr/AsyncApi/Model/AsyncApiInfo.cs(15,20): warning CS1591: Missing XML comment for publicly visible type or member 'AsyncApiInfo.Description' [/var/home/saithis/work/Ratatoskr/src/Ratatoskr/Ratatoskr.csproj]
/var/home/saithis/work/Ratatoskr/src/Ratatoskr/AsyncApi/Model/AsyncApiInfo.cs(19,29): warning CS1591: Missing XML comment for publicly visible type or member 'AsyncApiInfo.Contact' [/var/home/saithis/work/Ratatoskr/src/Ratatoskr/Ratatoskr.csproj]
/var/home/saithis/work/Ratatoskr/src/Ratatoskr/AsyncApi/Model/AsyncApiInfo.cs(22,21): warning CS1591: Missing XML comment for publicly visible type or member 'AsyncApiContact' [/var/home/saithis/work/Ratatoskr/src/Ratatoskr/Ratatoskr.csproj]
/var/home/saithis/work/Ratatoskr/src/Ratatoskr/AsyncApi/Model/AsyncApiInfo.cs(26,20): warning CS1591: Missing XML comment for publicly visible type or member 'AsyncApiContact.Name' [/var/home/saithis/work/Ratatoskr/src/Ratatoskr/Ratatoskr.csproj]
/var/home/saithis/work/Ratatoskr/src/Ratatoskr/AsyncApi/Model/AsyncApiInfo.cs(30,20): warning CS1591: Missing XML comment for publicly visible type or member 'AsyncApiContact.Url' [/var/home/saithis/work/Ratatoskr/src/Ratatoskr/Ratatoskr.csproj]
/var/home/saithis/work/Ratatoskr/src/Ratatoskr/AsyncApi/Model/AsyncApiInfo.cs(34,20): warning CS1591: Missing XML comment for publicly visible type or member 'AsyncApiContact.Email' [/var/home/saithis/work/Ratatoskr/src/Ratatoskr/Ratatoskr.csproj]
/var/home/saithis/work/Ratatoskr/src/Ratatoskr/AsyncApi/Model/AsyncApiMessage.cs(18,21): warning CS1591: Missing XML comment for publicly visible type or member 'AsyncApiMessage' [/var/home/saithis/work/Ratatoskr/src/Ratatoskr/Ratatoskr.csproj]
/var/home/saithis/work/Ratatoskr/src/Ratatoskr/AsyncApi/Model/AsyncApiMessage.cs(22,20): warning CS1591: Missing XML comment for publicly visible type or member 'AsyncApiMessage.Name' [/var/home/saithis/work/Ratatoskr/src/Ratatoskr/Ratatoskr.csproj]
/var/home/saithis/work/Ratatoskr/src/Ratatoskr/AsyncApi/Model/AsyncApiMessage.cs(26,20): warning CS1591: Missing XML comment for publicly visible type or member 'AsyncApiMessage.Title' [/var/home/saithis/work/Ratatoskr/src/Ratatoskr/Ratatoskr.csproj]
/var/home/saithis/work/Ratatoskr/src/Ratatoskr/AsyncApi/Model/AsyncApiMessage.cs(30,20): warning CS1591: Missing XML comment for publicly visible type or member 'AsyncApiMessage.Summary' [/var/home/saithis/work/Ratatoskr/src/Ratatoskr/Ratatoskr.csproj]
/var/home/saithis/work/Ratatoskr/src/Ratatoskr/AsyncApi/Model/AsyncApiMessage.cs(34,20): warning CS1591: Missing XML comment for publicly visible type or member 'AsyncApiMessage.Description' [/var/home/saithis/work/Ratatoskr/src/Ratatoskr/Ratatoskr.csproj]
/var/home/saithis/work/Ratatoskr/src/Ratatoskr/AsyncApi/Model/AsyncApiMessage.cs(38,20): warning CS1591: Missing XML comment for publicly visible type or member 'AsyncApiMessage.ContentType' [/var/home/saithis/work/Ratatoskr/src/Ratatoskr/Ratatoskr.csproj]
/var/home/saithis/work/Ratatoskr/src/Ratatoskr/AsyncApi/Model/AsyncApiMessage.cs(56,29): warning CS1591: Missing XML comment for publicly visible type or member 'AsyncApiMessage.Bindings' [/var/home/saithis/work/Ratatoskr/src/Ratatoskr/Ratatoskr.csproj]
/var/home/saithis/work/Ratatoskr/src/Ratatoskr/AsyncApi/Model/AsyncApiOperation.cs(17,21): warning CS1591: Missing XML comment for publicly visible type or member 'AsyncApiOperation' [/var/home/saithis/work/Ratatoskr/src/Ratatoskr/Ratatoskr.csproj]
/var/home/saithis/work/Ratatoskr/src/Ratatoskr/AsyncApi/Model/AsyncApiOperation.cs(25,31): warning CS1591: Missing XML comment for publicly visible type or member 'AsyncApiOperation.Channel' [/var/home/saithis/work/Ratatoskr/src/Ratatoskr/Ratatoskr.csproj]
/var/home/saithis/work/Ratatoskr/src/Ratatoskr/AsyncApi/Model/AsyncApiOperation.cs(29,20): warning CS1591: Missing XML comment for publicly visible type or member 'AsyncApiOperation.Title' [/var/home/saithis/work/Ratatoskr/src/Ratatoskr/Ratatoskr.csproj]
/var/home/saithis/work/Ratatoskr/src/Ratatoskr/AsyncApi/Model/AsyncApiOperation.cs(33,20): warning CS1591: Missing XML comment for publicly visible type or member 'AsyncApiOperation.Summary' [/var/home/saithis/work/Ratatoskr/src/Ratatoskr/Ratatoskr.csproj]
/var/home/saithis/work/Ratatoskr/src/Ratatoskr/AsyncApi/Model/AsyncApiOperation.cs(37,20): warning CS1591: Missing XML comment for publicly visible type or member 'AsyncApiOperation.Description' [/var/home/saithis/work/Ratatoskr/src/Ratatoskr/Ratatoskr.csproj]
/var/home/saithis/work/Ratatoskr/src/Ratatoskr/AsyncApi/Model/AsyncApiOperation.cs(48,31): warning CS1591: Missing XML comment for publicly visible type or member 'AsyncApiOperation.Bindings' [/var/home/saithis/work/Ratatoskr/src/Ratatoskr/Ratatoskr.csproj]
/var/home/saithis/work/Ratatoskr/src/Ratatoskr/AsyncApi/Model/AsyncApiOperation.cs(52,31): warning CS1591: Missing XML comment for publicly visible type or member 'AsyncApiOperation.Tags' [/var/home/saithis/work/Ratatoskr/src/Ratatoskr/Ratatoskr.csproj]
/var/home/saithis/work/Ratatoskr/src/Ratatoskr/AsyncApi/Model/AsyncApiReference.cs(5,21): warning CS1591: Missing XML comment for publicly visible type or member 'AsyncApiReference' [/var/home/saithis/work/Ratatoskr/src/Ratatoskr/Ratatoskr.csproj]
/var/home/saithis/work/Ratatoskr/src/Ratatoskr/AsyncApi/Model/AsyncApiReference.cs(8,19): warning CS1591: Missing XML comment for publicly visible type or member 'AsyncApiReference.Ref' [/var/home/saithis/work/Ratatoskr/src/Ratatoskr/Ratatoskr.csproj]
/var/home/saithis/work/Ratatoskr/src/Ratatoskr/AsyncApi/Model/AsyncApiReference.cs(10,12): warning CS1591: Missing XML comment for publicly visible type or member 'AsyncApiReference.AsyncApiReference(string)' [/var/home/saithis/work/Ratatoskr/src/Ratatoskr/Ratatoskr.csproj]
/var/home/saithis/work/Ratatoskr/src/Ratatoskr/AsyncApi/Model/AsyncApiReference.cs(12,37): warning CS1591: Missing XML comment for publicly visible type or member 'AsyncApiReference.ToChannel(string)' [/var/home/saithis/work/Ratatoskr/src/Ratatoskr/Ratatoskr.csproj]
/var/home/saithis/work/Ratatoskr/src/Ratatoskr/AsyncApi/Model/AsyncApiReference.cs(15,37): warning CS1591: Missing XML comment for publicly visible type or member 'AsyncApiReference.ToComponentMessage(string)' [/var/home/saithis/work/Ratatoskr/src/Ratatoskr/Ratatoskr.csproj]
/var/home/saithis/work/Ratatoskr/src/Ratatoskr/AsyncApi/Model/AsyncApiReference.cs(18,37): warning CS1591: Missing XML comment for publicly visible type or member 'AsyncApiReference.ToChannelMessage(string, string)' [/var/home/saithis/work/Ratatoskr/src/Ratatoskr/Ratatoskr.csproj]
/var/home/saithis/work/Ratatoskr/src/Ratatoskr/AsyncApi/Model/AsyncApiReference.cs(21,37): warning CS1591: Missing XML comment for publicly visible type or member 'AsyncApiReference.ToServer(string)' [/var/home/saithis/work/Ratatoskr/src/Ratatoskr/Ratatoskr.csproj]
/var/home/saithis/work/Ratatoskr/src/Ratatoskr/AsyncApi/Model/AsyncApiReference.cs(23,37): warning CS1591: Missing XML comment for publicly visible type or member 'AsyncApiReference.ToSchema(string)' [/var/home/saithis/work/Ratatoskr/src/Ratatoskr/Ratatoskr.csproj]
/var/home/saithis/work/Ratatoskr/src/Ratatoskr/AsyncApi/Model/AsyncApiServer.cs(5,21): warning CS1591: Missing XML comment for publicly visible type or member 'AsyncApiServer' [/var/home/saithis/work/Ratatoskr/src/Ratatoskr/Ratatoskr.csproj]
/var/home/saithis/work/Ratatoskr/src/Ratatoskr/AsyncApi/Model/AsyncApiServer.cs(8,19): warning CS1591: Missing XML comment for publicly visible type or member 'AsyncApiServer.Host' [/var/home/saithis/work/Ratatoskr/src/Ratatoskr/Ratatoskr.csproj]
/var/home/saithis/work/Ratatoskr/src/Ratatoskr/AsyncApi/Model/AsyncApiServer.cs(11,19): warning CS1591: Missing XML comment for publicly visible type or member 'AsyncApiServer.Protocol' [/var/home/saithis/work/Ratatoskr/src/Ratatoskr/Ratatoskr.csproj]
/var/home/saithis/work/Ratatoskr/src/Ratatoskr/AsyncApi/Model/AsyncApiServer.cs(15,20): warning CS1591: Missing XML comment for publicly visible type or member 'AsyncApiServer.ProtocolVersion' [/var/home/saithis/work/Ratatoskr/src/Ratatoskr/Ratatoskr.csproj]
/var/home/saithis/work/Ratatoskr/src/Ratatoskr/AsyncApi/Model/AsyncApiServer.cs(19,20): warning CS1591: Missing XML comment for publicly visible type or member 'AsyncApiServer.Description' [/var/home/saithis/work/Ratatoskr/src/Ratatoskr/Ratatoskr.csproj]
/var/home/saithis/work/Ratatoskr/src/Ratatoskr/AsyncApi/Model/AsyncApiTag.cs(5,21): warning CS1591: Missing XML comment for publicly visible type or member 'AsyncApiTag' [/var/home/saithis/work/Ratatoskr/src/Ratatoskr/Ratatoskr.csproj]
/var/home/saithis/work/Ratatoskr/src/Ratatoskr/AsyncApi/Model/AsyncApiTag.cs(8,19): warning CS1591: Missing XML comment for publicly visible type or member 'AsyncApiTag.Name' [/var/home/saithis/work/Ratatoskr/src/Ratatoskr/Ratatoskr.csproj]
/var/home/saithis/work/Ratatoskr/src/Ratatoskr/AsyncApi/Model/AsyncApiTag.cs(12,20): warning CS1591: Missing XML comment for publicly visible type or member 'AsyncApiTag.Description' [/var/home/saithis/work/Ratatoskr/src/Ratatoskr/Ratatoskr.csproj]
/var/home/saithis/work/Ratatoskr/src/Ratatoskr/AsyncApi/Model/Bindings/AmqpChannelBinding.cs(5,21): warning CS1591: Missing XML comment for publicly visible type or member 'ChannelBindings' [/var/home/saithis/work/Ratatoskr/src/Ratatoskr/Ratatoskr.csproj]
/var/home/saithis/work/Ratatoskr/src/Ratatoskr/AsyncApi/Model/Bindings/AmqpChannelBinding.cs(15,21): warning CS1591: Missing XML comment for publicly visible type or member 'AmqpChannelBinding' [/var/home/saithis/work/Ratatoskr/src/Ratatoskr/Ratatoskr.csproj]
/var/home/saithis/work/Ratatoskr/src/Ratatoskr/AsyncApi/Model/Bindings/AmqpChannelBinding.cs(44,21): warning CS1591: Missing XML comment for publicly visible type or member 'AmqpExchangeDefinition' [/var/home/saithis/work/Ratatoskr/src/Ratatoskr/Ratatoskr.csproj]
/var/home/saithis/work/Ratatoskr/src/Ratatoskr/AsyncApi/Model/Bindings/AmqpChannelBinding.cs(82,21): warning CS1591: Missing XML comment for publicly visible type or member 'AmqpQueueDefinition' [/var/home/saithis/work/Ratatoskr/src/Ratatoskr/Ratatoskr.csproj]
/var/home/saithis/work/Ratatoskr/src/Ratatoskr/AsyncApi/Model/Bindings/AmqpMessageBinding.cs(5,21): warning CS1591: Missing XML comment for publicly visible type or member 'MessageBindings' [/var/home/saithis/work/Ratatoskr/src/Ratatoskr/Ratatoskr.csproj]
/var/home/saithis/work/Ratatoskr/src/Ratatoskr/AsyncApi/Model/Bindings/AmqpMessageBinding.cs(15,21): warning CS1591: Missing XML comment for publicly visible type or member 'AmqpMessageBinding' [/var/home/saithis/work/Ratatoskr/src/Ratatoskr/Ratatoskr.csproj]
/var/home/saithis/work/Ratatoskr/src/Ratatoskr/AsyncApi/Model/Bindings/AmqpOperationBinding.cs(6,21): warning CS1591: Missing XML comment for publicly visible type or member 'OperationBindings' [/var/home/saithis/work/Ratatoskr/src/Ratatoskr/Ratatoskr.csproj]
/var/home/saithis/work/Ratatoskr/src/Ratatoskr/AsyncApi/Model/Bindings/AmqpOperationBinding.cs(26,21): warning CS1591: Missing XML comment for publicly visible type or member 'AmqpOperationBinding' [/var/home/saithis/work/Ratatoskr/src/Ratatoskr/Ratatoskr.csproj]
/var/home/saithis/work/Ratatoskr/src/Ratatoskr/AsyncApi/Model/EventCatalogMessageType.cs(3,13): warning CS1591: Missing XML comment for publicly visible type or member 'EventCatalogMessageType' [/var/home/saithis/work/Ratatoskr/src/Ratatoskr/Ratatoskr.csproj]
/var/home/saithis/work/Ratatoskr/src/Ratatoskr/AsyncApi/Model/EventCatalogMessageType.cs(5,5): warning CS1591: Missing XML comment for publicly visible type or member 'EventCatalogMessageType.Event' [/var/home/saithis/work/Ratatoskr/src/Ratatoskr/Ratatoskr.csproj]
/var/home/saithis/work/Ratatoskr/src/Ratatoskr/AsyncApi/Model/EventCatalogMessageType.cs(6,5): warning CS1591: Missing XML comment for publicly visible type or member 'EventCatalogMessageType.Command' [/var/home/saithis/work/Ratatoskr/src/Ratatoskr/Ratatoskr.csproj]
/var/home/saithis/work/Ratatoskr/src/Ratatoskr/AsyncApi/Model/JsonSchema.cs(36,20): warning CS1591: Missing XML comment for publicly visible type or member 'JsonSchema.Format' [/var/home/saithis/work/Ratatoskr/src/Ratatoskr/Ratatoskr.csproj]
/var/home/saithis/work/Ratatoskr/src/Ratatoskr/AsyncApi/Model/JsonSchema.cs(40,20): warning CS1591: Missing XML comment for publicly visible type or member 'JsonSchema.Description' [/var/home/saithis/work/Ratatoskr/src/Ratatoskr/Ratatoskr.csproj]
/var/home/saithis/work/Ratatoskr/src/Ratatoskr/AsyncApi/Model/JsonSchema.cs(49,26): warning CS1591: Missing XML comment for publicly visible type or member 'JsonSchema.Required' [/var/home/saithis/work/Ratatoskr/src/Ratatoskr/Ratatoskr.csproj]
/var/home/saithis/work/Ratatoskr/src/Ratatoskr/AsyncApi/Model/JsonSchema.cs(53,44): warning CS1591: Missing XML comment for publicly visible type or member 'JsonSchema.Properties' [/var/home/saithis/work/Ratatoskr/src/Ratatoskr/Ratatoskr.csproj]
/var/home/saithis/work/Ratatoskr/src/Ratatoskr/AsyncApi/Model/JsonSchema.cs(57,24): warning CS1591: Missing XML comment for publicly visible type or member 'JsonSchema.AdditionalProperties' [/var/home/saithis/work/Ratatoskr/src/Ratatoskr/Ratatoskr.csproj]
/var/home/saithis/work/Ratatoskr/src/Ratatoskr/AsyncApi/Model/JsonSchema.cs(61,24): warning CS1591: Missing XML comment for publicly visible type or member 'JsonSchema.Items' [/var/home/saithis/work/Ratatoskr/src/Ratatoskr/Ratatoskr.csproj]
/var/home/saithis/work/Ratatoskr/src/Ratatoskr/AsyncApi/Model/JsonSchema.cs(65,26): warning CS1591: Missing XML comment for publicly visible type or member 'JsonSchema.Enum' [/var/home/saithis/work/Ratatoskr/src/Ratatoskr/Ratatoskr.csproj]
/var/home/saithis/work/Ratatoskr/src/Ratatoskr/AsyncApi/Model/JsonSchema.cs(79,17): warning CS1591: Missing XML comment for publicly visible type or member 'JsonSchema.MaxLength' [/var/home/saithis/work/Ratatoskr/src/Ratatoskr/Ratatoskr.csproj]
/var/home/saithis/work/Ratatoskr/src/Ratatoskr/AsyncApi/Model/JsonSchema.cs(83,17): warning CS1591: Missing XML comment for publicly visible type or member 'JsonSchema.MinLength' [/var/home/saithis/work/Ratatoskr/src/Ratatoskr/Ratatoskr.csproj]
/var/home/saithis/work/Ratatoskr/src/Ratatoskr/AsyncApi/Model/JsonSchema.cs(87,20): warning CS1591: Missing XML comment for publicly visible type or member 'JsonSchema.Minimum' [/var/home/saithis/work/Ratatoskr/src/Ratatoskr/Ratatoskr.csproj]
/var/home/saithis/work/Ratatoskr/src/Ratatoskr/AsyncApi/Model/JsonSchema.cs(91,20): warning CS1591: Missing XML comment for publicly visible type or member 'JsonSchema.Maximum' [/var/home/saithis/work/Ratatoskr/src/Ratatoskr/Ratatoskr.csproj]
/var/home/saithis/work/Ratatoskr/src/Ratatoskr/AsyncApi/Model/JsonSchema.cs(95,20): warning CS1591: Missing XML comment for publicly visible type or member 'JsonSchema.Pattern' [/var/home/saithis/work/Ratatoskr/src/Ratatoskr/Ratatoskr.csproj]
/var/home/saithis/work/Ratatoskr/src/Ratatoskr/CloudEvents/CloudEventEnvelope.cs(83,17): warning CS1591: Missing XML comment for publicly visible type or member 'CloudEventEnvelope.TryGetExtension<T>(string, out T?)' [/var/home/saithis/work/Ratatoskr/src/Ratatoskr/Ratatoskr.csproj]
/var/home/saithis/work/Ratatoskr/src/Ratatoskr/CloudEvents/CloudEventsConstants.cs(3,21): warning CS1591: Missing XML comment for publicly visible type or member 'CloudEventsConstants' [/var/home/saithis/work/Ratatoskr/src/Ratatoskr/Ratatoskr.csproj]
/var/home/saithis/work/Ratatoskr/src/Ratatoskr/CloudEvents/CloudEventsConstants.cs(5,25): warning CS1591: Missing XML comment for publicly visible type or member 'CloudEventsConstants.SpecVersion' [/var/home/saithis/work/Ratatoskr/src/Ratatoskr/Ratatoskr.csproj]
/var/home/saithis/work/Ratatoskr/src/Ratatoskr/CloudEvents/CloudEventsConstants.cs(6,25): warning CS1591: Missing XML comment for publicly visible type or member 'CloudEventsConstants.JsonContentType' [/var/home/saithis/work/Ratatoskr/src/Ratatoskr/Ratatoskr.csproj]
/var/home/saithis/work/Ratatoskr/src/Ratatoskr/Config/ChannelBuilder.cs(6,23): warning CS1591: Missing XML comment for publicly visible type or member 'ChannelBuilder' [/var/home/saithis/work/Ratatoskr/src/Ratatoskr/Ratatoskr.csproj]
/var/home/saithis/work/Ratatoskr/src/Ratatoskr/Config/ChannelBuilder.cs(6,23): warning CS1591: Missing XML comment for publicly visible type or member 'ChannelBuilder.ChannelBuilder(ChannelRegistration)' [/var/home/saithis/work/Ratatoskr/src/Ratatoskr/Ratatoskr.csproj]
/var/home/saithis/work/Ratatoskr/src/Ratatoskr/Config/ConsumeChannelBuilder.cs(6,21): warning CS1591: Missing XML comment for publicly visible type or member 'ConsumeChannelBuilder' [/var/home/saithis/work/Ratatoskr/src/Ratatoskr/Ratatoskr.csproj]
/var/home/saithis/work/Ratatoskr/src/Ratatoskr/Config/ConsumeChannelBuilder.cs(6,21): warning CS1591: Missing XML comment for publicly visible type or member 'ConsumeChannelBuilder.ConsumeChannelBuilder(ChannelRegistration, IServiceCollection, RatatoskrBuilder)' [/var/home/saithis/work/Ratatoskr/src/Ratatoskr/Ratatoskr.csproj]
/var/home/saithis/work/Ratatoskr/src/Ratatoskr/Config/MessageBuilder.cs(5,21): warning CS1591: Missing XML comment for publicly visible type or member 'MessageBuilder' [/var/home/saithis/work/Ratatoskr/src/Ratatoskr/Ratatoskr.csproj]
/var/home/saithis/work/Ratatoskr/src/Ratatoskr/Config/MessageBuilder.cs(5,21): warning CS1591: Missing XML comment for publicly visible type or member 'MessageBuilder.MessageBuilder(MessageRegistration)' [/var/home/saithis/work/Ratatoskr/src/Ratatoskr/Ratatoskr.csproj]
/var/home/saithis/work/Ratatoskr/src/Ratatoskr/Config/MessageBuilder.cs(9,27): warning CS1591: Missing XML comment for publicly visible type or member 'MessageBuilder.WithType(string)' [/var/home/saithis/work/Ratatoskr/src/Ratatoskr/Ratatoskr.csproj]
/var/home/saithis/work/Ratatoskr/src/Ratatoskr/Config/MessageBuilder.cs(15,27): warning CS1591: Missing XML comment for publicly visible type or member 'MessageBuilder.WithDataSchema(string)' [/var/home/saithis/work/Ratatoskr/src/Ratatoskr/Ratatoskr.csproj]
/var/home/saithis/work/Ratatoskr/src/Ratatoskr/Config/MessageBuilder.cs(21,27): warning CS1591: Missing XML comment for publicly visible type or member 'MessageBuilder.WithSerializer<TSerializer>()' [/var/home/saithis/work/Ratatoskr/src/Ratatoskr/Ratatoskr.csproj]
/var/home/saithis/work/Ratatoskr/src/Ratatoskr/Config/PublishChannelBuilder.cs(5,21): warning CS1591: Missing XML comment for publicly visible type or member 'PublishChannelBuilder' [/var/home/saithis/work/Ratatoskr/src/Ratatoskr/Ratatoskr.csproj]
/var/home/saithis/work/Ratatoskr/src/Ratatoskr/Config/PublishChannelBuilder.cs(5,21): warning CS1591: Missing XML comment for publicly visible type or member 'PublishChannelBuilder.PublishChannelBuilder(ChannelRegistration)' [/var/home/saithis/work/Ratatoskr/src/Ratatoskr/Ratatoskr.csproj]
/var/home/saithis/work/Ratatoskr/src/Ratatoskr/Core/ChannelRegistration.cs(5,21): warning CS1591: Missing XML comment for publicly visible type or member 'ChannelRegistration' [/var/home/saithis/work/Ratatoskr/src/Ratatoskr/Ratatoskr.csproj]
/var/home/saithis/work/Ratatoskr/src/Ratatoskr/Core/ChannelRegistration.cs(5,21): warning CS1591: Missing XML comment for publicly visible type or member 'ChannelRegistration.ChannelRegistration(string, ChannelType)' [/var/home/saithis/work/Ratatoskr/src/Ratatoskr/Ratatoskr.csproj]
/var/home/saithis/work/Ratatoskr/src/Ratatoskr/Core/ChannelRegistration.cs(7,19): warning CS1591: Missing XML comment for publicly visible type or member 'ChannelRegistration.ChannelName' [/var/home/saithis/work/Ratatoskr/src/Ratatoskr/Ratatoskr.csproj]
/var/home/saithis/work/Ratatoskr/src/Ratatoskr/Core/ChannelRegistration.cs(8,24): warning CS1591: Missing XML comment for publicly visible type or member 'ChannelRegistration.Intent' [/var/home/saithis/work/Ratatoskr/src/Ratatoskr/Ratatoskr.csproj]
/var/home/saithis/work/Ratatoskr/src/Ratatoskr/Core/ChannelRegistration.cs(20,25): warning CS1591: Missing XML comment for publicly visible type or member 'ChannelRegistration.Transports' [/var/home/saithis/work/Ratatoskr/src/Ratatoskr/Ratatoskr.csproj]
/var/home/saithis/work/Ratatoskr/src/Ratatoskr/Core/ChannelRegistration.cs(22,39): warning CS1591: Missing XML comment for publicly visible type or member 'ChannelRegistration.Messages' [/var/home/saithis/work/Ratatoskr/src/Ratatoskr/Ratatoskr.csproj]
/var/home/saithis/work/Ratatoskr/src/Ratatoskr/Core/ChannelRegistration.cs(42,33): warning CS1591: Missing XML comment for publicly visible type or member 'ChannelRegistration.GetMessage(Type)' [/var/home/saithis/work/Ratatoskr/src/Ratatoskr/Ratatoskr.csproj]
/var/home/saithis/work/Ratatoskr/src/Ratatoskr/Core/ChannelRegistration.cs(51,33): warning CS1591: Missing XML comment for publicly visible type or member 'ChannelRegistration.GetMessage(string)' [/var/home/saithis/work/Ratatoskr/src/Ratatoskr/Ratatoskr.csproj]
/var/home/saithis/work/Ratatoskr/src/Ratatoskr/Core/ChannelRegistry.cs(3,21): warning CS1591: Missing XML comment for publicly visible type or member 'ChannelRegistry' [/var/home/saithis/work/Ratatoskr/src/Ratatoskr/Ratatoskr.csproj]
/var/home/saithis/work/Ratatoskr/src/Ratatoskr/Core/ChannelRegistry.cs(23,17): warning CS1591: Missing XML comment for publicly visible type or member 'ChannelRegistry.Register(ChannelRegistration)' [/var/home/saithis/work/Ratatoskr/src/Ratatoskr/Ratatoskr.csproj]
/var/home/saithis/work/Ratatoskr/src/Ratatoskr/Core/ChannelRegistry.cs(43,33): warning CS1591: Missing XML comment for publicly visible type or member 'ChannelRegistry.GetPublishChannel(string)' [/var/home/saithis/work/Ratatoskr/src/Ratatoskr/Ratatoskr.csproj]
/var/home/saithis/work/Ratatoskr/src/Ratatoskr/Core/ChannelRegistry.cs(49,33): warning CS1591: Missing XML comment for publicly visible type or member 'ChannelRegistry.GetConsumeChannel(string)' [/var/home/saithis/work/Ratatoskr/src/Ratatoskr/Ratatoskr.csproj]
/var/home/saithis/work/Ratatoskr/src/Ratatoskr/Core/ChannelRegistry.cs(55,45): warning CS1591: Missing XML comment for publicly visible type or member 'ChannelRegistry.GetConsumeChannels()' [/var/home/saithis/work/Ratatoskr/src/Ratatoskr/Ratatoskr.csproj]
/var/home/saithis/work/Ratatoskr/src/Ratatoskr/Core/ChannelRegistry.cs(57,45): warning CS1591: Missing XML comment for publicly visible type or member 'ChannelRegistry.GetPublishChannels()' [/var/home/saithis/work/Ratatoskr/src/Ratatoskr/Ratatoskr.csproj]
/var/home/saithis/work/Ratatoskr/src/Ratatoskr/Core/ChannelRegistry.cs(59,45): warning CS1591: Missing XML comment for publicly visible type or member 'ChannelRegistry.GetAllChannels()' [/var/home/saithis/work/Ratatoskr/src/Ratatoskr/Ratatoskr.csproj]
/var/home/saithis/work/Ratatoskr/src/Ratatoskr/Core/ChannelRegistry.cs(62,17): warning CS1591: Missing XML comment for publicly visible type or member 'ChannelRegistry.Freeze()' [/var/home/saithis/work/Ratatoskr/src/Ratatoskr/Ratatoskr.csproj]
/var/home/saithis/work/Ratatoskr/src/Ratatoskr/Core/ChannelRegistry.cs(107,33): warning CS1591: Missing XML comment for publicly visible type or member 'ChannelRegistry.FindPublishChannelForMessage(Type)' [/var/home/saithis/work/Ratatoskr/src/Ratatoskr/Ratatoskr.csproj]
/var/home/saithis/work/Ratatoskr/src/Ratatoskr/Core/ChannelRegistry.cs(119,33): warning CS1591: Missing XML comment for publicly visible type or member 'ChannelRegistry.FindPublishChannelForTypeName(string)' [/var/home/saithis/work/Ratatoskr/src/Ratatoskr/Ratatoskr.csproj]
/var/home/saithis/work/Ratatoskr/src/Ratatoskr/Core/ChannelRegistry.cs(134,8): warning CS1591: Missing XML comment for publicly visible type or member 'ChannelRegistry.FindConsumeChannelsForType(string)' [/var/home/saithis/work/Ratatoskr/src/Ratatoskr/Ratatoskr.csproj]
/var/home/saithis/work/Ratatoskr/src/Ratatoskr/Core/ChannelRegistry.cs(160,32): warning CS1591: Missing XML comment for publicly visible type or member 'ChannelRegistry.GetPublishInformation(Type)' [/var/home/saithis/work/Ratatoskr/src/Ratatoskr/Ratatoskr.csproj]
/var/home/saithis/work/Ratatoskr/src/Ratatoskr/Core/ChannelRegistry.cs(177,21): warning CS1591: Missing XML comment for publicly visible type or member 'PublishInformation' [/var/home/saithis/work/Ratatoskr/src/Ratatoskr/Ratatoskr.csproj]
/var/home/saithis/work/Ratatoskr/src/Ratatoskr/Core/ChannelRegistry.cs(179,41): warning CS1591: Missing XML comment for publicly visible type or member 'PublishInformation.Channel' [/var/home/saithis/work/Ratatoskr/src/Ratatoskr/Ratatoskr.csproj]
/var/home/saithis/work/Ratatoskr/src/Ratatoskr/Core/ChannelRegistry.cs(180,41): warning CS1591: Missing XML comment for publicly visible type or member 'PublishInformation.Message' [/var/home/saithis/work/Ratatoskr/src/Ratatoskr/Ratatoskr.csproj]
/var/home/saithis/work/Ratatoskr/src/Ratatoskr/Core/ChannelType.cs(3,13): warning CS1591: Missing XML comment for publicly visible type or member 'ChannelType' [/var/home/saithis/work/Ratatoskr/src/Ratatoskr/Ratatoskr.csproj]
/var/home/saithis/work/Ratatoskr/src/Ratatoskr/Core/IMessageSender.cs(3,18): warning CS1591: Missing XML comment for publicly visible type or member 'IMessageSender' [/var/home/saithis/work/Ratatoskr/src/Ratatoskr/Ratatoskr.csproj]
/var/home/saithis/work/Ratatoskr/src/Ratatoskr/Core/IMessageSender.cs(5,19): warning CS1591: Missing XML comment for publicly visible type or member 'IMessageSender.TransportName' [/var/home/saithis/work/Ratatoskr/src/Ratatoskr/Ratatoskr.csproj]
/var/home/saithis/work/Ratatoskr/src/Ratatoskr/Core/IMessageSender.cs(6,17): warning CS1591: Missing XML comment for publicly visible type or member 'IMessageSender.SendAsync(byte[], MessageProperties, CancellationToken)' [/var/home/saithis/work/Ratatoskr/src/Ratatoskr/Ratatoskr.csproj]
/var/home/saithis/work/Ratatoskr/src/Ratatoskr/Core/IMessageSerializer.cs(3,18): warning CS1591: Missing XML comment for publicly visible type or member 'IMessageSerializer' [/var/home/saithis/work/Ratatoskr/src/Ratatoskr/Ratatoskr.csproj]
/var/home/saithis/work/Ratatoskr/src/Ratatoskr/Core/IMessageSerializerResolver.cs(9,31): warning CS1591: Missing XML comment for publicly visible type or member 'IMessageSerializerResolver.GetSerializer(Type)' [/var/home/saithis/work/Ratatoskr/src/Ratatoskr/Ratatoskr.csproj]
/var/home/saithis/work/Ratatoskr/src/Ratatoskr/Core/ITransportMessageMetadataEnricher.cs(3,18): warning CS1591: Missing XML comment for publicly visible type or member 'ITransportMessageMetadataEnricher' [/var/home/saithis/work/Ratatoskr/src/Ratatoskr/Ratatoskr.csproj]
/var/home/saithis/work/Ratatoskr/src/Ratatoskr/Core/ITransportMessageMetadataEnricher.cs(5,19): warning CS1591: Missing XML comment for publicly visible type or member 'ITransportMessageMetadataEnricher.TransportName' [/var/home/saithis/work/Ratatoskr/src/Ratatoskr/Ratatoskr.csproj]
/var/home/saithis/work/Ratatoskr/src/Ratatoskr/Core/ITransportMessageMetadataEnricher.cs(6,17): warning CS1591: Missing XML comment for publicly visible type or member 'ITransportMessageMetadataEnricher.Enrich(PublishInformation, MessageProperties)' [/var/home/saithis/work/Ratatoskr/src/Ratatoskr/Ratatoskr.csproj]
/var/home/saithis/work/Ratatoskr/src/Ratatoskr/Core/MessageProperties.cs(3,21): warning CS1591: Missing XML comment for publicly visible type or member 'MessageProperties' [/var/home/saithis/work/Ratatoskr/src/Ratatoskr/Ratatoskr.csproj]
/var/home/saithis/work/Ratatoskr/src/Ratatoskr/Core/MessageRegistration.cs(3,21): warning CS1591: Missing XML comment for publicly visible type or member 'MessageRegistration' [/var/home/saithis/work/Ratatoskr/src/Ratatoskr/Ratatoskr.csproj]
/var/home/saithis/work/Ratatoskr/src/Ratatoskr/Core/MessageRegistration.cs(3,21): warning CS1591: Missing XML comment for publicly visible type or member 'MessageRegistration.MessageRegistration(Type, string)' [/var/home/saithis/work/Ratatoskr/src/Ratatoskr/Ratatoskr.csproj]
/var/home/saithis/work/Ratatoskr/src/Ratatoskr/Core/MessageRegistration.cs(5,17): warning CS1591: Missing XML comment for publicly visible type or member 'MessageRegistration.MessageType' [/var/home/saithis/work/Ratatoskr/src/Ratatoskr/Ratatoskr.csproj]
/var/home/saithis/work/Ratatoskr/src/Ratatoskr/Core/MessageRegistration.cs(6,19): warning CS1591: Missing XML comment for publicly visible type or member 'MessageRegistration.MessageTypeName' [/var/home/saithis/work/Ratatoskr/src/Ratatoskr/Ratatoskr.csproj]
/var/home/saithis/work/Ratatoskr/src/Ratatoskr/Core/MessageRegistration.cs(7,20): warning CS1591: Missing XML comment for publicly visible type or member 'MessageRegistration.DataSchema' [/var/home/saithis/work/Ratatoskr/src/Ratatoskr/Ratatoskr.csproj]
/var/home/saithis/work/Ratatoskr/src/Ratatoskr/Core/MessageRegistration.cs(8,18): warning CS1591: Missing XML comment for publicly visible type or member 'MessageRegistration.SerializerType' [/var/home/saithis/work/Ratatoskr/src/Ratatoskr/Ratatoskr.csproj]
/var/home/saithis/work/Ratatoskr/src/Ratatoskr/Core/MessageRouter.cs(18,39): warning CS1591: Missing XML comment for publicly visible type or member 'MessageRouter.RouteAsync(byte[], MessageProperties, string, CancellationToken, string)' [/var/home/saithis/work/Ratatoskr/src/Ratatoskr/Ratatoskr.csproj]
/var/home/saithis/work/Ratatoskr/src/Ratatoskr/Core/RatatoskrDiagnostics.cs(11,25): warning CS1591: Missing XML comment for publicly visible type or member 'RatatoskrDiagnostics.ActivitySourceName' [/var/home/saithis/work/Ratatoskr/src/Ratatoskr/Ratatoskr.csproj]
/var/home/saithis/work/Ratatoskr/src/Ratatoskr/Core/RatatoskrDiagnostics.cs(12,25): warning CS1591: Missing XML comment for publicly visible type or member 'RatatoskrDiagnostics.MeterName' [/var/home/saithis/work/Ratatoskr/src/Ratatoskr/Ratatoskr.csproj]
/var/home/saithis/work/Ratatoskr/src/Ratatoskr/Core/RatatoskrDiagnostics.cs(52,42): warning CS1591: Missing XML comment for publicly visible type or member 'RatatoskrDiagnostics.ClientSentMessages' [/var/home/saithis/work/Ratatoskr/src/Ratatoskr/Ratatoskr.csproj]
/var/home/saithis/work/Ratatoskr/src/Ratatoskr/Core/RatatoskrDiagnostics.cs(58,42): warning CS1591: Missing XML comment for publicly visible type or member 'RatatoskrDiagnostics.ClientConsumedMessages' [/var/home/saithis/work/Ratatoskr/src/Ratatoskr/Ratatoskr.csproj]
/var/home/saithis/work/Ratatoskr/src/Ratatoskr/Core/RatatoskrDiagnostics.cs(64,46): warning CS1591: Missing XML comment for publicly visible type or member 'RatatoskrDiagnostics.ProcessDuration' [/var/home/saithis/work/Ratatoskr/src/Ratatoskr/Ratatoskr.csproj]
/var/home/saithis/work/Ratatoskr/src/Ratatoskr/Core/RatatoskrDiagnostics.cs(79,46): warning CS1591: Missing XML comment for publicly visible type or member 'RatatoskrDiagnostics.ProcessLag' [/var/home/saithis/work/Ratatoskr/src/Ratatoskr/Ratatoskr.csproj]
/var/home/saithis/work/Ratatoskr/src/Ratatoskr/Core/RatatoskrDiagnostics.cs(93,42): warning CS1591: Missing XML comment for publicly visible type or member 'RatatoskrDiagnostics.DeadLetterMessages' [/var/home/saithis/work/Ratatoskr/src/Ratatoskr/Ratatoskr.csproj]
/var/home/saithis/work/Ratatoskr/src/Ratatoskr/Core/RatatoskrDiagnostics.cs(107,42): warning CS1591: Missing XML comment for publicly visible type or member 'RatatoskrDiagnostics.OutboxPoisonCount' [/var/home/saithis/work/Ratatoskr/src/Ratatoskr/Ratatoskr.csproj]
/var/home/saithis/work/Ratatoskr/src/Ratatoskr/Core/RatatoskrDiagnostics.cs(112,46): warning CS1591: Missing XML comment for publicly visible type or member 'RatatoskrDiagnostics.OutboxProcessDuration' [/var/home/saithis/work/Ratatoskr/src/Ratatoskr/Ratatoskr.csproj]
/var/home/saithis/work/Ratatoskr/src/Ratatoskr/Core/RatatoskrDiagnostics.cs(117,44): warning CS1591: Missing XML comment for publicly visible type or member 'RatatoskrDiagnostics.OutboxBatchSize' [/var/home/saithis/work/Ratatoskr/src/Ratatoskr/Ratatoskr.csproj]
/var/home/saithis/work/Ratatoskr/src/Ratatoskr/Core/RatatoskrDiagnostics.cs(131,42): warning CS1591: Missing XML comment for publicly visible type or member 'RatatoskrDiagnostics.InboxPoisonCount' [/var/home/saithis/work/Ratatoskr/src/Ratatoskr/Ratatoskr.csproj]
/var/home/saithis/work/Ratatoskr/src/Ratatoskr/Core/RatatoskrDiagnostics.cs(136,46): warning CS1591: Missing XML comment for publicly visible type or member 'RatatoskrDiagnostics.InboxProcessDuration' [/var/home/saithis/work/Ratatoskr/src/Ratatoskr/Ratatoskr.csproj]
/var/home/saithis/work/Ratatoskr/src/Ratatoskr/Core/RatatoskrDiagnostics.cs(141,44): warning CS1591: Missing XML comment for publicly visible type or member 'RatatoskrDiagnostics.InboxBatchSize' [/var/home/saithis/work/Ratatoskr/src/Ratatoskr/Ratatoskr.csproj]
/var/home/saithis/work/Ratatoskr/src/Ratatoskr/Core/RatatoskrDiagnostics.cs(162,42): warning CS1591: Missing XML comment for publicly visible type or member 'RatatoskrDiagnostics.OutboxCleanupCount' [/var/home/saithis/work/Ratatoskr/src/Ratatoskr/Ratatoskr.csproj]
/var/home/saithis/work/Ratatoskr/src/Ratatoskr/Core/RatatoskrDiagnostics.cs(167,46): warning CS1591: Missing XML comment for publicly visible type or member 'RatatoskrDiagnostics.OutboxCleanupDuration' [/var/home/saithis/work/Ratatoskr/src/Ratatoskr/Ratatoskr.csproj]
/var/home/saithis/work/Ratatoskr/src/Ratatoskr/Core/RatatoskrDiagnostics.cs(173,42): warning CS1591: Missing XML comment for publicly visible type or member 'RatatoskrDiagnostics.InboxCleanupStatusCount' [/var/home/saithis/work/Ratatoskr/src/Ratatoskr/Ratatoskr.csproj]
/var/home/saithis/work/Ratatoskr/src/Ratatoskr/Core/RatatoskrDiagnostics.cs(178,42): warning CS1591: Missing XML comment for publicly visible type or member 'RatatoskrDiagnostics.InboxCleanupMessageCount' [/var/home/saithis/work/Ratatoskr/src/Ratatoskr/Ratatoskr.csproj]
/var/home/saithis/work/Ratatoskr/src/Ratatoskr/Core/RatatoskrDiagnostics.cs(183,46): warning CS1591: Missing XML comment for publicly visible type or member 'RatatoskrDiagnostics.InboxCleanupDuration' [/var/home/saithis/work/Ratatoskr/src/Ratatoskr/Ratatoskr.csproj]
/var/home/saithis/work/Ratatoskr/src/Ratatoskr/Core/RatatoskrDiagnostics.cs(198,42): warning CS1591: Missing XML comment for publicly visible type or member 'RatatoskrDiagnostics.LockLost' [/var/home/saithis/work/Ratatoskr/src/Ratatoskr/Ratatoskr.csproj]
/var/home/saithis/work/Ratatoskr/src/Ratatoskr/Management/ManagementApiEndpointExtensions.cs(9,21): warning CS1591: Missing XML comment for publicly visible type or member 'ManagementApiEndpointExtensions' [/var/home/saithis/work/Ratatoskr/src/Ratatoskr/Ratatoskr.csproj]
/var/home/saithis/work/Ratatoskr/src/Ratatoskr/RatatoskrBuilder.cs(10,21): warning CS1591: Missing XML comment for publicly visible type or member 'RatatoskrBuilder' [/var/home/saithis/work/Ratatoskr/src/Ratatoskr/Ratatoskr.csproj]
/var/home/saithis/work/Ratatoskr/src/Ratatoskr/RatatoskrBuilder.cs(12,31): warning CS1591: Missing XML comment for publicly visible type or member 'RatatoskrBuilder.Services' [/var/home/saithis/work/Ratatoskr/src/Ratatoskr/Ratatoskr.csproj]
/var/home/saithis/work/Ratatoskr/src/Ratatoskr/RatatoskrBuilder.cs(69,29): warning CS1591: Missing XML comment for publicly visible type or member 'RatatoskrBuilder.AddEventPublishChannel(string, Action<PublishChannelBuilder>)' [/var/home/saithis/work/Ratatoskr/src/Ratatoskr/Ratatoskr.csproj]
/var/home/saithis/work/Ratatoskr/src/Ratatoskr/RatatoskrBuilder.cs(78,29): warning CS1591: Missing XML comment for publicly visible type or member 'RatatoskrBuilder.AddCommandPublishChannel(string, Action<PublishChannelBuilder>)' [/var/home/saithis/work/Ratatoskr/src/Ratatoskr/Ratatoskr.csproj]
/var/home/saithis/work/Ratatoskr/src/Ratatoskr/RatatoskrBuilder.cs(87,29): warning CS1591: Missing XML comment for publicly visible type or member 'RatatoskrBuilder.AddCommandConsumeChannel(string, Action<ConsumeChannelBuilder>)' [/var/home/saithis/work/Ratatoskr/src/Ratatoskr/Ratatoskr.csproj]
/var/home/saithis/work/Ratatoskr/src/Ratatoskr/RatatoskrBuilder.cs(96,29): warning CS1591: Missing XML comment for publicly visible type or member 'RatatoskrBuilder.AddEventConsumeChannel(string, Action<ConsumeChannelBuilder>)' [/var/home/saithis/work/Ratatoskr/src/Ratatoskr/Ratatoskr.csproj]
/var/home/saithis/work/Ratatoskr/src/Ratatoskr/RatatoskrMessageAttribute.cs(19,12): warning CS1591: Missing XML comment for publicly visible type or member 'RatatoskrMessageAttribute.RatatoskrMessageAttribute(string)' [/var/home/saithis/work/Ratatoskr/src/Ratatoskr/Ratatoskr.csproj]
/var/home/saithis/work/Ratatoskr/src/Ratatoskr/Serializers/Json/JsonMessageSerializer.cs(6,21): warning CS1591: Missing XML comment for publicly visible type or member 'JsonMessageSerializer' [/var/home/saithis/work/Ratatoskr/src/Ratatoskr/Ratatoskr.csproj]
/var/home/saithis/work/Ratatoskr/src/Ratatoskr/Serializers/Json/JsonMessageSerializer.cs(10,12): warning CS1591: Missing XML comment for publicly visible type or member 'JsonMessageSerializer.JsonMessageSerializer()' [/var/home/saithis/work/Ratatoskr/src/Ratatoskr/Ratatoskr.csproj]
/var/home/saithis/work/Ratatoskr/src/Ratatoskr/Serializers/Json/JsonMessageSerializer.cs(13,12): warning CS1591: Missing XML comment for publicly visible type or member 'JsonMessageSerializer.JsonMessageSerializer(JsonSerializerOptions?)' [/var/home/saithis/work/Ratatoskr/src/Ratatoskr/Ratatoskr.csproj]
/var/home/saithis/work/Ratatoskr/src/Ratatoskr/ServiceCollectionExtensions.cs(10,21): warning CS1591: Missing XML comment for publicly visible type or member 'ServiceCollectionExtensions' [/var/home/saithis/work/Ratatoskr/src/Ratatoskr/Ratatoskr.csproj]
/var/home/saithis/work/Ratatoskr/src/Ratatoskr/ServiceCollectionExtensions.cs(12,38): warning CS1591: Missing XML comment for publicly visible type or member 'ServiceCollectionExtensions.AddRatatoskr(IServiceCollection, Action<RatatoskrBuilder>?)' [/var/home/saithis/work/Ratatoskr/src/Ratatoskr/Ratatoskr.csproj]
/var/home/saithis/work/Ratatoskr/src/Ratatoskr/AsyncApi/Config/AsyncApiOperationOptions.cs(24,12): warning MA0016: Prefer using collection abstraction instead of implementation (https://github.com/meziantou/Meziantou.Analyzer/blob/main/docs/Rules/MA0016.md) [/var/home/saithis/work/Ratatoskr/src/Ratatoskr/Ratatoskr.csproj]
/var/home/saithis/work/Ratatoskr/src/Ratatoskr/AsyncApi/Model/AsyncApiInfo.cs(30,20): warning CA1056: Change the type of property 'AsyncApiContact.Url' from 'string' to 'System.Uri' (https://learn.microsoft.com/dotnet/fundamentals/code-analysis/quality-rules/ca1056) [/var/home/saithis/work/Ratatoskr/src/Ratatoskr/Ratatoskr.csproj]
/var/home/saithis/work/Ratatoskr/src/Ratatoskr/Core/IMessageActivityObserver.cs(81,20): warning CA1819: Properties should not return arrays (https://learn.microsoft.com/dotnet/fundamentals/code-analysis/quality-rules/ca1819) [/var/home/saithis/work/Ratatoskr/src/Ratatoskr/Ratatoskr.csproj]
/var/home/saithis/work/Ratatoskr/src/Ratatoskr/Core/TransportMessageSnapshot.cs(20,28): warning CA1819: Properties should not return arrays (https://learn.microsoft.com/dotnet/fundamentals/code-analysis/quality-rules/ca1819) [/var/home/saithis/work/Ratatoskr/src/Ratatoskr/Ratatoskr.csproj]
/var/home/saithis/work/Ratatoskr/src/Ratatoskr/Config/MessageConsumptionBuilder.cs(46,55): warning MA0015: The expression does not match a parameter (https://github.com/meziantou/Meziantou.Analyzer/blob/main/docs/Rules/MA0015.md) [/var/home/saithis/work/Ratatoskr/src/Ratatoskr/Ratatoskr.csproj]
/var/home/saithis/work/Ratatoskr/src/Ratatoskr/Core/MessageRouter.cs(18,39): warning CA1068: Method 'Ratatoskr.Core.MessageRouter.RouteAsync(byte[], Ratatoskr.Core.MessageProperties, string, System.Threading.CancellationToken, string)' should take CancellationToken as the last parameter (https://learn.microsoft.com/dotnet/fundamentals/code-analysis/quality-rules/ca1068) [/var/home/saithis/work/Ratatoskr/src/Ratatoskr/Ratatoskr.csproj]
/var/home/saithis/work/Ratatoskr/src/Ratatoskr/Core/MessageDispatcher.cs(31,39): warning CA1068: Method 'Ratatoskr.Core.MessageDispatcher.DispatchAsync(byte[], Ratatoskr.Core.MessageProperties, System.Threading.CancellationToken, string, string)' should take CancellationToken as the last parameter (https://learn.microsoft.com/dotnet/fundamentals/code-analysis/quality-rules/ca1068) [/var/home/saithis/work/Ratatoskr/src/Ratatoskr/Ratatoskr.csproj]
/var/home/saithis/work/Ratatoskr/src/Ratatoskr/Core/MessageDispatcher.cs(31,39): warning MA0051: Method is too long (169 lines; maximum allowed: 120) (https://github.com/meziantou/Meziantou.Analyzer/blob/main/docs/Rules/MA0051.md) [/var/home/saithis/work/Ratatoskr/src/Ratatoskr/Ratatoskr.csproj]
/var/home/saithis/work/Ratatoskr/src/Ratatoskr/Endpoints/ILocalRatatoskrRequestFeature.cs(10,23): warning MA0182: Internal type 'LocalRatatoskrRequestFeature' is apparently never used. If so, remove it from the assembly. (https://github.com/meziantou/Meziantou.Analyzer/blob/main/docs/Rules/MA0182.md) [/var/home/saithis/work/Ratatoskr/src/Ratatoskr/Ratatoskr.csproj]
/var/home/saithis/work/Ratatoskr/src/Ratatoskr/Management/ManagementResults.cs(6,23): warning MA0182: Internal type 'ManagementResults' is apparently never used. If so, remove it from the assembly. (https://github.com/meziantou/Meziantou.Analyzer/blob/main/docs/Rules/MA0182.md) [/var/home/saithis/work/Ratatoskr/src/Ratatoskr/Ratatoskr.csproj]
/var/home/saithis/work/Ratatoskr/src/Ratatoskr/Management/PaginationOptions.cs(3,23): warning MA0182: Internal type 'PaginationOptions' is apparently never used. If so, remove it from the assembly. (https://github.com/meziantou/Meziantou.Analyzer/blob/main/docs/Rules/MA0182.md) [/var/home/saithis/work/Ratatoskr/src/Ratatoskr/Ratatoskr.csproj]
  Ratatoskr -> /var/home/saithis/work/Ratatoskr/src/Ratatoskr/bin/Debug/net10.0/Ratatoskr.dll
/var/home/saithis/work/Ratatoskr/src/Ratatoskr.Testing/MessageCollection.cs(93,40): warning CS1591: Missing XML comment for publicly visible type or member 'MessageCollection.GetEnumerator()' [/var/home/saithis/work/Ratatoskr/src/Ratatoskr.Testing/Ratatoskr.Testing.csproj]
/var/home/saithis/work/Ratatoskr/src/Ratatoskr.Testing/MessageTracker.cs(17,22): warning CS1591: Missing XML comment for publicly visible type or member 'MessageTracker.OnMessageActivityAsync(MessageActivity)' [/var/home/saithis/work/Ratatoskr/src/Ratatoskr.Testing/Ratatoskr.Testing.csproj]
/var/home/saithis/work/Ratatoskr/src/Ratatoskr.Testing/MessageTrackingSession.cs(218,22): warning CS1591: Missing XML comment for publicly visible type or member 'MessageTrackingSession.DisposeAsync()' [/var/home/saithis/work/Ratatoskr/src/Ratatoskr.Testing/Ratatoskr.Testing.csproj]
/var/home/saithis/work/Ratatoskr/src/Ratatoskr.Testing/ServiceCollectionExtensions.cs(6,21): warning CS1591: Missing XML comment for publicly visible type or member 'ServiceCollectionExtensions' [/var/home/saithis/work/Ratatoskr/src/Ratatoskr.Testing/Ratatoskr.Testing.csproj]
/var/home/saithis/work/Ratatoskr/src/Ratatoskr.Testing/TrackingExtensions.cs(6,21): warning CS1591: Missing XML comment for publicly visible type or member 'TrackingExtensions' [/var/home/saithis/work/Ratatoskr/src/Ratatoskr.Testing/Ratatoskr.Testing.csproj]
/var/home/saithis/work/Ratatoskr/src/Ratatoskr.Testing/TrackedMessage.cs(23,20): warning CA1819: Properties should not return arrays (https://learn.microsoft.com/dotnet/fundamentals/code-analysis/quality-rules/ca1819) [/var/home/saithis/work/Ratatoskr/src/Ratatoskr.Testing/Ratatoskr.Testing.csproj]
/var/home/saithis/work/Ratatoskr/src/Ratatoskr.Testing/MessageTypeMatcher.cs(24,9): warning RCS1073: Convert 'if' to 'return' statement (https://josefpihrt.github.io/docs/roslynator/analyzers/RCS1073) [/var/home/saithis/work/Ratatoskr/src/Ratatoskr.Testing/Ratatoskr.Testing.csproj]
/var/home/saithis/work/Ratatoskr/src/Ratatoskr.Testing/MessageTypeMatcher.cs(45,9): warning RCS1073: Convert 'if' to 'return' statement (https://josefpihrt.github.io/docs/roslynator/analyzers/RCS1073) [/var/home/saithis/work/Ratatoskr/src/Ratatoskr.Testing/Ratatoskr.Testing.csproj]
/var/home/saithis/work/Ratatoskr/src/Ratatoskr.Testing/MessageCollection.cs(22,27): warning CA1720: Identifier 'Single' contains type name (https://learn.microsoft.com/dotnet/fundamentals/code-analysis/quality-rules/ca1720) [/var/home/saithis/work/Ratatoskr/src/Ratatoskr.Testing/Ratatoskr.Testing.csproj]
/var/home/saithis/work/Ratatoskr/src/Ratatoskr.Testing/MessageTracker.cs(79,47): warning MA0076: Do not use implicit culture-sensitive ToString in interpolated strings (https://github.com/meziantou/Meziantou.Analyzer/blob/main/docs/Rules/MA0076.md) [/var/home/saithis/work/Ratatoskr/src/Ratatoskr.Testing/Ratatoskr.Testing.csproj]
/var/home/saithis/work/Ratatoskr/src/Ratatoskr.Testing/MessageTracker.cs(101,17): warning MA0040: Use an overload with a CancellationToken, available tokens: waiter.Cts.Token (https://github.com/meziantou/Meziantou.Analyzer/blob/main/docs/Rules/MA0040.md) [/var/home/saithis/work/Ratatoskr/src/Ratatoskr.Testing/Ratatoskr.Testing.csproj]
/var/home/saithis/work/Ratatoskr/src/Ratatoskr.Testing/MessageCollection.cs(88,78): warning MA0076: Do not use implicit culture-sensitive ToString in interpolated strings (https://github.com/meziantou/Meziantou.Analyzer/blob/main/docs/Rules/MA0076.md) [/var/home/saithis/work/Ratatoskr/src/Ratatoskr.Testing/Ratatoskr.Testing.csproj]
  Ratatoskr.Testing -> /var/home/saithis/work/Ratatoskr/src/Ratatoskr.Testing/bin/Debug/net10.0/Ratatoskr.Testing.dll
/var/home/saithis/work/Ratatoskr/tests/Ratatoskr.TestHost/Program.cs(20,1): warning MA0042: Use 'RunAsync' instead of 'Run' (https://github.com/meziantou/Meziantou.Analyzer/blob/main/docs/Rules/MA0042.md) [/var/home/saithis/work/Ratatoskr/tests/Ratatoskr.TestHost/Ratatoskr.TestHost.csproj]
/var/home/saithis/work/Ratatoskr/tests/Ratatoskr.TestHost/RatatoskrTestHostAppMarker.cs(7,21): warning MA0036: Make class static (https://github.com/meziantou/Meziantou.Analyzer/blob/main/docs/Rules/MA0036.md) [/var/home/saithis/work/Ratatoskr/tests/Ratatoskr.TestHost/Ratatoskr.TestHost.csproj]
/var/home/saithis/work/Ratatoskr/src/Ratatoskr.RabbitMq/AsyncApi/RabbitMqAsyncApiBindingProvider.cs(23,17): warning CS1591: Missing XML comment for publicly visible type or member 'RabbitMqAsyncApiBindingProvider.ConfigureServers(AsyncApiDocument, IEnumerable<ChannelRegistration>)' [/var/home/saithis/work/Ratatoskr/src/Ratatoskr.RabbitMq/Ratatoskr.RabbitMq.csproj]
/var/home/saithis/work/Ratatoskr/src/Ratatoskr.RabbitMq/AsyncApi/RabbitMqAsyncApiBindingProvider.cs(62,17): warning CS1591: Missing XML comment for publicly visible type or member 'RabbitMqAsyncApiBindingProvider.ConfigureChannel(ChannelRegistration, AsyncApiDocument)' [/var/home/saithis/work/Ratatoskr/src/Ratatoskr.RabbitMq/Ratatoskr.RabbitMq.csproj]
/var/home/saithis/work/Ratatoskr/src/Ratatoskr.RabbitMq/AsyncApi/RabbitMqAsyncApiBindingProvider.cs(103,17): warning CS1591: Missing XML comment for publicly visible type or member 'RabbitMqAsyncApiBindingProvider.ConfigureOperation(ChannelRegistration, AsyncApiOperation)' [/var/home/saithis/work/Ratatoskr/src/Ratatoskr.RabbitMq/Ratatoskr.RabbitMq.csproj]
/var/home/saithis/work/Ratatoskr/src/Ratatoskr.RabbitMq/AsyncApi/RabbitMqAsyncApiBindingProvider.cs(141,17): warning CS1591: Missing XML comment for publicly visible type or member 'RabbitMqAsyncApiBindingProvider.ConfigureMessage(MessageRegistration, ChannelRegistration, AsyncApiMessage)' [/var/home/saithis/work/Ratatoskr/src/Ratatoskr.RabbitMq/Ratatoskr.RabbitMq.csproj]
/var/home/saithis/work/Ratatoskr/src/Ratatoskr.RabbitMq/CloudEventsAmqpConstants.cs(32,25): warning CS1591: Missing XML comment for publicly visible type or member 'CloudEventsAmqpConstants.SpecVersionHeader' [/var/home/saithis/work/Ratatoskr/src/Ratatoskr.RabbitMq/Ratatoskr.RabbitMq.csproj]
/var/home/saithis/work/Ratatoskr/src/Ratatoskr.RabbitMq/CloudEventsAmqpConstants.cs(33,25): warning CS1591: Missing XML comment for publicly visible type or member 'CloudEventsAmqpConstants.IdHeader' [/var/home/saithis/work/Ratatoskr/src/Ratatoskr.RabbitMq/Ratatoskr.RabbitMq.csproj]
/var/home/saithis/work/Ratatoskr/src/Ratatoskr.RabbitMq/CloudEventsAmqpConstants.cs(34,25): warning CS1591: Missing XML comment for publicly visible type or member 'CloudEventsAmqpConstants.SourceHeader' [/var/home/saithis/work/Ratatoskr/src/Ratatoskr.RabbitMq/Ratatoskr.RabbitMq.csproj]
/var/home/saithis/work/Ratatoskr/src/Ratatoskr.RabbitMq/CloudEventsAmqpConstants.cs(35,25): warning CS1591: Missing XML comment for publicly visible type or member 'CloudEventsAmqpConstants.TypeHeader' [/var/home/saithis/work/Ratatoskr/src/Ratatoskr.RabbitMq/Ratatoskr.RabbitMq.csproj]
/var/home/saithis/work/Ratatoskr/src/Ratatoskr.RabbitMq/CloudEventsAmqpConstants.cs(36,25): warning CS1591: Missing XML comment for publicly visible type or member 'CloudEventsAmqpConstants.TimeHeader' [/var/home/saithis/work/Ratatoskr/src/Ratatoskr.RabbitMq/Ratatoskr.RabbitMq.csproj]
/var/home/saithis/work/Ratatoskr/src/Ratatoskr.RabbitMq/CloudEventsAmqpConstants.cs(37,25): warning CS1591: Missing XML comment for publicly visible type or member 'CloudEventsAmqpConstants.SubjectHeader' [/var/home/saithis/work/Ratatoskr/src/Ratatoskr.RabbitMq/Ratatoskr.RabbitMq.csproj]
/var/home/saithis/work/Ratatoskr/src/Ratatoskr.RabbitMq/CloudEventsAmqpConstants.cs(38,25): warning CS1591: Missing XML comment for publicly visible type or member 'CloudEventsAmqpConstants.DataContentTypeHeader' [/var/home/saithis/work/Ratatoskr/src/Ratatoskr.RabbitMq/Ratatoskr.RabbitMq.csproj]
/var/home/saithis/work/Ratatoskr/src/Ratatoskr.RabbitMq/CloudEventsAmqpConstants.cs(39,25): warning CS1591: Missing XML comment for publicly visible type or member 'CloudEventsAmqpConstants.DataSchemaHeader' [/var/home/saithis/work/Ratatoskr/src/Ratatoskr.RabbitMq/Ratatoskr.RabbitMq.csproj]
/var/home/saithis/work/Ratatoskr/src/Ratatoskr.RabbitMq/CloudEventsAmqpConstants.cs(45,25): warning CS1591: Missing XML comment for publicly visible type or member 'CloudEventsAmqpConstants.TraceStateHeader' [/var/home/saithis/work/Ratatoskr/src/Ratatoskr.RabbitMq/Ratatoskr.RabbitMq.csproj]
/var/home/saithis/work/Ratatoskr/src/Ratatoskr.RabbitMq/CloudEventsAmqpMapper.cs(23,19): warning CS1591: Missing XML comment for publicly visible type or member 'CloudEventsAmqpMapper.MapOutgoing(byte[], MessageProperties, BasicProperties)' [/var/home/saithis/work/Ratatoskr/src/Ratatoskr.RabbitMq/Ratatoskr.RabbitMq.csproj]
/var/home/saithis/work/Ratatoskr/src/Ratatoskr.RabbitMq/CloudEventsAmqpMapper.cs(67,51): warning CS1591: Missing XML comment for publicly visible type or member 'CloudEventsAmqpMapper.MapIncoming(BasicDeliverEventArgs)' [/var/home/saithis/work/Ratatoskr/src/Ratatoskr.RabbitMq/Ratatoskr.RabbitMq.csproj]
/var/home/saithis/work/Ratatoskr/src/Ratatoskr.RabbitMq/Config/QueueType.cs(3,13): warning CS1591: Missing XML comment for publicly visible type or member 'QueueType' [/var/home/saithis/work/Ratatoskr/src/Ratatoskr.RabbitMq/Ratatoskr.RabbitMq.csproj]
/var/home/saithis/work/Ratatoskr/src/Ratatoskr.RabbitMq/Config/QueueType.cs(5,5): warning CS1591: Missing XML comment for publicly visible type or member 'QueueType.Classic' [/var/home/saithis/work/Ratatoskr/src/Ratatoskr.RabbitMq/Ratatoskr.RabbitMq.csproj]
/var/home/saithis/work/Ratatoskr/src/Ratatoskr.RabbitMq/Config/QueueType.cs(6,5): warning CS1591: Missing XML comment for publicly visible type or member 'QueueType.Quorum' [/var/home/saithis/work/Ratatoskr/src/Ratatoskr.RabbitMq/Ratatoskr.RabbitMq.csproj]
/var/home/saithis/work/Ratatoskr/src/Ratatoskr.RabbitMq/Config/RabbitMqMessageOptions.cs(3,14): warning CS1591: Missing XML comment for publicly visible type or member 'RabbitMqMessageOptions' [/var/home/saithis/work/Ratatoskr/src/Ratatoskr.RabbitMq/Ratatoskr.RabbitMq.csproj]
/var/home/saithis/work/Ratatoskr/src/Ratatoskr.RabbitMq/Config/RabbitMqMessageOptions.cs(5,20): warning CS1591: Missing XML comment for publicly visible type or member 'RabbitMqMessageOptions.RoutingKey' [/var/home/saithis/work/Ratatoskr/src/Ratatoskr.RabbitMq/Ratatoskr.RabbitMq.csproj]
/var/home/saithis/work/Ratatoskr/src/Ratatoskr.RabbitMq/Config/RabbitMqMessageOptions.cs(7,35): warning CS1591: Missing XML comment for publicly visible type or member 'RabbitMqMessageOptions.WithRoutingKey(string)' [/var/home/saithis/work/Ratatoskr/src/Ratatoskr.RabbitMq/Ratatoskr.RabbitMq.csproj]
/var/home/saithis/work/Ratatoskr/src/Ratatoskr.RabbitMq/Extensions/RabbitMqChannelExtensions.cs(13,21): warning CS1591: Missing XML comment for publicly visible type or member 'RabbitMqChannelExtensions' [/var/home/saithis/work/Ratatoskr/src/Ratatoskr.RabbitMq/Ratatoskr.RabbitMq.csproj]
/var/home/saithis/work/Ratatoskr/src/Ratatoskr.RabbitMq/Extensions/RabbitMqChannelExtensions.cs(17,21): warning CS1591: Missing XML comment for publicly visible type or member 'RabbitMqChannelExtensions.extension(ChannelRegistration).IsRabbitMqChannel()' [/var/home/saithis/work/Ratatoskr/src/Ratatoskr.RabbitMq/Ratatoskr.RabbitMq.csproj]
/var/home/saithis/work/Ratatoskr/src/Ratatoskr.RabbitMq/Extensions/RabbitMqChannelExtensions.cs(20,40): warning CS1591: Missing XML comment for publicly visible type or member 'RabbitMqChannelExtensions.extension(ChannelRegistration).GetRabbitMqChannelOptions()' [/var/home/saithis/work/Ratatoskr/src/Ratatoskr.RabbitMq/Ratatoskr.RabbitMq.csproj]
/var/home/saithis/work/Ratatoskr/src/Ratatoskr.RabbitMq/Extensions/RabbitMqMessageExtensions.cs(7,21): warning CS1591: Missing XML comment for publicly visible type or member 'RabbitMqMessageExtensions' [/var/home/saithis/work/Ratatoskr/src/Ratatoskr.RabbitMq/Ratatoskr.RabbitMq.csproj]
/var/home/saithis/work/Ratatoskr/src/Ratatoskr.RabbitMq/Extensions/RabbitMqMessageExtensions.cs(28,34): warning CS1591: Missing XML comment for publicly visible type or member 'RabbitMqMessageExtensions.WithRoutingKey(MessageBuilder, string)' [/var/home/saithis/work/Ratatoskr/src/Ratatoskr.RabbitMq/Ratatoskr.RabbitMq.csproj]
/var/home/saithis/work/Ratatoskr/src/Ratatoskr.RabbitMq/Extensions/RabbitMqMessageExtensions.cs(11,39): warning CS1591: Missing XML comment for publicly visible type or member 'RabbitMqMessageExtensions.extension(MessageRegistration).EnsureRabbitMqOptions()' [/var/home/saithis/work/Ratatoskr/src/Ratatoskr.RabbitMq/Ratatoskr.RabbitMq.csproj]
/var/home/saithis/work/Ratatoskr/src/Ratatoskr.RabbitMq/Extensions/RabbitMqMessageExtensions.cs(24,40): warning CS1591: Missing XML comment for publicly visible type or member 'RabbitMqMessageExtensions.extension(MessageRegistration).GetRabbitMqOptions()' [/var/home/saithis/work/Ratatoskr/src/Ratatoskr.RabbitMq/Ratatoskr.RabbitMq.csproj]
/var/home/saithis/work/Ratatoskr/src/Ratatoskr.RabbitMq/Extensions/RabbitMqMessagePropertiesExtensions.cs(5,21): warning CS1591: Missing XML comment for publicly visible type or member 'RabbitMqMessagePropertiesExtensions' [/var/home/saithis/work/Ratatoskr/src/Ratatoskr.RabbitMq/Ratatoskr.RabbitMq.csproj]
/var/home/saithis/work/Ratatoskr/src/Ratatoskr.RabbitMq/Extensions/RabbitMqMessagePropertiesExtensions.cs(12,34): warning CS1591: Missing XML comment for publicly visible type or member 'RabbitMqMessagePropertiesExtensions.extension(MessageProperties).SetExchange(string)' [/var/home/saithis/work/Ratatoskr/src/Ratatoskr.RabbitMq/Ratatoskr.RabbitMq.csproj]
/var/home/saithis/work/Ratatoskr/src/Ratatoskr.RabbitMq/Extensions/RabbitMqMessagePropertiesExtensions.cs(18,24): warning CS1591: Missing XML comment for publicly visible type or member 'RabbitMqMessagePropertiesExtensions.extension(MessageProperties).GetExchange()' [/var/home/saithis/work/Ratatoskr/src/Ratatoskr.RabbitMq/Ratatoskr.RabbitMq.csproj]
/var/home/saithis/work/Ratatoskr/src/Ratatoskr.RabbitMq/Extensions/RabbitMqMessagePropertiesExtensions.cs(23,34): warning CS1591: Missing XML comment for publicly visible type or member 'RabbitMqMessagePropertiesExtensions.extension(MessageProperties).SetRoutingKey(string)' [/var/home/saithis/work/Ratatoskr/src/Ratatoskr.RabbitMq/Ratatoskr.RabbitMq.csproj]
/var/home/saithis/work/Ratatoskr/src/Ratatoskr.RabbitMq/Extensions/RabbitMqMessagePropertiesExtensions.cs(29,24): warning CS1591: Missing XML comment for publicly visible type or member 'RabbitMqMessagePropertiesExtensions.extension(MessageProperties).GetRoutingKey()' [/var/home/saithis/work/Ratatoskr/src/Ratatoskr.RabbitMq/Ratatoskr.RabbitMq.csproj]
/var/home/saithis/work/Ratatoskr/src/Ratatoskr.RabbitMq/Extensions/RabbitMqRatatoskrBuilderExtensions.cs(11,21): warning CS1591: Missing XML comment for publicly visible type or member 'RabbitMqRatatoskrBuilderExtensions' [/var/home/saithis/work/Ratatoskr/src/Ratatoskr.RabbitMq/Ratatoskr.RabbitMq.csproj]
/var/home/saithis/work/Ratatoskr/src/Ratatoskr.RabbitMq/Extensions/RabbitMqRatatoskrBuilderExtensions.cs(13,36): warning CS1591: Missing XML comment for publicly visible type or member 'RabbitMqRatatoskrBuilderExtensions.UseRabbitMq(RatatoskrBuilder, Action<RabbitMqOptions>)' [/var/home/saithis/work/Ratatoskr/src/Ratatoskr.RabbitMq/Ratatoskr.RabbitMq.csproj]
/var/home/saithis/work/Ratatoskr/src/Ratatoskr.RabbitMq/RabbitMqConnectionManager.cs(5,21): warning CS1591: Missing XML comment for publicly visible type or member 'RabbitMqConnectionManager' [/var/home/saithis/work/Ratatoskr/src/Ratatoskr.RabbitMq/Ratatoskr.RabbitMq.csproj]
/var/home/saithis/work/Ratatoskr/src/Ratatoskr.RabbitMq/RabbitMqConnectionManager.cs(5,21): warning CS1591: Missing XML comment for publicly visible type or member 'RabbitMqConnectionManager.RabbitMqConnectionManager(RabbitMqOptions)' [/var/home/saithis/work/Ratatoskr/src/Ratatoskr.RabbitMq/Ratatoskr.RabbitMq.csproj]
/var/home/saithis/work/Ratatoskr/src/Ratatoskr.RabbitMq/RabbitMqConnectionManager.cs(17,33): warning CS1591: Missing XML comment for publicly visible type or member 'RabbitMqConnectionManager.CreateChannelAsync(bool, CancellationToken)' [/var/home/saithis/work/Ratatoskr/src/Ratatoskr.RabbitMq/Ratatoskr.RabbitMq.csproj]
/var/home/saithis/work/Ratatoskr/src/Ratatoskr.RabbitMq/RabbitMqConnectionManager.cs(142,28): warning CS1591: Missing XML comment for publicly visible type or member 'RabbitMqConnectionManager.DisposeAsync()' [/var/home/saithis/work/Ratatoskr/src/Ratatoskr.RabbitMq/Ratatoskr.RabbitMq.csproj]
/var/home/saithis/work/Ratatoskr/src/Ratatoskr.RabbitMq/RabbitMqConstants.cs(3,14): warning CS1591: Missing XML comment for publicly visible type or member 'RabbitMqConstants' [/var/home/saithis/work/Ratatoskr/src/Ratatoskr.RabbitMq/Ratatoskr.RabbitMq.csproj]
/var/home/saithis/work/Ratatoskr/src/Ratatoskr.RabbitMq/RabbitMqMessageMetadataEnricher.cs(6,14): warning CS1591: Missing XML comment for publicly visible type or member 'RabbitMqMessageMetadataEnricher' [/var/home/saithis/work/Ratatoskr/src/Ratatoskr.RabbitMq/Ratatoskr.RabbitMq.csproj]
/var/home/saithis/work/Ratatoskr/src/Ratatoskr.RabbitMq/RabbitMqMessageMetadataEnricher.cs(8,19): warning CS1591: Missing XML comment for publicly visible type or member 'RabbitMqMessageMetadataEnricher.TransportName' [/var/home/saithis/work/Ratatoskr/src/Ratatoskr.RabbitMq/Ratatoskr.RabbitMq.csproj]
/var/home/saithis/work/Ratatoskr/src/Ratatoskr.RabbitMq/RabbitMqMessageMetadataEnricher.cs(10,17): warning CS1591: Missing XML comment for publicly visible type or member 'RabbitMqMessageMetadataEnricher.Enrich(PublishInformation, MessageProperties)' [/var/home/saithis/work/Ratatoskr/src/Ratatoskr.RabbitMq/Ratatoskr.RabbitMq.csproj]
/var/home/saithis/work/Ratatoskr/src/Ratatoskr.RabbitMq/RabbitMqOptions.cs(3,14): warning CS1591: Missing XML comment for publicly visible type or member 'RabbitMqOptions' [/var/home/saithis/work/Ratatoskr/src/Ratatoskr.RabbitMq/Ratatoskr.RabbitMq.csproj]
/var/home/saithis/work/Ratatoskr/src/Ratatoskr.RabbitMq/RabbitMqTopologyManager.cs(9,22): warning CS1591: Missing XML comment for publicly visible type or member 'RabbitMqTopologyManager' [/var/home/saithis/work/Ratatoskr/src/Ratatoskr.RabbitMq/Ratatoskr.RabbitMq.csproj]
/var/home/saithis/work/Ratatoskr/src/Ratatoskr.RabbitMq/RabbitMqTopologyManager.cs(9,22): warning CS1591: Missing XML comment for publicly visible type or member 'RabbitMqTopologyManager.RabbitMqTopologyManager(ChannelRegistry, RabbitMqConnectionManager, ILogger<RabbitMqTopologyManager>)' [/var/home/saithis/work/Ratatoskr/src/Ratatoskr.RabbitMq/Ratatoskr.RabbitMq.csproj]
/var/home/saithis/work/Ratatoskr/src/Ratatoskr.RabbitMq/RabbitMqTopologyManager.cs(19,17): warning CS1591: Missing XML comment for publicly visible type or member 'RabbitMqTopologyManager.WaitForProvisioningAsync(CancellationToken)' [/var/home/saithis/work/Ratatoskr/src/Ratatoskr.RabbitMq/Ratatoskr.RabbitMq.csproj]
/var/home/saithis/work/Ratatoskr/src/Ratatoskr.RabbitMq/RabbitMqTopologyManager.cs(24,23): warning CS1591: Missing XML comment for publicly visible type or member 'RabbitMqTopologyManager.ProvisionTopologyAsync(CancellationToken)' [/var/home/saithis/work/Ratatoskr/src/Ratatoskr.RabbitMq/Ratatoskr.RabbitMq.csproj]
/var/home/saithis/work/Ratatoskr/src/Ratatoskr.RabbitMq/CloudEventsAmqpMapper.cs(54,12): warning MA0026: TODO make this settable per message and maybe add it to the properties (https://github.com/meziantou/Meziantou.Analyzer/blob/main/docs/Rules/MA0026.md) [/var/home/saithis/work/Ratatoskr/src/Ratatoskr.RabbitMq/Ratatoskr.RabbitMq.csproj]
/var/home/saithis/work/Ratatoskr/src/Ratatoskr.RabbitMq/Config/QueueType.cs(3,13): warning RCS1161: Enum should declare explicit values (https://josefpihrt.github.io/docs/roslynator/analyzers/RCS1161) [/var/home/saithis/work/Ratatoskr/src/Ratatoskr.RabbitMq/Ratatoskr.RabbitMq.csproj]
/var/home/saithis/work/Ratatoskr/src/Ratatoskr.RabbitMq/CloudEventsAmqpConstants.cs(31,5): warning RCS1181: Convert comment to documentation comment (https://josefpihrt.github.io/docs/roslynator/analyzers/RCS1181) [/var/home/saithis/work/Ratatoskr/src/Ratatoskr.RabbitMq/Ratatoskr.RabbitMq.csproj]
/var/home/saithis/work/Ratatoskr/src/Ratatoskr.RabbitMq/Config/RabbitMqExchangeType.cs(9,13): warning RCS1161: Enum should declare explicit values (https://josefpihrt.github.io/docs/roslynator/analyzers/RCS1161) [/var/home/saithis/work/Ratatoskr/src/Ratatoskr.RabbitMq/Ratatoskr.RabbitMq.csproj]
/var/home/saithis/work/Ratatoskr/src/Ratatoskr.RabbitMq/RabbitMqConstants.cs(3,14): warning CA1052: Type 'RabbitMqConstants' is a static holder type but is neither static nor NotInheritable (https://learn.microsoft.com/dotnet/fundamentals/code-analysis/quality-rules/ca1052) [/var/home/saithis/work/Ratatoskr/src/Ratatoskr.RabbitMq/Ratatoskr.RabbitMq.csproj]
/var/home/saithis/work/Ratatoskr/src/Ratatoskr.RabbitMq/RabbitMqConstants.cs(3,14): warning RCS1102: Make class static (https://josefpihrt.github.io/docs/roslynator/analyzers/RCS1102) [/var/home/saithis/work/Ratatoskr/src/Ratatoskr.RabbitMq/Ratatoskr.RabbitMq.csproj]
/var/home/saithis/work/Ratatoskr/src/Ratatoskr.RabbitMq/CloudEventsAmqpMapper.cs(83,9): warning MA0071: Avoid using redundant else (https://github.com/meziantou/Meziantou.Analyzer/blob/main/docs/Rules/MA0071.md) [/var/home/saithis/work/Ratatoskr/src/Ratatoskr.RabbitMq/Ratatoskr.RabbitMq.csproj]
/var/home/saithis/work/Ratatoskr/src/Ratatoskr.RabbitMq/CloudEventsAmqpMapper.cs(83,9): warning RCS1211: Remove unnecessary else clause (https://josefpihrt.github.io/docs/roslynator/analyzers/RCS1211) [/var/home/saithis/work/Ratatoskr/src/Ratatoskr.RabbitMq/Ratatoskr.RabbitMq.csproj]
/var/home/saithis/work/Ratatoskr/src/Ratatoskr.RabbitMq/CloudEventsAmqpMapper.cs(60,17): warning MA0015: 'options.ContentMode' is not a valid parameter name (https://github.com/meziantou/Meziantou.Analyzer/blob/main/docs/Rules/MA0015.md) [/var/home/saithis/work/Ratatoskr/src/Ratatoskr.RabbitMq/Ratatoskr.RabbitMq.csproj]
/var/home/saithis/work/Ratatoskr/src/Ratatoskr.RabbitMq/CloudEventsAmqpMapper.cs(165,18): warning CA1310: The behavior of 'string.StartsWith(string)' could vary based on the current user's locale settings. Replace this call in 'Ratatoskr.RabbitMq.CloudEventsAmqpMapper.MapBinaryMode(byte[], Ratatoskr.Core.MessageProperties, RabbitMQ.Client.BasicProperties)' with a call to 'string.StartsWith(string, System.StringComparison)'. (https://learn.microsoft.com/dotnet/fundamentals/code-analysis/quality-rules/ca1310) [/var/home/saithis/work/Ratatoskr/src/Ratatoskr.RabbitMq/Ratatoskr.RabbitMq.csproj]
/var/home/saithis/work/Ratatoskr/src/Ratatoskr.RabbitMq/CloudEventsAmqpMapper.cs(166,21): warning CA1310: The behavior of 'string.StartsWith(string)' could vary based on the current user's locale settings. Replace this call in 'Ratatoskr.RabbitMq.CloudEventsAmqpMapper.MapBinaryMode(byte[], Ratatoskr.Core.MessageProperties, RabbitMQ.Client.BasicProperties)' with a call to 'string.StartsWith(string, System.StringComparison)'. (https://learn.microsoft.com/dotnet/fundamentals/code-analysis/quality-rules/ca1310) [/var/home/saithis/work/Ratatoskr/src/Ratatoskr.RabbitMq/Ratatoskr.RabbitMq.csproj]
/var/home/saithis/work/Ratatoskr/src/Ratatoskr.RabbitMq/AsyncApi/RabbitMqAsyncApiBindingProvider.cs(54,45): warning MA0020: Use 'TrueForAll()' instead of 'All()' (https://github.com/meziantou/Meziantou.Analyzer/blob/main/docs/Rules/MA0020.md) [/var/home/saithis/work/Ratatoskr/src/Ratatoskr.RabbitMq/Ratatoskr.RabbitMq.csproj]
/var/home/saithis/work/Ratatoskr/src/Ratatoskr.RabbitMq/CloudEventsAmqpMapper.cs(165,18): warning MA0074: Use an overload of 'StartsWith' that has a StringComparison parameter (https://github.com/meziantou/Meziantou.Analyzer/blob/main/docs/Rules/MA0074.md) [/var/home/saithis/work/Ratatoskr/src/Ratatoskr.RabbitMq/Ratatoskr.RabbitMq.csproj]
/var/home/saithis/work/Ratatoskr/src/Ratatoskr.RabbitMq/CloudEventsAmqpMapper.cs(166,21): warning MA0074: Use an overload of 'StartsWith' that has a StringComparison parameter (https://github.com/meziantou/Meziantou.Analyzer/blob/main/docs/Rules/MA0074.md) [/var/home/saithis/work/Ratatoskr/src/Ratatoskr.RabbitMq/Ratatoskr.RabbitMq.csproj]
/var/home/saithis/work/Ratatoskr/src/Ratatoskr.RabbitMq/RabbitMqConnectionManager.cs(26,17): warning MA0084: Local variable 'options' should not hide parameter (https://github.com/meziantou/Meziantou.Analyzer/blob/main/docs/Rules/MA0084.md) [/var/home/saithis/work/Ratatoskr/src/Ratatoskr.RabbitMq/Ratatoskr.RabbitMq.csproj]
/var/home/saithis/work/Ratatoskr/src/Ratatoskr.RabbitMq/RabbitMqConsumer.cs(44,59): warning MA0020: Use 'TrueForAll()' instead of 'All()' (https://github.com/meziantou/Meziantou.Analyzer/blob/main/docs/Rules/MA0020.md) [/var/home/saithis/work/Ratatoskr/src/Ratatoskr.RabbitMq/Ratatoskr.RabbitMq.csproj]
/var/home/saithis/work/Ratatoskr/src/Ratatoskr.RabbitMq/CloudEventsAmqpMapper.cs(291,32): warning MA0011: Use an overload of 'TryParse' that has a 'System.IFormatProvider' parameter (https://github.com/meziantou/Meziantou.Analyzer/blob/main/docs/Rules/MA0011.md) [/var/home/saithis/work/Ratatoskr/src/Ratatoskr.RabbitMq/Ratatoskr.RabbitMq.csproj]
/var/home/saithis/work/Ratatoskr/src/Ratatoskr.RabbitMq/AsyncApi/RabbitMqAsyncApiBindingProvider.cs(179,9): warning RCS1118: Mark local variable as const (https://josefpihrt.github.io/docs/roslynator/analyzers/RCS1118) [/var/home/saithis/work/Ratatoskr/src/Ratatoskr.RabbitMq/Ratatoskr.RabbitMq.csproj]
/var/home/saithis/work/Ratatoskr/src/Ratatoskr.RabbitMq/RabbitMqConnectionManager.cs(148,23): warning MA0040: Use an overload with a CancellationToken, available tokens: _connection.CloseReason.CancellationToken, _sendChannel.CloseReason.CancellationToken (https://github.com/meziantou/Meziantou.Analyzer/blob/main/docs/Rules/MA0040.md) [/var/home/saithis/work/Ratatoskr/src/Ratatoskr.RabbitMq/Ratatoskr.RabbitMq.csproj]
/var/home/saithis/work/Ratatoskr/src/Ratatoskr.RabbitMq/RabbitMqConnectionManager.cs(156,19): warning MA0040: Use an overload with a CancellationToken, available tokens: _connection.CloseReason.CancellationToken, _sendChannel.CloseReason.CancellationToken (https://github.com/meziantou/Meziantou.Analyzer/blob/main/docs/Rules/MA0040.md) [/var/home/saithis/work/Ratatoskr/src/Ratatoskr.RabbitMq/Ratatoskr.RabbitMq.csproj]
/var/home/saithis/work/Ratatoskr/src/Ratatoskr.RabbitMq/RabbitMqConsumer.cs(270,27): warning MA0040: Use an overload with a CancellationToken, available tokens: channel.CloseReason.CancellationToken (https://github.com/meziantou/Meziantou.Analyzer/blob/main/docs/Rules/MA0040.md) [/var/home/saithis/work/Ratatoskr/src/Ratatoskr.RabbitMq/Ratatoskr.RabbitMq.csproj]
/var/home/saithis/work/Ratatoskr/src/Ratatoskr.RabbitMq/RabbitMqConsumer.cs(302,24): warning MA0051: Method is too long (156 lines; maximum allowed: 120) (https://github.com/meziantou/Meziantou.Analyzer/blob/main/docs/Rules/MA0051.md) [/var/home/saithis/work/Ratatoskr/src/Ratatoskr.RabbitMq/Ratatoskr.RabbitMq.csproj]
/var/home/saithis/work/Ratatoskr/src/Ratatoskr.RabbitMq/RabbitMqConsumer.cs(132,17): warning RCS1134: Remove redundant statement (https://josefpihrt.github.io/docs/roslynator/analyzers/RCS1134) [/var/home/saithis/work/Ratatoskr/src/Ratatoskr.RabbitMq/Ratatoskr.RabbitMq.csproj]
/var/home/saithis/work/Ratatoskr/src/Ratatoskr.RabbitMq/RabbitMqTopologyManager.cs(131,38): warning CA1859: Change type of variable 'queueArgs' from 'System.Collections.Generic.IDictionary<string, object?>' to 'System.Collections.Generic.Dictionary<string, object?>' for improved performance (https://learn.microsoft.com/dotnet/fundamentals/code-analysis/quality-rules/ca1859) [/var/home/saithis/work/Ratatoskr/src/Ratatoskr.RabbitMq/Ratatoskr.RabbitMq.csproj]
/var/home/saithis/work/Ratatoskr/src/Ratatoskr.RabbitMq/RabbitMqConsumer.cs(119,46): warning RCS1163: Unused parameter 'notNeededParam' (https://josefpihrt.github.io/docs/roslynator/analyzers/RCS1163) [/var/home/saithis/work/Ratatoskr/src/Ratatoskr.RabbitMq/Ratatoskr.RabbitMq.csproj]
/var/home/saithis/work/Ratatoskr/src/Ratatoskr.RabbitMq/RabbitMqConstants.cs(3,14): warning MA0036: Make class static (https://github.com/meziantou/Meziantou.Analyzer/blob/main/docs/Rules/MA0036.md) [/var/home/saithis/work/Ratatoskr/src/Ratatoskr.RabbitMq/Ratatoskr.RabbitMq.csproj]
  Ratatoskr.TestHost -> /var/home/saithis/work/Ratatoskr/tests/Ratatoskr.TestHost/bin/Debug/net10.0/Ratatoskr.TestHost.dll
  Ratatoskr.RabbitMq -> /var/home/saithis/work/Ratatoskr/src/Ratatoskr.RabbitMq/bin/Debug/net10.0/Ratatoskr.RabbitMq.dll
/var/home/saithis/work/Ratatoskr/src/Ratatoskr.EfCore/EfCoreChannelExtensions.cs(5,21): warning CS1591: Missing XML comment for publicly visible type or member 'EfCoreChannelExtensions' [/var/home/saithis/work/Ratatoskr/src/Ratatoskr.EfCore/Ratatoskr.EfCore.csproj]
/var/home/saithis/work/Ratatoskr/src/Ratatoskr.EfCore/EfCoreTransportConstants.cs(3,21): warning CS1591: Missing XML comment for publicly visible type or member 'EfCoreTransportConstants' [/var/home/saithis/work/Ratatoskr/src/Ratatoskr.EfCore/Ratatoskr.EfCore.csproj]
/var/home/saithis/work/Ratatoskr/src/Ratatoskr.EfCore/EfCoreTransportConstants.cs(5,25): warning CS1591: Missing XML comment for publicly visible type or member 'EfCoreTransportConstants.TransportName' [/var/home/saithis/work/Ratatoskr/src/Ratatoskr.EfCore/Ratatoskr.EfCore.csproj]
/var/home/saithis/work/Ratatoskr/src/Ratatoskr.EfCore/Exceptions/MessagePropertiesDeserializationException.cs(3,14): warning CS1591: Missing XML comment for publicly visible type or member 'MessagePropertiesDeserializationException' [/var/home/saithis/work/Ratatoskr/src/Ratatoskr.EfCore/Ratatoskr.EfCore.csproj]
/var/home/saithis/work/Ratatoskr/src/Ratatoskr.EfCore/Exceptions/MessagePropertiesDeserializationException.cs(3,14): warning CS1591: Missing XML comment for publicly visible type or member 'MessagePropertiesDeserializationException.MessagePropertiesDeserializationException(string, string)' [/var/home/saithis/work/Ratatoskr/src/Ratatoskr.EfCore/Ratatoskr.EfCore.csproj]
/var/home/saithis/work/Ratatoskr/src/Ratatoskr.EfCore/Exceptions/OutboxException.cs(3,14): warning CS1591: Missing XML comment for publicly visible type or member 'OutboxException' [/var/home/saithis/work/Ratatoskr/src/Ratatoskr.EfCore/Ratatoskr.EfCore.csproj]
/var/home/saithis/work/Ratatoskr/src/Ratatoskr.EfCore/Exceptions/OutboxException.cs(3,14): warning CS1591: Missing XML comment for publicly visible type or member 'OutboxException.OutboxException(string)' [/var/home/saithis/work/Ratatoskr/src/Ratatoskr.EfCore/Ratatoskr.EfCore.csproj]
/var/home/saithis/work/Ratatoskr/src/Ratatoskr.EfCore/Exceptions/MessagePropertiesDeserializationException.cs(3,14): warning RCS1194: Implement exception constructors (https://josefpihrt.github.io/docs/roslynator/analyzers/RCS1194) [/var/home/saithis/work/Ratatoskr/src/Ratatoskr.EfCore/Ratatoskr.EfCore.csproj]
/var/home/saithis/work/Ratatoskr/src/Ratatoskr.EfCore/Exceptions/OutboxException.cs(3,14): warning RCS1194: Implement exception constructors (https://josefpihrt.github.io/docs/roslynator/analyzers/RCS1194) [/var/home/saithis/work/Ratatoskr/src/Ratatoskr.EfCore/Ratatoskr.EfCore.csproj]
/var/home/saithis/work/Ratatoskr/src/Ratatoskr.EfCore/Internal/EfCoreMetricsState.cs(9,33): warning MA0008: Add StructLayoutAttribute (https://github.com/meziantou/Meziantou.Analyzer/blob/main/docs/Rules/MA0008.md) [/var/home/saithis/work/Ratatoskr/src/Ratatoskr.EfCore/Ratatoskr.EfCore.csproj]
/var/home/saithis/work/Ratatoskr/src/Ratatoskr.EfCore/Internal/InboxAcceptor.cs(230,15): warning RCS1161: Enum should declare explicit values (https://josefpihrt.github.io/docs/roslynator/analyzers/RCS1161) [/var/home/saithis/work/Ratatoskr/src/Ratatoskr.EfCore/Ratatoskr.EfCore.csproj]
/var/home/saithis/work/Ratatoskr/src/Ratatoskr.EfCore/Management/CursorHelper.cs(17,37): warning MA0008: Add StructLayoutAttribute (https://github.com/meziantou/Meziantou.Analyzer/blob/main/docs/Rules/MA0008.md) [/var/home/saithis/work/Ratatoskr/src/Ratatoskr.EfCore/Ratatoskr.EfCore.csproj]
/var/home/saithis/work/Ratatoskr/src/Ratatoskr.EfCore/Internal/OutboxTriggerInterceptor.cs(26,5): warning RCS1181: Convert comment to documentation comment (https://josefpihrt.github.io/docs/roslynator/analyzers/RCS1181) [/var/home/saithis/work/Ratatoskr/src/Ratatoskr.EfCore/Ratatoskr.EfCore.csproj]
/var/home/saithis/work/Ratatoskr/src/Ratatoskr.EfCore/Management/Endpoints/Outbox/ListPoisonedOutboxEndpoint.cs(110,14): warning RCS1077: Optimize LINQ method call (https://josefpihrt.github.io/docs/roslynator/analyzers/RCS1077) [/var/home/saithis/work/Ratatoskr/src/Ratatoskr.EfCore/Ratatoskr.EfCore.csproj]
/var/home/saithis/work/Ratatoskr/src/Ratatoskr.EfCore/Internal/BackoffCalculator.cs(25,52): warning CA5394: Random is an insecure random number generator. Use cryptographically secure random number generators when randomness is required for security. (https://learn.microsoft.com/dotnet/fundamentals/code-analysis/quality-rules/ca5394) [/var/home/saithis/work/Ratatoskr/src/Ratatoskr.EfCore/Ratatoskr.EfCore.csproj]
/var/home/saithis/work/Ratatoskr/src/Ratatoskr.EfCore/Management/Endpoints/Inbox/ListPoisonedInboxEndpoint.cs(111,25): warning RCS1077: Optimize LINQ method call (https://josefpihrt.github.io/docs/roslynator/analyzers/RCS1077) [/var/home/saithis/work/Ratatoskr/src/Ratatoskr.EfCore/Ratatoskr.EfCore.csproj]
/var/home/saithis/work/Ratatoskr/src/Ratatoskr.EfCore/Internal/ProcessorHealthCheck.cs(29,21): warning MA0111: Use string.Create instead of FormattableString (https://github.com/meziantou/Meziantou.Analyzer/blob/main/docs/Rules/MA0111.md) [/var/home/saithis/work/Ratatoskr/src/Ratatoskr.EfCore/Ratatoskr.EfCore.csproj]
/var/home/saithis/work/Ratatoskr/src/Ratatoskr.EfCore/Internal/ProcessorHealthCheck.cs(38,17): warning MA0111: Use string.Create instead of FormattableString (https://github.com/meziantou/Meziantou.Analyzer/blob/main/docs/Rules/MA0111.md) [/var/home/saithis/work/Ratatoskr/src/Ratatoskr.EfCore/Ratatoskr.EfCore.csproj]
/var/home/saithis/work/Ratatoskr/src/Ratatoskr.EfCore/Internal/PollingBackgroundService.cs(43,35): warning RCS1163: Unused parameter 'cancellationToken' (https://josefpihrt.github.io/docs/roslynator/analyzers/RCS1163) [/var/home/saithis/work/Ratatoskr/src/Ratatoskr.EfCore/Ratatoskr.EfCore.csproj]
/var/home/saithis/work/Ratatoskr/src/Ratatoskr.EfCore/Management/Endpoints/Inbox/GetInboxMessageHandlersEndpoint.cs(48,14): warning RCS1077: Optimize LINQ method call (https://josefpihrt.github.io/docs/roslynator/analyzers/RCS1077) [/var/home/saithis/work/Ratatoskr/src/Ratatoskr.EfCore/Ratatoskr.EfCore.csproj]
/var/home/saithis/work/Ratatoskr/src/Ratatoskr.EfCore/Internal/OutboxTriggerInterceptor.cs(37,62): warning MA0051: Method is too long (128 lines; maximum allowed: 120) (https://github.com/meziantou/Meziantou.Analyzer/blob/main/docs/Rules/MA0051.md) [/var/home/saithis/work/Ratatoskr/src/Ratatoskr.EfCore/Ratatoskr.EfCore.csproj]
/var/home/saithis/work/Ratatoskr/src/Ratatoskr.EfCore/Internal/OutboxTriggerInterceptor.cs(83,21): warning MA0111: Use string.Create instead of FormattableString (https://github.com/meziantou/Meziantou.Analyzer/blob/main/docs/Rules/MA0111.md) [/var/home/saithis/work/Ratatoskr/src/Ratatoskr.EfCore/Ratatoskr.EfCore.csproj]
/var/home/saithis/work/Ratatoskr/src/Ratatoskr.EfCore/Internal/InboxHandlerStatusEntity.cs(128,46): warning RCS1163: Unused parameter 'timeProvider' (https://josefpihrt.github.io/docs/roslynator/analyzers/RCS1163) [/var/home/saithis/work/Ratatoskr/src/Ratatoskr.EfCore/Ratatoskr.EfCore.csproj]
/var/home/saithis/work/Ratatoskr/src/Ratatoskr.EfCore/Internal/EfCoreMetricsBackgroundService.cs(119,30): warning CA1068: Method 'Ratatoskr.EfCore.Internal.EfCoreMetricsBackgroundService<TDbContext>.CountAsync(TDbContext, System.Threading.CancellationToken, System.Func<TDbContext, System.Threading.CancellationToken, System.Threading.Tasks.Task<long>>)' should take CancellationToken as the last parameter (https://learn.microsoft.com/dotnet/fundamentals/code-analysis/quality-rules/ca1068) [/var/home/saithis/work/Ratatoskr/src/Ratatoskr.EfCore/Ratatoskr.EfCore.csproj]
/var/home/saithis/work/Ratatoskr/src/Ratatoskr.EfCore/Internal/EfCoreMetricsBackgroundService.cs(116,66): warning MA0106: Avoid closure by using an overload with the 'factoryArgument' parameter (captured variable: serviceProvider, state, snapshot) (https://github.com/meziantou/Meziantou.Analyzer/blob/main/docs/Rules/MA0106.md) [/var/home/saithis/work/Ratatoskr/src/Ratatoskr.EfCore/Ratatoskr.EfCore.csproj]
/var/home/saithis/work/Ratatoskr/src/Ratatoskr.EfCore/Internal/EfCoreMetricsBackgroundService.cs(47,27): warning MA0042: Use 'CreateAsyncScope' instead of 'CreateScope' (https://github.com/meziantou/Meziantou.Analyzer/blob/main/docs/Rules/MA0042.md) [/var/home/saithis/work/Ratatoskr/src/Ratatoskr.EfCore/Ratatoskr.EfCore.csproj]
/var/home/saithis/work/Ratatoskr/src/Ratatoskr.EfCore/Internal/InboxAcceptor.cs(28,43): warning MA0051: Method is too long (135 lines; maximum allowed: 120) (https://github.com/meziantou/Meziantou.Analyzer/blob/main/docs/Rules/MA0051.md) [/var/home/saithis/work/Ratatoskr/src/Ratatoskr.EfCore/Ratatoskr.EfCore.csproj]
/var/home/saithis/work/Ratatoskr/src/Ratatoskr.EfCore/Internal/InboxMessageProcessor.cs(36,28): warning MA0051: Method is too long (260 lines; maximum allowed: 120) (https://github.com/meziantou/Meziantou.Analyzer/blob/main/docs/Rules/MA0051.md) [/var/home/saithis/work/Ratatoskr/src/Ratatoskr.EfCore/Ratatoskr.EfCore.csproj]
/var/home/saithis/work/Ratatoskr/src/Ratatoskr.EfCore/Internal/OutboxMessageProcessor.cs(38,28): warning MA0051: Method is too long (232 lines; maximum allowed: 120) (https://github.com/meziantou/Meziantou.Analyzer/blob/main/docs/Rules/MA0051.md) [/var/home/saithis/work/Ratatoskr/src/Ratatoskr.EfCore/Ratatoskr.EfCore.csproj]
  Ratatoskr.EfCore -> /var/home/saithis/work/Ratatoskr/src/Ratatoskr.EfCore/bin/Debug/net10.0/Ratatoskr.EfCore.dll
/var/home/saithis/work/Ratatoskr/examples/Docs/Program.cs(136,20): warning MA0042: Use 'CreateAsyncScope' instead of 'CreateScope' (https://github.com/meziantou/Meziantou.Analyzer/blob/main/docs/Rules/MA0042.md) [/var/home/saithis/work/Ratatoskr/examples/Docs/Docs.csproj]
  Docs -> /var/home/saithis/work/Ratatoskr/examples/Docs/bin/Debug/net10.0/Docs.dll
/var/home/saithis/work/Ratatoskr/examples/PlaygroundHost/Infrastructure/OutboxSendFailureKind.cs(3,13): warning RCS1161: Enum should declare explicit values (https://josefpihrt.github.io/docs/roslynator/analyzers/RCS1161) [/var/home/saithis/work/Ratatoskr/examples/PlaygroundHost/PlaygroundHost.csproj]
/var/home/saithis/work/Ratatoskr/examples/PlaygroundHost/Persistence/Entities/Order.cs(14,13): warning RCS1161: Enum should declare explicit values (https://josefpihrt.github.io/docs/roslynator/analyzers/RCS1161) [/var/home/saithis/work/Ratatoskr/examples/PlaygroundHost/PlaygroundHost.csproj]
/var/home/saithis/work/Ratatoskr/examples/PlaygroundHost/Scenarios/Inbox/InboxRetryThenSuccessScenario.cs(118,86): warning MA0002: Use an overload that has a IEqualityComparer<string> or IComparer<string> parameter (https://github.com/meziantou/Meziantou.Analyzer/blob/main/docs/Rules/MA0002.md) [/var/home/saithis/work/Ratatoskr/examples/PlaygroundHost/PlaygroundHost.csproj]
/var/home/saithis/work/Ratatoskr/examples/PlaygroundHost/Scenarios/Tests/CancelSmokeScenario.cs(32,40): warning MA0003: Name the parameter to improve code readability (https://github.com/meziantou/Meziantou.Analyzer/blob/main/docs/Rules/MA0003.md) [/var/home/saithis/work/Ratatoskr/examples/PlaygroundHost/PlaygroundHost.csproj]
/var/home/saithis/work/Ratatoskr/examples/PlaygroundHost/Scenarios/Tests/CancelSmokeScenario.cs(35,36): warning MA0003: Name the parameter to improve code readability (https://github.com/meziantou/Meziantou.Analyzer/blob/main/docs/Rules/MA0003.md) [/var/home/saithis/work/Ratatoskr/examples/PlaygroundHost/PlaygroundHost.csproj]
/var/home/saithis/work/Ratatoskr/examples/PlaygroundHost/Scenarios/Tests/BlockingHoldScenario.cs(32,36): warning MA0003: Name the parameter to improve code readability (https://github.com/meziantou/Meziantou.Analyzer/blob/main/docs/Rules/MA0003.md) [/var/home/saithis/work/Ratatoskr/examples/PlaygroundHost/PlaygroundHost.csproj]
/var/home/saithis/work/Ratatoskr/examples/PlaygroundHost/Scenarios/Tests/BlockingHoldScenario.cs(31,15): warning MA0166: Use an overload with a TimeProvider, available tokens: context.TimeProvider (https://github.com/meziantou/Meziantou.Analyzer/blob/main/docs/Rules/MA0166.md) [/var/home/saithis/work/Ratatoskr/examples/PlaygroundHost/PlaygroundHost.csproj]
/var/home/saithis/work/Ratatoskr/examples/PlaygroundHost/Scenarios/Tests/CancelSmokeScenario.cs(28,19): warning MA0166: Use an overload with a TimeProvider, available tokens: context.TimeProvider (https://github.com/meziantou/Meziantou.Analyzer/blob/main/docs/Rules/MA0166.md) [/var/home/saithis/work/Ratatoskr/examples/PlaygroundHost/PlaygroundHost.csproj]
/var/home/saithis/work/Ratatoskr/examples/PlaygroundHost/Scenarios/Other/FanoutTwoHandlersOnOrderplacedScenario.cs(113,40): warning MA0003: Name the parameter to improve code readability (https://github.com/meziantou/Meziantou.Analyzer/blob/main/docs/Rules/MA0003.md) [/var/home/saithis/work/Ratatoskr/examples/PlaygroundHost/PlaygroundHost.csproj]
/var/home/saithis/work/Ratatoskr/examples/PlaygroundHost/Scenarios/Other/FanoutTwoHandlersOnOrderplacedScenario.cs(119,13): warning MA0003: Name the parameter to improve code readability (https://github.com/meziantou/Meziantou.Analyzer/blob/main/docs/Rules/MA0003.md) [/var/home/saithis/work/Ratatoskr/examples/PlaygroundHost/PlaygroundHost.csproj]
/var/home/saithis/work/Ratatoskr/examples/PlaygroundHost/Infrastructure/PlaygroundSqlMetrics.cs(27,13): warning MA0136: Raw String contains an implicit end of line character (https://github.com/meziantou/Meziantou.Analyzer/blob/main/docs/Rules/MA0136.md) [/var/home/saithis/work/Ratatoskr/examples/PlaygroundHost/PlaygroundHost.csproj]
/var/home/saithis/work/Ratatoskr/examples/PlaygroundHost/Infrastructure/PlaygroundSqlMetrics.cs(43,13): warning MA0136: Raw String contains an implicit end of line character (https://github.com/meziantou/Meziantou.Analyzer/blob/main/docs/Rules/MA0136.md) [/var/home/saithis/work/Ratatoskr/examples/PlaygroundHost/PlaygroundHost.csproj]
/var/home/saithis/work/Ratatoskr/examples/PlaygroundHost/Infrastructure/PlaygroundSqlMetrics.cs(58,13): warning MA0136: Raw String contains an implicit end of line character (https://github.com/meziantou/Meziantou.Analyzer/blob/main/docs/Rules/MA0136.md) [/var/home/saithis/work/Ratatoskr/examples/PlaygroundHost/PlaygroundHost.csproj]
/var/home/saithis/work/Ratatoskr/examples/PlaygroundHost/Scenarios/DirectConsume/DirectConsumeSuccessScenario.cs(90,31): warning CA1725: In member Task DirectWorkHandler.HandleAsync(DirectWork message, MessageProperties _, CancellationToken cancellationToken), change parameter name _ to properties in order to match the identifier as it has been declared in Task IMessageHandler<DirectWork>.HandleAsync(DirectWork message, MessageProperties properties, CancellationToken cancellationToken) (https://learn.microsoft.com/dotnet/fundamentals/code-analysis/quality-rules/ca1725) [/var/home/saithis/work/Ratatoskr/examples/PlaygroundHost/PlaygroundHost.csproj]
/var/home/saithis/work/Ratatoskr/examples/PlaygroundHost/Scenarios/DirectConsume/DirectConsumeSuccessScenario.cs(90,31): warning RCS1168: Parameter name '_' differs from base name 'properties' (https://josefpihrt.github.io/docs/roslynator/analyzers/RCS1168) [/var/home/saithis/work/Ratatoskr/examples/PlaygroundHost/PlaygroundHost.csproj]
/var/home/saithis/work/Ratatoskr/examples/PlaygroundHost/Infrastructure/ScenarioRunning/IScenarioExtensions.cs(12,9): warning RCS1175: Unused 'this' parameter 'scenario' (https://josefpihrt.github.io/docs/roslynator/analyzers/RCS1175) [/var/home/saithis/work/Ratatoskr/examples/PlaygroundHost/PlaygroundHost.csproj]
/var/home/saithis/work/Ratatoskr/examples/PlaygroundHost/Scenarios/Outbox/OversizedPayloadRollsBackScenario.cs(54,17): warning MA0003: Name the parameter to improve code readability (https://github.com/meziantou/Meziantou.Analyzer/blob/main/docs/Rules/MA0003.md) [/var/home/saithis/work/Ratatoskr/examples/PlaygroundHost/PlaygroundHost.csproj]
/var/home/saithis/work/Ratatoskr/examples/PlaygroundHost/Scenarios/Outbox/OversizedPayloadRollsBackScenario.cs(67,21): warning MA0003: Name the parameter to improve code readability (https://github.com/meziantou/Meziantou.Analyzer/blob/main/docs/Rules/MA0003.md) [/var/home/saithis/work/Ratatoskr/examples/PlaygroundHost/PlaygroundHost.csproj]
/var/home/saithis/work/Ratatoskr/examples/PlaygroundHost/Scenarios/Outbox/OversizedPayloadRollsBackScenario.cs(70,39): warning MA0003: Name the parameter to improve code readability (https://github.com/meziantou/Meziantou.Analyzer/blob/main/docs/Rules/MA0003.md) [/var/home/saithis/work/Ratatoskr/examples/PlaygroundHost/PlaygroundHost.csproj]
/var/home/saithis/work/Ratatoskr/examples/PlaygroundHost/Scenarios/Other/FanoutTwoHandlersOnOrderplacedScenario.cs(120,89): warning MA0076: Do not use implicit culture-sensitive ToString in interpolated strings (https://github.com/meziantou/Meziantou.Analyzer/blob/main/docs/Rules/MA0076.md) [/var/home/saithis/work/Ratatoskr/examples/PlaygroundHost/PlaygroundHost.csproj]
/var/home/saithis/work/Ratatoskr/examples/PlaygroundHost/Infrastructure/ScenarioRunning/ScenarioAssertions.cs(29,19): warning MA0166: Use an overload with a TimeProvider, available tokens: time (https://github.com/meziantou/Meziantou.Analyzer/blob/main/docs/Rules/MA0166.md) [/var/home/saithis/work/Ratatoskr/examples/PlaygroundHost/PlaygroundHost.csproj]
/var/home/saithis/work/Ratatoskr/examples/PlaygroundHost/Infrastructure/ScenarioRunning/ScenarioRunService.cs(47,14): warning MA0002: Use an overload that has a IEqualityComparer<string> or IComparer<string> parameter (https://github.com/meziantou/Meziantou.Analyzer/blob/main/docs/Rules/MA0002.md) [/var/home/saithis/work/Ratatoskr/examples/PlaygroundHost/PlaygroundHost.csproj]
/var/home/saithis/work/Ratatoskr/examples/PlaygroundHost/Infrastructure/ScenarioRunning/ScenarioAssertions.cs(69,17): warning MA0003: Name the parameter to improve code readability (https://github.com/meziantou/Meziantou.Analyzer/blob/main/docs/Rules/MA0003.md) [/var/home/saithis/work/Ratatoskr/examples/PlaygroundHost/PlaygroundHost.csproj]
/var/home/saithis/work/Ratatoskr/examples/PlaygroundHost/Infrastructure/ScenarioRunning/ScenarioAssertions.cs(76,13): warning MA0003: Name the parameter to improve code readability (https://github.com/meziantou/Meziantou.Analyzer/blob/main/docs/Rules/MA0003.md) [/var/home/saithis/work/Ratatoskr/examples/PlaygroundHost/PlaygroundHost.csproj]
/var/home/saithis/work/Ratatoskr/examples/PlaygroundHost/Infrastructure/ScenarioRunning/IScenarioExtensions.cs(23,9): warning RCS1175: Unused 'this' parameter 'scenario' (https://josefpihrt.github.io/docs/roslynator/analyzers/RCS1175) [/var/home/saithis/work/Ratatoskr/examples/PlaygroundHost/PlaygroundHost.csproj]
/var/home/saithis/work/Ratatoskr/examples/PlaygroundHost/Infrastructure/ScenarioRunning/ScenarioAssertions.cs(77,85): warning MA0076: Do not use implicit culture-sensitive ToString in interpolated strings (https://github.com/meziantou/Meziantou.Analyzer/blob/main/docs/Rules/MA0076.md) [/var/home/saithis/work/Ratatoskr/examples/PlaygroundHost/PlaygroundHost.csproj]
/var/home/saithis/work/Ratatoskr/examples/PlaygroundHost/Infrastructure/ScenarioRunning/ScenarioAssertions.cs(77,112): warning MA0076: Do not use implicit culture-sensitive ToString in interpolated strings (https://github.com/meziantou/Meziantou.Analyzer/blob/main/docs/Rules/MA0076.md) [/var/home/saithis/work/Ratatoskr/examples/PlaygroundHost/PlaygroundHost.csproj]
/var/home/saithis/work/Ratatoskr/examples/PlaygroundHost/Infrastructure/ScenarioRunning/IScenarioExtensions.cs(43,9): warning RCS1175: Unused 'this' parameter 'scenario' (https://josefpihrt.github.io/docs/roslynator/analyzers/RCS1175) [/var/home/saithis/work/Ratatoskr/examples/PlaygroundHost/PlaygroundHost.csproj]
/var/home/saithis/work/Ratatoskr/examples/PlaygroundHost/Infrastructure/ScenarioRunning/ScenarioAssertions.cs(119,17): warning MA0003: Name the parameter to improve code readability (https://github.com/meziantou/Meziantou.Analyzer/blob/main/docs/Rules/MA0003.md) [/var/home/saithis/work/Ratatoskr/examples/PlaygroundHost/PlaygroundHost.csproj]
/var/home/saithis/work/Ratatoskr/examples/PlaygroundHost/Infrastructure/ScenarioRunning/ScenarioAssertions.cs(130,13): warning MA0003: Name the parameter to improve code readability (https://github.com/meziantou/Meziantou.Analyzer/blob/main/docs/Rules/MA0003.md) [/var/home/saithis/work/Ratatoskr/examples/PlaygroundHost/PlaygroundHost.csproj]
/var/home/saithis/work/Ratatoskr/examples/PlaygroundHost/Infrastructure/ScenarioRunning/ScenarioRunService.cs(58,44): warning MA0003: Name the parameter to improve code readability (https://github.com/meziantou/Meziantou.Analyzer/blob/main/docs/Rules/MA0003.md) [/var/home/saithis/work/Ratatoskr/examples/PlaygroundHost/PlaygroundHost.csproj]
/var/home/saithis/work/Ratatoskr/examples/PlaygroundHost/Infrastructure/ScenarioRunning/ScenarioRunService.cs(58,50): warning MA0003: Name the parameter to improve code readability (https://github.com/meziantou/Meziantou.Analyzer/blob/main/docs/Rules/MA0003.md) [/var/home/saithis/work/Ratatoskr/examples/PlaygroundHost/PlaygroundHost.csproj]
/var/home/saithis/work/Ratatoskr/examples/PlaygroundHost/Infrastructure/ScenarioRunning/ScenarioRunService.cs(64,17): warning MA0003: Name the parameter to improve code readability (https://github.com/meziantou/Meziantou.Analyzer/blob/main/docs/Rules/MA0003.md) [/var/home/saithis/work/Ratatoskr/examples/PlaygroundHost/PlaygroundHost.csproj]
/var/home/saithis/work/Ratatoskr/examples/PlaygroundHost/Infrastructure/ScenarioRunning/ScenarioRunService.cs(65,17): warning MA0003: Name the parameter to improve code readability (https://github.com/meziantou/Meziantou.Analyzer/blob/main/docs/Rules/MA0003.md) [/var/home/saithis/work/Ratatoskr/examples/PlaygroundHost/PlaygroundHost.csproj]
/var/home/saithis/work/Ratatoskr/examples/PlaygroundHost/Scenarios/Inbox/InboxRetryThenSuccessScenario.cs(157,31): warning CA1725: In member Task OrderFulfilledHandler.HandleAsync(OrderFulfilled message, MessageProperties _, CancellationToken cancellationToken), change parameter name _ to properties in order to match the identifier as it has been declared in Task IMessageHandler<OrderFulfilled>.HandleAsync(OrderFulfilled message, MessageProperties properties, CancellationToken cancellationToken) (https://learn.microsoft.com/dotnet/fundamentals/code-analysis/quality-rules/ca1725) [/var/home/saithis/work/Ratatoskr/examples/PlaygroundHost/PlaygroundHost.csproj]
/var/home/saithis/work/Ratatoskr/examples/PlaygroundHost/Scenarios/Inbox/InboxRetryThenSuccessScenario.cs(157,31): warning RCS1168: Parameter name '_' differs from base name 'properties' (https://josefpihrt.github.io/docs/roslynator/analyzers/RCS1168) [/var/home/saithis/work/Ratatoskr/examples/PlaygroundHost/PlaygroundHost.csproj]
/var/home/saithis/work/Ratatoskr/examples/PlaygroundHost/Scenarios/Outbox/OutboxSuccessScenario.cs(137,31): warning CA1725: In member Task OrderFulfilledHandler.HandleAsync(OrderFulfilled message, MessageProperties _, CancellationToken cancellationToken), change parameter name _ to properties in order to match the identifier as it has been declared in Task IMessageHandler<OrderFulfilled>.HandleAsync(OrderFulfilled message, MessageProperties properties, CancellationToken cancellationToken) (https://learn.microsoft.com/dotnet/fundamentals/code-analysis/quality-rules/ca1725) [/var/home/saithis/work/Ratatoskr/examples/PlaygroundHost/PlaygroundHost.csproj]
/var/home/saithis/work/Ratatoskr/examples/PlaygroundHost/Scenarios/Outbox/OutboxSuccessScenario.cs(137,31): warning RCS1168: Parameter name '_' differs from base name 'properties' (https://josefpihrt.github.io/docs/roslynator/analyzers/RCS1168) [/var/home/saithis/work/Ratatoskr/examples/PlaygroundHost/PlaygroundHost.csproj]
/var/home/saithis/work/Ratatoskr/examples/PlaygroundHost/Infrastructure/ScenarioRunning/ScenarioAssertions.cs(155,44): warning MA0003: Name the parameter to improve code readability (https://github.com/meziantou/Meziantou.Analyzer/blob/main/docs/Rules/MA0003.md) [/var/home/saithis/work/Ratatoskr/examples/PlaygroundHost/PlaygroundHost.csproj]
/var/home/saithis/work/Ratatoskr/examples/PlaygroundHost/Infrastructure/ScenarioRunning/ScenarioAssertions.cs(167,13): warning MA0003: Name the parameter to improve code readability (https://github.com/meziantou/Meziantou.Analyzer/blob/main/docs/Rules/MA0003.md) [/var/home/saithis/work/Ratatoskr/examples/PlaygroundHost/PlaygroundHost.csproj]
/var/home/saithis/work/Ratatoskr/examples/PlaygroundHost/Infrastructure/ScenarioRunning/IScenarioExtensions.cs(78,9): warning RCS1175: Unused 'this' parameter 'scenario' (https://josefpihrt.github.io/docs/roslynator/analyzers/RCS1175) [/var/home/saithis/work/Ratatoskr/examples/PlaygroundHost/PlaygroundHost.csproj]
/var/home/saithis/work/Ratatoskr/examples/PlaygroundHost/Scenarios/Other/EfcoreInternalCommandScenario.cs(90,35): warning MA0003: Name the parameter to improve code readability (https://github.com/meziantou/Meziantou.Analyzer/blob/main/docs/Rules/MA0003.md) [/var/home/saithis/work/Ratatoskr/examples/PlaygroundHost/PlaygroundHost.csproj]
/var/home/saithis/work/Ratatoskr/examples/PlaygroundHost/Scenarios/Other/EfcoreInternalCommandScenario.cs(92,17): warning MA0003: Name the parameter to improve code readability (https://github.com/meziantou/Meziantou.Analyzer/blob/main/docs/Rules/MA0003.md) [/var/home/saithis/work/Ratatoskr/examples/PlaygroundHost/PlaygroundHost.csproj]
/var/home/saithis/work/Ratatoskr/examples/PlaygroundHost/Infrastructure/ScenarioRunning/ScenarioAssertions.cs(158,19): warning MA0166: Use an overload with a TimeProvider, available tokens: time (https://github.com/meziantou/Meziantou.Analyzer/blob/main/docs/Rules/MA0166.md) [/var/home/saithis/work/Ratatoskr/examples/PlaygroundHost/PlaygroundHost.csproj]
/var/home/saithis/work/Ratatoskr/examples/PlaygroundHost/Scenarios/Inbox/BusinessRejectionScenario.cs(141,31): warning CA1725: In member Task OrderFailedHandler.HandleAsync(OrderFailed message, MessageProperties _, CancellationToken cancellationToken), change parameter name _ to properties in order to match the identifier as it has been declared in Task IMessageHandler<OrderFailed>.HandleAsync(OrderFailed message, MessageProperties properties, CancellationToken cancellationToken) (https://learn.microsoft.com/dotnet/fundamentals/code-analysis/quality-rules/ca1725) [/var/home/saithis/work/Ratatoskr/examples/PlaygroundHost/PlaygroundHost.csproj]
/var/home/saithis/work/Ratatoskr/examples/PlaygroundHost/Scenarios/Inbox/BusinessRejectionScenario.cs(141,31): warning RCS1168: Parameter name '_' differs from base name 'properties' (https://josefpihrt.github.io/docs/roslynator/analyzers/RCS1168) [/var/home/saithis/work/Ratatoskr/examples/PlaygroundHost/PlaygroundHost.csproj]
/var/home/saithis/work/Ratatoskr/examples/PlaygroundHost/Scenarios/Inbox/InboxDedupsScenario.cs(113,17): warning MA0003: Name the parameter to improve code readability (https://github.com/meziantou/Meziantou.Analyzer/blob/main/docs/Rules/MA0003.md) [/var/home/saithis/work/Ratatoskr/examples/PlaygroundHost/PlaygroundHost.csproj]
/var/home/saithis/work/Ratatoskr/examples/PlaygroundHost/Scenarios/Inbox/InboxDedupsScenario.cs(117,17): warning MA0003: Name the parameter to improve code readability (https://github.com/meziantou/Meziantou.Analyzer/blob/main/docs/Rules/MA0003.md) [/var/home/saithis/work/Ratatoskr/examples/PlaygroundHost/PlaygroundHost.csproj]
/var/home/saithis/work/Ratatoskr/examples/PlaygroundHost/Scenarios/Other/EfcoreInternalCommandScenario.cs(76,15): warning MA0166: Use an overload with a TimeProvider, available tokens: context.TimeProvider (https://github.com/meziantou/Meziantou.Analyzer/blob/main/docs/Rules/MA0166.md) [/var/home/saithis/work/Ratatoskr/examples/PlaygroundHost/PlaygroundHost.csproj]
/var/home/saithis/work/Ratatoskr/examples/PlaygroundHost/Scenarios/Outbox/OutboxRetryThenSuccessScenario.cs(146,31): warning CA1725: In member Task OrderFulfilledHandler.HandleAsync(OrderFulfilled message, MessageProperties _, CancellationToken cancellationToken), change parameter name _ to properties in order to match the identifier as it has been declared in Task IMessageHandler<OrderFulfilled>.HandleAsync(OrderFulfilled message, MessageProperties properties, CancellationToken cancellationToken) (https://learn.microsoft.com/dotnet/fundamentals/code-analysis/quality-rules/ca1725) [/var/home/saithis/work/Ratatoskr/examples/PlaygroundHost/PlaygroundHost.csproj]
/var/home/saithis/work/Ratatoskr/examples/PlaygroundHost/Scenarios/Outbox/OutboxRetryThenSuccessScenario.cs(146,31): warning RCS1168: Parameter name '_' differs from base name 'properties' (https://josefpihrt.github.io/docs/roslynator/analyzers/RCS1168) [/var/home/saithis/work/Ratatoskr/examples/PlaygroundHost/PlaygroundHost.csproj]
/var/home/saithis/work/Ratatoskr/examples/PlaygroundHost/Scenarios/Inbox/InboxDedupsScenario.cs(131,21): warning MA0007: Add comma after the last value (https://github.com/meziantou/Meziantou.Analyzer/blob/main/docs/Rules/MA0007.md) [/var/home/saithis/work/Ratatoskr/examples/PlaygroundHost/PlaygroundHost.csproj]
/var/home/saithis/work/Ratatoskr/examples/PlaygroundHost/Scenarios/Inbox/InboxDedupsScenario.cs(139,21): warning MA0007: Add comma after the last value (https://github.com/meziantou/Meziantou.Analyzer/blob/main/docs/Rules/MA0007.md) [/var/home/saithis/work/Ratatoskr/examples/PlaygroundHost/PlaygroundHost.csproj]
/var/home/saithis/work/Ratatoskr/examples/PlaygroundHost/Scenarios/Inbox/InboxDedupsScenario.cs(129,34): warning MA0127: Use string.Equals instead of 'is' pattern (https://github.com/meziantou/Meziantou.Analyzer/blob/main/docs/Rules/MA0127.md) [/var/home/saithis/work/Ratatoskr/examples/PlaygroundHost/PlaygroundHost.csproj]
/var/home/saithis/work/Ratatoskr/examples/PlaygroundHost/Scenarios/Inbox/InboxDedupsScenario.cs(130,28): warning MA0127: Use string.Equals instead of 'is' pattern (https://github.com/meziantou/Meziantou.Analyzer/blob/main/docs/Rules/MA0127.md) [/var/home/saithis/work/Ratatoskr/examples/PlaygroundHost/PlaygroundHost.csproj]
/var/home/saithis/work/Ratatoskr/examples/PlaygroundHost/Scenarios/Inbox/InboxDedupsScenario.cs(137,34): warning MA0127: Use string.Equals instead of 'is' pattern (https://github.com/meziantou/Meziantou.Analyzer/blob/main/docs/Rules/MA0127.md) [/var/home/saithis/work/Ratatoskr/examples/PlaygroundHost/PlaygroundHost.csproj]
/var/home/saithis/work/Ratatoskr/examples/PlaygroundHost/Scenarios/Inbox/InboxDedupsScenario.cs(138,28): warning MA0127: Use string.Equals instead of 'is' pattern (https://github.com/meziantou/Meziantou.Analyzer/blob/main/docs/Rules/MA0127.md) [/var/home/saithis/work/Ratatoskr/examples/PlaygroundHost/PlaygroundHost.csproj]
/var/home/saithis/work/Ratatoskr/examples/PlaygroundHost/Scenarios/Inbox/InboxDedupsScenario.cs(139,37): warning MA0127: Use string.Equals instead of 'is' pattern (https://github.com/meziantou/Meziantou.Analyzer/blob/main/docs/Rules/MA0127.md) [/var/home/saithis/work/Ratatoskr/examples/PlaygroundHost/PlaygroundHost.csproj]
/var/home/saithis/work/Ratatoskr/examples/PlaygroundHost/Infrastructure/ScenarioRunning/ScenarioRunService.cs(204,29): warning MA0040: Use an overload with a CancellationToken, available tokens: hostLifetime.ApplicationStarted, hostLifetime.ApplicationStopped, hostLifetime.ApplicationStopping (https://github.com/meziantou/Meziantou.Analyzer/blob/main/docs/Rules/MA0040.md) [/var/home/saithis/work/Ratatoskr/examples/PlaygroundHost/PlaygroundHost.csproj]
/var/home/saithis/work/Ratatoskr/examples/PlaygroundHost/Infrastructure/ScenarioRunning/ScenarioRunService.cs(213,19): warning MA0040: Use an overload with a CancellationToken, available tokens: hostLifetime.ApplicationStarted, hostLifetime.ApplicationStopped, hostLifetime.ApplicationStopping (https://github.com/meziantou/Meziantou.Analyzer/blob/main/docs/Rules/MA0040.md) [/var/home/saithis/work/Ratatoskr/examples/PlaygroundHost/PlaygroundHost.csproj]
/var/home/saithis/work/Ratatoskr/examples/PlaygroundHost/Scenarios/Inbox/InboxDedupsScenario.cs(118,67): warning MA0076: Do not use implicit culture-sensitive ToString in interpolated strings (https://github.com/meziantou/Meziantou.Analyzer/blob/main/docs/Rules/MA0076.md) [/var/home/saithis/work/Ratatoskr/examples/PlaygroundHost/PlaygroundHost.csproj]
/var/home/saithis/work/Ratatoskr/examples/PlaygroundHost/Scenarios/Inbox/InboxDedupsScenario.cs(118,83): warning MA0076: Do not use implicit culture-sensitive ToString in interpolated strings (https://github.com/meziantou/Meziantou.Analyzer/blob/main/docs/Rules/MA0076.md) [/var/home/saithis/work/Ratatoskr/examples/PlaygroundHost/PlaygroundHost.csproj]
/var/home/saithis/work/Ratatoskr/examples/PlaygroundHost/Infrastructure/ScenarioRunning/ScenarioRunService.cs(244,45): warning MA0127: Use string.Equals instead of 'is' pattern (https://github.com/meziantou/Meziantou.Analyzer/blob/main/docs/Rules/MA0127.md) [/var/home/saithis/work/Ratatoskr/examples/PlaygroundHost/PlaygroundHost.csproj]
/var/home/saithis/work/Ratatoskr/examples/PlaygroundHost/Infrastructure/ScenarioRunning/ScenarioRunService.cs(244,57): warning MA0127: Use string.Equals instead of 'is' pattern (https://github.com/meziantou/Meziantou.Analyzer/blob/main/docs/Rules/MA0127.md) [/var/home/saithis/work/Ratatoskr/examples/PlaygroundHost/PlaygroundHost.csproj]
/var/home/saithis/work/Ratatoskr/examples/PlaygroundHost/Infrastructure/ScenarioRunning/ScenarioRunService.cs(244,69): warning MA0127: Use string.Equals instead of 'is' pattern (https://github.com/meziantou/Meziantou.Analyzer/blob/main/docs/Rules/MA0127.md) [/var/home/saithis/work/Ratatoskr/examples/PlaygroundHost/PlaygroundHost.csproj]
/var/home/saithis/work/Ratatoskr/examples/PlaygroundHost/Scenarios/Inbox/InboxDedupsScenario.cs(93,15): warning MA0166: Use an overload with a TimeProvider, available tokens: context.TimeProvider (https://github.com/meziantou/Meziantou.Analyzer/blob/main/docs/Rules/MA0166.md) [/var/home/saithis/work/Ratatoskr/examples/PlaygroundHost/PlaygroundHost.csproj]
/var/home/saithis/work/Ratatoskr/examples/PlaygroundHost/Program.cs(230,24): warning MA0042: Use 'CreateAsyncScope' instead of 'CreateScope' (https://github.com/meziantou/Meziantou.Analyzer/blob/main/docs/Rules/MA0042.md) [/var/home/saithis/work/Ratatoskr/examples/PlaygroundHost/PlaygroundHost.csproj]
/var/home/saithis/work/Ratatoskr/examples/PlaygroundHost/Program.cs(34,1): warning ASP0025: Use AddAuthorizationBuilder to register authorization services and construct policies (https://aka.ms/aspnet/analyzers) [/var/home/saithis/work/Ratatoskr/examples/PlaygroundHost/PlaygroundHost.csproj]
/var/home/saithis/work/Ratatoskr/examples/PlaygroundHost/PlaygroundHostAppMarker.cs(7,21): warning MA0036: Make class static (https://github.com/meziantou/Meziantou.Analyzer/blob/main/docs/Rules/MA0036.md) [/var/home/saithis/work/Ratatoskr/examples/PlaygroundHost/PlaygroundHost.csproj]
  PlaygroundHost -> /var/home/saithis/work/Ratatoskr/examples/PlaygroundHost/bin/Debug/net10.0/PlaygroundHost.dll
/var/home/saithis/work/Ratatoskr/examples/AppHost/Program.cs(36,1): warning MA0042: Use 'RunAsync' instead of 'Run' (https://github.com/meziantou/Meziantou.Analyzer/blob/main/docs/Rules/MA0042.md) [/var/home/saithis/work/Ratatoskr/examples/AppHost/AppHost.csproj]
  AppHost -> /var/home/saithis/work/Ratatoskr/examples/AppHost/bin/Debug/net10.0/AppHost.dll
/var/home/saithis/work/Ratatoskr/tests/Ratatoskr.Tests/Integration/MultiDbContextTests.cs(18,40): warning CS9107: Parameter 'PostgresContainerFixture postgres' is captured into the state of the enclosing type and its value is also passed to the base constructor. The value might be captured by the base class as well. [/var/home/saithis/work/Ratatoskr/tests/Ratatoskr.Tests/Ratatoskr.Tests.csproj]
/var/home/saithis/work/Ratatoskr/tests/Ratatoskr.Tests/AsyncApi/AsyncApiTestMessages.cs(34,1): warning RCS1181: Convert comment to documentation comment (https://josefpihrt.github.io/docs/roslynator/analyzers/RCS1181) [/var/home/saithis/work/Ratatoskr/tests/Ratatoskr.Tests/Ratatoskr.Tests.csproj]
/var/home/saithis/work/Ratatoskr/tests/Ratatoskr.Tests/AsyncApi/AsyncApiTestMessages.cs(58,13): warning RCS1161: Enum should declare explicit values (https://josefpihrt.github.io/docs/roslynator/analyzers/RCS1161) [/var/home/saithis/work/Ratatoskr/tests/Ratatoskr.Tests/Ratatoskr.Tests.csproj]
/var/home/saithis/work/Ratatoskr/tests/Ratatoskr.Tests/Fixtures/TestMessages.cs(52,1): warning RCS1181: Convert comment to documentation comment (https://josefpihrt.github.io/docs/roslynator/analyzers/RCS1181) [/var/home/saithis/work/Ratatoskr/tests/Ratatoskr.Tests/Ratatoskr.Tests.csproj]
/var/home/saithis/work/Ratatoskr/tests/Ratatoskr.Tests/AsyncApi/AsyncApiTestMessages.cs(7,1): warning RCS1181: Convert comment to documentation comment (https://josefpihrt.github.io/docs/roslynator/analyzers/RCS1181) [/var/home/saithis/work/Ratatoskr/tests/Ratatoskr.Tests/Ratatoskr.Tests.csproj]
/var/home/saithis/work/Ratatoskr/tests/Ratatoskr.Tests/AsyncApi/JsonSchemaGeneratorTests.cs(50,78): warning MA0002: Use an overload that has a IEqualityComparer<string> or IComparer<string> parameter (https://github.com/meziantou/Meziantou.Analyzer/blob/main/docs/Rules/MA0002.md) [/var/home/saithis/work/Ratatoskr/tests/Ratatoskr.Tests/Ratatoskr.Tests.csproj]
/var/home/saithis/work/Ratatoskr/tests/Ratatoskr.Tests/Integration/Inbox/InboxScopeAndIsolationTests.cs(163,74): warning MA0002: Use an overload that has a IEqualityComparer<string> or IComparer<string> parameter (https://github.com/meziantou/Meziantou.Analyzer/blob/main/docs/Rules/MA0002.md) [/var/home/saithis/work/Ratatoskr/tests/Ratatoskr.Tests/Ratatoskr.Tests.csproj]
/var/home/saithis/work/Ratatoskr/tests/Ratatoskr.Tests/Integration/Outbox/OutboxDurabilityTests.cs(860,30): warning RCS1085: Use auto-implemented property (https://josefpihrt.github.io/docs/roslynator/analyzers/RCS1085) [/var/home/saithis/work/Ratatoskr/tests/Ratatoskr.Tests/Ratatoskr.Tests.csproj]
/var/home/saithis/work/Ratatoskr/tests/Ratatoskr.Tests/AsyncApi/JsonSchemaGeneratorTests.cs(85,26): warning MA0002: Use an overload that has a IEqualityComparer<string> or IComparer<string> parameter (https://github.com/meziantou/Meziantou.Analyzer/blob/main/docs/Rules/MA0002.md) [/var/home/saithis/work/Ratatoskr/tests/Ratatoskr.Tests/Ratatoskr.Tests.csproj]
/var/home/saithis/work/Ratatoskr/tests/Ratatoskr.Tests/AsyncApi/AsyncApiDocumentGeneratorTests.cs(476,27): warning RCS1168: Parameter name 'context' differs from base name 'properties' (https://josefpihrt.github.io/docs/roslynator/analyzers/RCS1168) [/var/home/saithis/work/Ratatoskr/tests/Ratatoskr.Tests/Ratatoskr.Tests.csproj]
/var/home/saithis/work/Ratatoskr/tests/Ratatoskr.Tests/AsyncApi/AsyncApiDocumentGeneratorTests.cs(458,27): warning RCS1168: Parameter name 'context' differs from base name 'properties' (https://josefpihrt.github.io/docs/roslynator/analyzers/RCS1168) [/var/home/saithis/work/Ratatoskr/tests/Ratatoskr.Tests/Ratatoskr.Tests.csproj]
/var/home/saithis/work/Ratatoskr/tests/Ratatoskr.Tests/AsyncApi/AsyncApiDocumentGeneratorTests.cs(467,27): warning RCS1168: Parameter name 'context' differs from base name 'properties' (https://josefpihrt.github.io/docs/roslynator/analyzers/RCS1168) [/var/home/saithis/work/Ratatoskr/tests/Ratatoskr.Tests/Ratatoskr.Tests.csproj]
/var/home/saithis/work/Ratatoskr/tests/Ratatoskr.Tests/RabbitMq/RabbitMqTransportMessageSnapshotFactoryTests.cs(16,23): warning MA0002: Use an overload that has a IEqualityComparer<string> or IComparer<string> parameter (https://github.com/meziantou/Meziantou.Analyzer/blob/main/docs/Rules/MA0002.md) [/var/home/saithis/work/Ratatoskr/tests/Ratatoskr.Tests/Ratatoskr.Tests.csproj]
/var/home/saithis/work/Ratatoskr/tests/Ratatoskr.Tests/AsyncApi/JsonSchemaGeneratorTests.cs(103,65): warning MA0127: Use string.Equals instead of 'is' pattern (https://github.com/meziantou/Meziantou.Analyzer/blob/main/docs/Rules/MA0127.md) [/var/home/saithis/work/Ratatoskr/tests/Ratatoskr.Tests/Ratatoskr.Tests.csproj]
/var/home/saithis/work/Ratatoskr/tests/Ratatoskr.Tests/RabbitMq/RabbitMqTransportMessageSnapshotFactoryTests.cs(41,23): warning MA0002: Use an overload that has a IEqualityComparer<string> or IComparer<string> parameter (https://github.com/meziantou/Meziantou.Analyzer/blob/main/docs/Rules/MA0002.md) [/var/home/saithis/work/Ratatoskr/tests/Ratatoskr.Tests/Ratatoskr.Tests.csproj]
/var/home/saithis/work/Ratatoskr/tests/Ratatoskr.Tests/RabbitMq/RabbitMqTransportMessageSnapshotFactoryTests.cs(67,23): warning MA0002: Use an overload that has a IEqualityComparer<string> or IComparer<string> parameter (https://github.com/meziantou/Meziantou.Analyzer/blob/main/docs/Rules/MA0002.md) [/var/home/saithis/work/Ratatoskr/tests/Ratatoskr.Tests/Ratatoskr.Tests.csproj]
/var/home/saithis/work/Ratatoskr/tests/Ratatoskr.Tests/CloudEvents/CloudEventEnvelopeTests.cs(18,26): warning MA0002: Use an overload that has a IEqualityComparer<string> or IComparer<string> parameter (https://github.com/meziantou/Meziantou.Analyzer/blob/main/docs/Rules/MA0002.md) [/var/home/saithis/work/Ratatoskr/tests/Ratatoskr.Tests/Ratatoskr.Tests.csproj]
/var/home/saithis/work/Ratatoskr/tests/Ratatoskr.Tests/CloudEvents/CloudEventEnvelopeTests.cs(41,26): warning MA0002: Use an overload that has a IEqualityComparer<string> or IComparer<string> parameter (https://github.com/meziantou/Meziantou.Analyzer/blob/main/docs/Rules/MA0002.md) [/var/home/saithis/work/Ratatoskr/tests/Ratatoskr.Tests/Ratatoskr.Tests.csproj]
/var/home/saithis/work/Ratatoskr/tests/Ratatoskr.Tests/CloudEvents/CloudEventEnvelopeTests.cs(84,26): warning MA0002: Use an overload that has a IEqualityComparer<string> or IComparer<string> parameter (https://github.com/meziantou/Meziantou.Analyzer/blob/main/docs/Rules/MA0002.md) [/var/home/saithis/work/Ratatoskr/tests/Ratatoskr.Tests/Ratatoskr.Tests.csproj]
/var/home/saithis/work/Ratatoskr/tests/Ratatoskr.Tests/CloudEvents/CloudEventEnvelopeTests.cs(108,26): warning MA0002: Use an overload that has a IEqualityComparer<string> or IComparer<string> parameter (https://github.com/meziantou/Meziantou.Analyzer/blob/main/docs/Rules/MA0002.md) [/var/home/saithis/work/Ratatoskr/tests/Ratatoskr.Tests/Ratatoskr.Tests.csproj]
/var/home/saithis/work/Ratatoskr/tests/Ratatoskr.Tests/Core/ValidationTests.cs(235,27): warning RCS1168: Parameter name 'context' differs from base name 'properties' (https://josefpihrt.github.io/docs/roslynator/analyzers/RCS1168) [/var/home/saithis/work/Ratatoskr/tests/Ratatoskr.Tests/Ratatoskr.Tests.csproj]
/var/home/saithis/work/Ratatoskr/tests/Ratatoskr.Tests/RabbitMq/RabbitMqTransportMessageSnapshotFactoryTests.cs(107,23): warning MA0002: Use an overload that has a IEqualityComparer<string> or IComparer<string> parameter (https://github.com/meziantou/Meziantou.Analyzer/blob/main/docs/Rules/MA0002.md) [/var/home/saithis/work/Ratatoskr/tests/Ratatoskr.Tests/Ratatoskr.Tests.csproj]
/var/home/saithis/work/Ratatoskr/tests/Ratatoskr.Tests/Core/ChannelHandlerRegistryTests.cs(411,27): warning RCS1168: Parameter name 'context' differs from base name 'properties' (https://josefpihrt.github.io/docs/roslynator/analyzers/RCS1168) [/var/home/saithis/work/Ratatoskr/tests/Ratatoskr.Tests/Ratatoskr.Tests.csproj]
/var/home/saithis/work/Ratatoskr/tests/Ratatoskr.Tests/Core/ChannelRegistryTests.cs(29,9): warning CA2263: Prefer the generic overload 'AwesomeAssertions.Types.TypeAssertions.Be<TExpected>(string, params object[])' instead of 'AwesomeAssertions.Types.TypeAssertions.Be(System.Type, string, params object[])' (https://learn.microsoft.com/dotnet/fundamentals/code-analysis/quality-rules/ca2263) [/var/home/saithis/work/Ratatoskr/tests/Ratatoskr.Tests/Ratatoskr.Tests.csproj]
/var/home/saithis/work/Ratatoskr/tests/Ratatoskr.Tests/Core/InboxConfigurationValidatorTests.cs(388,27): warning RCS1168: Parameter name 'context' differs from base name 'properties' (https://josefpihrt.github.io/docs/roslynator/analyzers/RCS1168) [/var/home/saithis/work/Ratatoskr/tests/Ratatoskr.Tests/Ratatoskr.Tests.csproj]
/var/home/saithis/work/Ratatoskr/tests/Ratatoskr.Tests/Core/ChannelRegistryTests.cs(73,9): warning CA2263: Prefer the generic overload 'AwesomeAssertions.Types.TypeAssertions.Be<TExpected>(string, params object[])' instead of 'AwesomeAssertions.Types.TypeAssertions.Be(System.Type, string, params object[])' (https://learn.microsoft.com/dotnet/fundamentals/code-analysis/quality-rules/ca2263) [/var/home/saithis/work/Ratatoskr/tests/Ratatoskr.Tests/Ratatoskr.Tests.csproj]
/var/home/saithis/work/Ratatoskr/tests/Ratatoskr.Tests/Core/JsonMessageSerializerTests.cs(86,22): warning CA2263: Prefer the generic overload 'Ratatoskr.Serializers.Json.JsonMessageSerializer.Deserialize<TMessage>(byte[])' instead of 'Ratatoskr.Serializers.Json.JsonMessageSerializer.Deserialize(byte[], System.Type)' (https://learn.microsoft.com/dotnet/fundamentals/code-analysis/quality-rules/ca2263) [/var/home/saithis/work/Ratatoskr/tests/Ratatoskr.Tests/Ratatoskr.Tests.csproj]
/var/home/saithis/work/Ratatoskr/tests/Ratatoskr.Tests/Core/ChannelRegistryTests.cs(142,9): warning CA2263: Prefer the generic overload 'AwesomeAssertions.Types.TypeAssertions.Be<TExpected>(string, params object[])' instead of 'AwesomeAssertions.Types.TypeAssertions.Be(System.Type, string, params object[])' (https://learn.microsoft.com/dotnet/fundamentals/code-analysis/quality-rules/ca2263) [/var/home/saithis/work/Ratatoskr/tests/Ratatoskr.Tests/Ratatoskr.Tests.csproj]
/var/home/saithis/work/Ratatoskr/tests/Ratatoskr.Tests/Core/ChannelHandlerRegistryTests.cs(41,9): warning CA2263: Prefer the generic overload 'AwesomeAssertions.Types.TypeAssertions.Be<TExpected>(string, params object[])' instead of 'AwesomeAssertions.Types.TypeAssertions.Be(System.Type, string, params object[])' (https://learn.microsoft.com/dotnet/fundamentals/code-analysis/quality-rules/ca2263) [/var/home/saithis/work/Ratatoskr/tests/Ratatoskr.Tests/Ratatoskr.Tests.csproj]
/var/home/saithis/work/Ratatoskr/tests/Ratatoskr.Tests/Examples/PlaygroundHostScenarioHttpTests.cs(153,68): warning MA0003: Name the parameter to improve code readability (https://github.com/meziantou/Meziantou.Analyzer/blob/main/docs/Rules/MA0003.md) [/var/home/saithis/work/Ratatoskr/tests/Ratatoskr.Tests/Ratatoskr.Tests.csproj]
/var/home/saithis/work/Ratatoskr/tests/Ratatoskr.Tests/Core/MessagePropertiesEnricherTests.cs(32,49): warning MA0003: Name the parameter to improve code readability (https://github.com/meziantou/Meziantou.Analyzer/blob/main/docs/Rules/MA0003.md) [/var/home/saithis/work/Ratatoskr/tests/Ratatoskr.Tests/Ratatoskr.Tests.csproj]
/var/home/saithis/work/Ratatoskr/tests/Ratatoskr.Tests/Examples/PlaygroundHostScenarioHttpTests.cs(178,36): warning MA0127: Use string.Equals instead of 'is' pattern (https://github.com/meziantou/Meziantou.Analyzer/blob/main/docs/Rules/MA0127.md) [/var/home/saithis/work/Ratatoskr/tests/Ratatoskr.Tests/Ratatoskr.Tests.csproj]
/var/home/saithis/work/Ratatoskr/tests/Ratatoskr.Tests/Examples/PlaygroundHostScenarioHttpTests.cs(178,48): warning MA0127: Use string.Equals instead of 'is' pattern (https://github.com/meziantou/Meziantou.Analyzer/blob/main/docs/Rules/MA0127.md) [/var/home/saithis/work/Ratatoskr/tests/Ratatoskr.Tests/Ratatoskr.Tests.csproj]
/var/home/saithis/work/Ratatoskr/tests/Ratatoskr.Tests/Examples/PlaygroundHostScenarioHttpTests.cs(178,60): warning MA0127: Use string.Equals instead of 'is' pattern (https://github.com/meziantou/Meziantou.Analyzer/blob/main/docs/Rules/MA0127.md) [/var/home/saithis/work/Ratatoskr/tests/Ratatoskr.Tests/Ratatoskr.Tests.csproj]
/var/home/saithis/work/Ratatoskr/tests/Ratatoskr.Tests/Core/MessagePropertiesEnricherTests.cs(62,49): warning MA0003: Name the parameter to improve code readability (https://github.com/meziantou/Meziantou.Analyzer/blob/main/docs/Rules/MA0003.md) [/var/home/saithis/work/Ratatoskr/tests/Ratatoskr.Tests/Ratatoskr.Tests.csproj]
/var/home/saithis/work/Ratatoskr/tests/Ratatoskr.Tests/AsyncApi/JsonSchemaGeneratorTests.cs(276,26): warning MA0002: Use an overload that has a IEqualityComparer<string> or IComparer<string> parameter (https://github.com/meziantou/Meziantou.Analyzer/blob/main/docs/Rules/MA0002.md) [/var/home/saithis/work/Ratatoskr/tests/Ratatoskr.Tests/Ratatoskr.Tests.csproj]
/var/home/saithis/work/Ratatoskr/tests/Ratatoskr.Tests/Examples/PlaygroundHostScenarioHttpTests.cs(199,13): warning MA0003: Name the parameter to improve code readability (https://github.com/meziantou/Meziantou.Analyzer/blob/main/docs/Rules/MA0003.md) [/var/home/saithis/work/Ratatoskr/tests/Ratatoskr.Tests/Ratatoskr.Tests.csproj]
/var/home/saithis/work/Ratatoskr/tests/Ratatoskr.Tests/Core/MessagePropertiesEnricherTests.cs(89,49): warning MA0003: Name the parameter to improve code readability (https://github.com/meziantou/Meziantou.Analyzer/blob/main/docs/Rules/MA0003.md) [/var/home/saithis/work/Ratatoskr/tests/Ratatoskr.Tests/Ratatoskr.Tests.csproj]
/var/home/saithis/work/Ratatoskr/tests/Ratatoskr.Tests/Examples/PlaygroundHostScenarioHttpTests.cs(205,56): warning MA0076: Do not use implicit culture-sensitive ToString in interpolated strings (https://github.com/meziantou/Meziantou.Analyzer/blob/main/docs/Rules/MA0076.md) [/var/home/saithis/work/Ratatoskr/tests/Ratatoskr.Tests/Ratatoskr.Tests.csproj]
/var/home/saithis/work/Ratatoskr/tests/Ratatoskr.Tests/AsyncApi/JsonSchemaGeneratorTests.cs(288,26): warning MA0002: Use an overload that has a IEqualityComparer<string> or IComparer<string> parameter (https://github.com/meziantou/Meziantou.Analyzer/blob/main/docs/Rules/MA0002.md) [/var/home/saithis/work/Ratatoskr/tests/Ratatoskr.Tests/Ratatoskr.Tests.csproj]
/var/home/saithis/work/Ratatoskr/tests/Ratatoskr.Tests/Examples/PlaygroundHostScenarioHttpTests.cs(230,91): warning MA0003: Name the parameter to improve code readability (https://github.com/meziantou/Meziantou.Analyzer/blob/main/docs/Rules/MA0003.md) [/var/home/saithis/work/Ratatoskr/tests/Ratatoskr.Tests/Ratatoskr.Tests.csproj]
/var/home/saithis/work/Ratatoskr/tests/Ratatoskr.Tests/Examples/PlaygroundHostScenarioHttpTests.cs(231,91): warning MA0003: Name the parameter to improve code readability (https://github.com/meziantou/Meziantou.Analyzer/blob/main/docs/Rules/MA0003.md) [/var/home/saithis/work/Ratatoskr/tests/Ratatoskr.Tests/Ratatoskr.Tests.csproj]
/var/home/saithis/work/Ratatoskr/tests/Ratatoskr.Tests/Examples/PlaygroundHostScenarioHttpTests.cs(257,17): warning MA0003: Name the parameter to improve code readability (https://github.com/meziantou/Meziantou.Analyzer/blob/main/docs/Rules/MA0003.md) [/var/home/saithis/work/Ratatoskr/tests/Ratatoskr.Tests/Ratatoskr.Tests.csproj]
/var/home/saithis/work/Ratatoskr/tests/Ratatoskr.Tests/Core/ChannelHandlerRegistryTests.cs(63,9): warning CA2263: Prefer the generic overload 'AwesomeAssertions.Types.TypeAssertions.Be<TExpected>(string, params object[])' instead of 'AwesomeAssertions.Types.TypeAssertions.Be(System.Type, string, params object[])' (https://learn.microsoft.com/dotnet/fundamentals/code-analysis/quality-rules/ca2263) [/var/home/saithis/work/Ratatoskr/tests/Ratatoskr.Tests/Ratatoskr.Tests.csproj]
/var/home/saithis/work/Ratatoskr/tests/Ratatoskr.Tests/Examples/PlaygroundHostScenarioHttpTests.cs(275,17): warning MA0003: Name the parameter to improve code readability (https://github.com/meziantou/Meziantou.Analyzer/blob/main/docs/Rules/MA0003.md) [/var/home/saithis/work/Ratatoskr/tests/Ratatoskr.Tests/Ratatoskr.Tests.csproj]
/var/home/saithis/work/Ratatoskr/tests/Ratatoskr.Tests/Examples/PlaygroundHostScenarioHttpTests.cs(314,17): warning MA0003: Name the parameter to improve code readability (https://github.com/meziantou/Meziantou.Analyzer/blob/main/docs/Rules/MA0003.md) [/var/home/saithis/work/Ratatoskr/tests/Ratatoskr.Tests/Ratatoskr.Tests.csproj]
/var/home/saithis/work/Ratatoskr/tests/Ratatoskr.Tests/Core/MessagePropertiesEnricherTests.cs(119,49): warning MA0003: Name the parameter to improve code readability (https://github.com/meziantou/Meziantou.Analyzer/blob/main/docs/Rules/MA0003.md) [/var/home/saithis/work/Ratatoskr/tests/Ratatoskr.Tests/Ratatoskr.Tests.csproj]
/var/home/saithis/work/Ratatoskr/tests/Ratatoskr.Tests/Core/MessagePropertiesEnricherTests.cs(132,49): warning MA0003: Name the parameter to improve code readability (https://github.com/meziantou/Meziantou.Analyzer/blob/main/docs/Rules/MA0003.md) [/var/home/saithis/work/Ratatoskr/tests/Ratatoskr.Tests/Ratatoskr.Tests.csproj]
/var/home/saithis/work/Ratatoskr/tests/Ratatoskr.Tests/Core/ChannelHandlerRegistryTests.cs(85,9): warning CA2263: Prefer the generic overload 'AwesomeAssertions.Types.TypeAssertions.Be<TExpected>(string, params object[])' instead of 'AwesomeAssertions.Types.TypeAssertions.Be(System.Type, string, params object[])' (https://learn.microsoft.com/dotnet/fundamentals/code-analysis/quality-rules/ca2263) [/var/home/saithis/work/Ratatoskr/tests/Ratatoskr.Tests/Ratatoskr.Tests.csproj]
/var/home/saithis/work/Ratatoskr/tests/Ratatoskr.Tests/Core/MessagePropertiesEnricherTests.cs(148,49): warning MA0003: Name the parameter to improve code readability (https://github.com/meziantou/Meziantou.Analyzer/blob/main/docs/Rules/MA0003.md) [/var/home/saithis/work/Ratatoskr/tests/Ratatoskr.Tests/Ratatoskr.Tests.csproj]
/var/home/saithis/work/Ratatoskr/tests/Ratatoskr.Tests/Core/RatatoskrBuilderTests.cs(178,9): warning CA2263: Prefer the generic overload 'AwesomeAssertions.Types.TypeAssertions.Be<TExpected>(string, params object[])' instead of 'AwesomeAssertions.Types.TypeAssertions.Be(System.Type, string, params object[])' (https://learn.microsoft.com/dotnet/fundamentals/code-analysis/quality-rules/ca2263) [/var/home/saithis/work/Ratatoskr/tests/Ratatoskr.Tests/Ratatoskr.Tests.csproj]
/var/home/saithis/work/Ratatoskr/tests/Ratatoskr.Tests/Core/MessagePropertiesEnricherTests.cs(165,36): warning MA0003: Name the parameter to improve code readability (https://github.com/meziantou/Meziantou.Analyzer/blob/main/docs/Rules/MA0003.md) [/var/home/saithis/work/Ratatoskr/tests/Ratatoskr.Tests/Ratatoskr.Tests.csproj]
/var/home/saithis/work/Ratatoskr/tests/Ratatoskr.Tests/Core/MessagePropertiesEnricherTests.cs(182,36): warning MA0003: Name the parameter to improve code readability (https://github.com/meziantou/Meziantou.Analyzer/blob/main/docs/Rules/MA0003.md) [/var/home/saithis/work/Ratatoskr/tests/Ratatoskr.Tests/Ratatoskr.Tests.csproj]
/var/home/saithis/work/Ratatoskr/tests/Ratatoskr.Tests/Core/MessagePropertiesEnricherTests.cs(198,36): warning MA0003: Name the parameter to improve code readability (https://github.com/meziantou/Meziantou.Analyzer/blob/main/docs/Rules/MA0003.md) [/var/home/saithis/work/Ratatoskr/tests/Ratatoskr.Tests/Ratatoskr.Tests.csproj]
/var/home/saithis/work/Ratatoskr/tests/Ratatoskr.Tests/Core/MessagePropertiesEnricherTests.cs(214,57): warning MA0003: Name the parameter to improve code readability (https://github.com/meziantou/Meziantou.Analyzer/blob/main/docs/Rules/MA0003.md) [/var/home/saithis/work/Ratatoskr/tests/Ratatoskr.Tests/Ratatoskr.Tests.csproj]
/var/home/saithis/work/Ratatoskr/tests/Ratatoskr.Tests/Core/MessagePropertiesEnricherTests.cs(236,49): warning MA0003: Name the parameter to improve code readability (https://github.com/meziantou/Meziantou.Analyzer/blob/main/docs/Rules/MA0003.md) [/var/home/saithis/work/Ratatoskr/tests/Ratatoskr.Tests/Ratatoskr.Tests.csproj]
/var/home/saithis/work/Ratatoskr/tests/Ratatoskr.Tests/Core/MessagePropertiesEnricherTests.cs(273,59): warning MA0003: Name the parameter to improve code readability (https://github.com/meziantou/Meziantou.Analyzer/blob/main/docs/Rules/MA0003.md) [/var/home/saithis/work/Ratatoskr/tests/Ratatoskr.Tests/Ratatoskr.Tests.csproj]
/var/home/saithis/work/Ratatoskr/tests/Ratatoskr.Tests/Core/MessagePropertiesEnricherTests.cs(286,49): warning MA0003: Name the parameter to improve code readability (https://github.com/meziantou/Meziantou.Analyzer/blob/main/docs/Rules/MA0003.md) [/var/home/saithis/work/Ratatoskr/tests/Ratatoskr.Tests/Ratatoskr.Tests.csproj]
/var/home/saithis/work/Ratatoskr/tests/Ratatoskr.Tests/Core/ChannelHandlerRegistryTests.cs(210,9): warning CA2263: Prefer the generic overload 'AwesomeAssertions.Types.TypeAssertions.Be<TExpected>(string, params object[])' instead of 'AwesomeAssertions.Types.TypeAssertions.Be(System.Type, string, params object[])' (https://learn.microsoft.com/dotnet/fundamentals/code-analysis/quality-rules/ca2263) [/var/home/saithis/work/Ratatoskr/tests/Ratatoskr.Tests/Ratatoskr.Tests.csproj]
/var/home/saithis/work/Ratatoskr/tests/Ratatoskr.Tests/Core/ChannelHandlerRegistryTests.cs(215,9): warning CA2263: Prefer the generic overload 'AwesomeAssertions.Types.TypeAssertions.Be<TExpected>(string, params object[])' instead of 'AwesomeAssertions.Types.TypeAssertions.Be(System.Type, string, params object[])' (https://learn.microsoft.com/dotnet/fundamentals/code-analysis/quality-rules/ca2263) [/var/home/saithis/work/Ratatoskr/tests/Ratatoskr.Tests/Ratatoskr.Tests.csproj]
/var/home/saithis/work/Ratatoskr/tests/Ratatoskr.Tests/RabbitMq/CloudEventsAmqpMapperRoundTripTests.cs(41,60): warning MA0003: Name the parameter to improve code readability (https://github.com/meziantou/Meziantou.Analyzer/blob/main/docs/Rules/MA0003.md) [/var/home/saithis/work/Ratatoskr/tests/Ratatoskr.Tests/Ratatoskr.Tests.csproj]
/var/home/saithis/work/Ratatoskr/tests/Ratatoskr.Tests/RabbitMq/CloudEventsAmqpMapperIncomingTests.cs(43,13): warning MA0003: Name the parameter to improve code readability (https://github.com/meziantou/Meziantou.Analyzer/blob/main/docs/Rules/MA0003.md) [/var/home/saithis/work/Ratatoskr/tests/Ratatoskr.Tests/Ratatoskr.Tests.csproj]
/var/home/saithis/work/Ratatoskr/tests/Ratatoskr.Tests/Fixtures/TestMessages.cs(173,27): warning CA1725: In member Task ContextCapturingHandler.HandleAsync(TestEvent message, MessageProperties context, CancellationToken cancellationToken), change parameter name context to properties in order to match the identifier as it has been declared in Task IMessageHandler<TestEvent>.HandleAsync(TestEvent message, MessageProperties properties, CancellationToken cancellationToken) (https://learn.microsoft.com/dotnet/fundamentals/code-analysis/quality-rules/ca1725) [/var/home/saithis/work/Ratatoskr/tests/Ratatoskr.Tests/Ratatoskr.Tests.csproj]
/var/home/saithis/work/Ratatoskr/tests/Ratatoskr.Tests/Fixtures/TestMessages.cs(173,27): warning RCS1168: Parameter name 'context' differs from base name 'properties' (https://josefpihrt.github.io/docs/roslynator/analyzers/RCS1168) [/var/home/saithis/work/Ratatoskr/tests/Ratatoskr.Tests/Ratatoskr.Tests.csproj]
/var/home/saithis/work/Ratatoskr/tests/Ratatoskr.Tests/RabbitMq/CloudEventsAmqpMapperIncomingTests.cs(24,23): warning MA0002: Use an overload that has a IEqualityComparer<string> or IComparer<string> parameter (https://github.com/meziantou/Meziantou.Analyzer/blob/main/docs/Rules/MA0002.md) [/var/home/saithis/work/Ratatoskr/tests/Ratatoskr.Tests/Ratatoskr.Tests.csproj]
/var/home/saithis/work/Ratatoskr/tests/Ratatoskr.Tests/Fixtures/TestMessages.cs(155,27): warning CA1725: In member Task CancellationAwareTestHandler.HandleAsync(TestEvent message, MessageProperties context, CancellationToken cancellationToken), change parameter name context to properties in order to match the identifier as it has been declared in Task IMessageHandler<TestEvent>.HandleAsync(TestEvent message, MessageProperties properties, CancellationToken cancellationToken) (https://learn.microsoft.com/dotnet/fundamentals/code-analysis/quality-rules/ca1725) [/var/home/saithis/work/Ratatoskr/tests/Ratatoskr.Tests/Ratatoskr.Tests.csproj]
/var/home/saithis/work/Ratatoskr/tests/Ratatoskr.Tests/Fixtures/TestMessages.cs(155,27): warning RCS1168: Parameter name 'context' differs from base name 'properties' (https://josefpihrt.github.io/docs/roslynator/analyzers/RCS1168) [/var/home/saithis/work/Ratatoskr/tests/Ratatoskr.Tests/Ratatoskr.Tests.csproj]
/var/home/saithis/work/Ratatoskr/tests/Ratatoskr.Tests/Fixtures/TestMessages.cs(139,27): warning CA1725: In member Task ScopedServiceTestHandler.HandleAsync(TestEvent message, MessageProperties context, CancellationToken cancellationToken), change parameter name context to properties in order to match the identifier as it has been declared in Task IMessageHandler<TestEvent>.HandleAsync(TestEvent message, MessageProperties properties, CancellationToken cancellationToken) (https://learn.microsoft.com/dotnet/fundamentals/code-analysis/quality-rules/ca1725) [/var/home/saithis/work/Ratatoskr/tests/Ratatoskr.Tests/Ratatoskr.Tests.csproj]
/var/home/saithis/work/Ratatoskr/tests/Ratatoskr.Tests/Fixtures/TestMessages.cs(139,27): warning RCS1168: Parameter name 'context' differs from base name 'properties' (https://josefpihrt.github.io/docs/roslynator/analyzers/RCS1168) [/var/home/saithis/work/Ratatoskr/tests/Ratatoskr.Tests/Ratatoskr.Tests.csproj]
/var/home/saithis/work/Ratatoskr/tests/Ratatoskr.Tests/Fixtures/TestMessages.cs(105,27): warning CA1725: In member Task NoOpTestEventHandler.HandleAsync(TestEvent message, MessageProperties context, CancellationToken cancellationToken), change parameter name context to properties in order to match the identifier as it has been declared in Task IMessageHandler<TestEvent>.HandleAsync(TestEvent message, MessageProperties properties, CancellationToken cancellationToken) (https://learn.microsoft.com/dotnet/fundamentals/code-analysis/quality-rules/ca1725) [/var/home/saithis/work/Ratatoskr/tests/Ratatoskr.Tests/Ratatoskr.Tests.csproj]
/var/home/saithis/work/Ratatoskr/tests/Ratatoskr.Tests/Fixtures/TestMessages.cs(105,27): warning RCS1168: Parameter name 'context' differs from base name 'properties' (https://josefpihrt.github.io/docs/roslynator/analyzers/RCS1168) [/var/home/saithis/work/Ratatoskr/tests/Ratatoskr.Tests/Ratatoskr.Tests.csproj]
/var/home/saithis/work/Ratatoskr/tests/Ratatoskr.Tests/Fixtures/TestMessages.cs(89,27): warning CA1725: In member Task ThrowingTestEventHandler.HandleAsync(TestEvent message, MessageProperties context, CancellationToken cancellationToken), change parameter name context to properties in order to match the identifier as it has been declared in Task IMessageHandler<TestEvent>.HandleAsync(TestEvent message, MessageProperties properties, CancellationToken cancellationToken) (https://learn.microsoft.com/dotnet/fundamentals/code-analysis/quality-rules/ca1725) [/var/home/saithis/work/Ratatoskr/tests/Ratatoskr.Tests/Ratatoskr.Tests.csproj]
/var/home/saithis/work/Ratatoskr/tests/Ratatoskr.Tests/Fixtures/TestMessages.cs(89,27): warning RCS1168: Parameter name 'context' differs from base name 'properties' (https://josefpihrt.github.io/docs/roslynator/analyzers/RCS1168) [/var/home/saithis/work/Ratatoskr/tests/Ratatoskr.Tests/Ratatoskr.Tests.csproj]
/var/home/saithis/work/Ratatoskr/tests/Ratatoskr.Tests/Fixtures/TestMessages.cs(74,27): warning CA1725: In member Task SecondTestEventHandler.HandleAsync(TestEvent message, MessageProperties context, CancellationToken cancellationToken), change parameter name context to properties in order to match the identifier as it has been declared in Task IMessageHandler<TestEvent>.HandleAsync(TestEvent message, MessageProperties properties, CancellationToken cancellationToken) (https://learn.microsoft.com/dotnet/fundamentals/code-analysis/quality-rules/ca1725) [/var/home/saithis/work/Ratatoskr/tests/Ratatoskr.Tests/Ratatoskr.Tests.csproj]
/var/home/saithis/work/Ratatoskr/tests/Ratatoskr.Tests/Fixtures/TestMessages.cs(74,27): warning RCS1168: Parameter name 'context' differs from base name 'properties' (https://josefpihrt.github.io/docs/roslynator/analyzers/RCS1168) [/var/home/saithis/work/Ratatoskr/tests/Ratatoskr.Tests/Ratatoskr.Tests.csproj]
/var/home/saithis/work/Ratatoskr/tests/Ratatoskr.Tests/Fixtures/TestMessages.cs(59,27): warning CA1725: In member Task TestEventHandler.HandleAsync(TestEvent message, MessageProperties context, CancellationToken cancellationToken), change parameter name context to properties in order to match the identifier as it has been declared in Task IMessageHandler<TestEvent>.HandleAsync(TestEvent message, MessageProperties properties, CancellationToken cancellationToken) (https://learn.microsoft.com/dotnet/fundamentals/code-analysis/quality-rules/ca1725) [/var/home/saithis/work/Ratatoskr/tests/Ratatoskr.Tests/Ratatoskr.Tests.csproj]
/var/home/saithis/work/Ratatoskr/tests/Ratatoskr.Tests/Fixtures/TestMessages.cs(59,27): warning RCS1168: Parameter name 'context' differs from base name 'properties' (https://josefpihrt.github.io/docs/roslynator/analyzers/RCS1168) [/var/home/saithis/work/Ratatoskr/tests/Ratatoskr.Tests/Ratatoskr.Tests.csproj]
/var/home/saithis/work/Ratatoskr/tests/Ratatoskr.Tests/RabbitMq/CloudEventsAmqpMapperRoundTripTests.cs(79,60): warning MA0003: Name the parameter to improve code readability (https://github.com/meziantou/Meziantou.Analyzer/blob/main/docs/Rules/MA0003.md) [/var/home/saithis/work/Ratatoskr/tests/Ratatoskr.Tests/Ratatoskr.Tests.csproj]
/var/home/saithis/work/Ratatoskr/tests/Ratatoskr.Tests/Core/ChannelHandlerRegistryTests.cs(282,9): warning CA2263: Prefer the generic overload 'AwesomeAssertions.Types.TypeAssertions.Be<TExpected>(string, params object[])' instead of 'AwesomeAssertions.Types.TypeAssertions.Be(System.Type, string, params object[])' (https://learn.microsoft.com/dotnet/fundamentals/code-analysis/quality-rules/ca2263) [/var/home/saithis/work/Ratatoskr/tests/Ratatoskr.Tests/Ratatoskr.Tests.csproj]
/var/home/saithis/work/Ratatoskr/tests/Ratatoskr.Tests/RabbitMq/CloudEventsAmqpMapperIncomingTests.cs(84,13): warning MA0003: Name the parameter to improve code readability (https://github.com/meziantou/Meziantou.Analyzer/blob/main/docs/Rules/MA0003.md) [/var/home/saithis/work/Ratatoskr/tests/Ratatoskr.Tests/Ratatoskr.Tests.csproj]
/var/home/saithis/work/Ratatoskr/tests/Ratatoskr.Tests/Core/ChannelHandlerRegistryTests.cs(286,9): warning CA2263: Prefer the generic overload 'AwesomeAssertions.Types.TypeAssertions.Be<TExpected>(string, params object[])' instead of 'AwesomeAssertions.Types.TypeAssertions.Be(System.Type, string, params object[])' (https://learn.microsoft.com/dotnet/fundamentals/code-analysis/quality-rules/ca2263) [/var/home/saithis/work/Ratatoskr/tests/Ratatoskr.Tests/Ratatoskr.Tests.csproj]
/var/home/saithis/work/Ratatoskr/tests/Ratatoskr.Tests/Inbox/InboxHandlerStatusEntityTests.cs(60,41): warning MA0076: Do not use implicit culture-sensitive ToString in interpolated strings (https://github.com/meziantou/Meziantou.Analyzer/blob/main/docs/Rules/MA0076.md) [/var/home/saithis/work/Ratatoskr/tests/Ratatoskr.Tests/Ratatoskr.Tests.csproj]
/var/home/saithis/work/Ratatoskr/tests/Ratatoskr.Tests/RabbitMq/CloudEventsAmqpMapperIncomingTests.cs(65,23): warning MA0002: Use an overload that has a IEqualityComparer<string> or IComparer<string> parameter (https://github.com/meziantou/Meziantou.Analyzer/blob/main/docs/Rules/MA0002.md) [/var/home/saithis/work/Ratatoskr/tests/Ratatoskr.Tests/Ratatoskr.Tests.csproj]
/var/home/saithis/work/Ratatoskr/tests/Ratatoskr.Tests/Inbox/InboxHandlerStatusEntityTests.cs(84,41): warning MA0076: Do not use implicit culture-sensitive ToString in interpolated strings (https://github.com/meziantou/Meziantou.Analyzer/blob/main/docs/Rules/MA0076.md) [/var/home/saithis/work/Ratatoskr/tests/Ratatoskr.Tests/Ratatoskr.Tests.csproj]
/var/home/saithis/work/Ratatoskr/tests/Ratatoskr.Tests/RabbitMq/CloudEventsAmqpMapperIncomingTests.cs(120,13): warning MA0003: Name the parameter to improve code readability (https://github.com/meziantou/Meziantou.Analyzer/blob/main/docs/Rules/MA0003.md) [/var/home/saithis/work/Ratatoskr/tests/Ratatoskr.Tests/Ratatoskr.Tests.csproj]
/var/home/saithis/work/Ratatoskr/tests/Ratatoskr.Tests/RabbitMq/CloudEventsAmqpMapperIncomingTests.cs(101,23): warning MA0002: Use an overload that has a IEqualityComparer<string> or IComparer<string> parameter (https://github.com/meziantou/Meziantou.Analyzer/blob/main/docs/Rules/MA0002.md) [/var/home/saithis/work/Ratatoskr/tests/Ratatoskr.Tests/Ratatoskr.Tests.csproj]
/var/home/saithis/work/Ratatoskr/tests/Ratatoskr.Tests/Core/MessageDispatcherTests.cs(325,23): warning MA0002: Use an overload that has a IEqualityComparer<string> or IComparer<string> parameter (https://github.com/meziantou/Meziantou.Analyzer/blob/main/docs/Rules/MA0002.md) [/var/home/saithis/work/Ratatoskr/tests/Ratatoskr.Tests/Ratatoskr.Tests.csproj]
/var/home/saithis/work/Ratatoskr/tests/Ratatoskr.Tests/Inbox/InboxHandlerStatusEntityTests.cs(103,64): warning MA0076: Do not use implicit culture-sensitive ToString in interpolated strings (https://github.com/meziantou/Meziantou.Analyzer/blob/main/docs/Rules/MA0076.md) [/var/home/saithis/work/Ratatoskr/tests/Ratatoskr.Tests/Ratatoskr.Tests.csproj]
/var/home/saithis/work/Ratatoskr/tests/Ratatoskr.Tests/Inbox/InboxHandlerStatusEntityTests.cs(111,55): warning MA0076: Do not use implicit culture-sensitive ToString in interpolated strings (https://github.com/meziantou/Meziantou.Analyzer/blob/main/docs/Rules/MA0076.md) [/var/home/saithis/work/Ratatoskr/tests/Ratatoskr.Tests/Ratatoskr.Tests.csproj]
/var/home/saithis/work/Ratatoskr/tests/Ratatoskr.Tests/Inbox/InboxHandlerStatusEntityTests.cs(114,56): warning MA0076: Do not use implicit culture-sensitive ToString in interpolated strings (https://github.com/meziantou/Meziantou.Analyzer/blob/main/docs/Rules/MA0076.md) [/var/home/saithis/work/Ratatoskr/tests/Ratatoskr.Tests/Ratatoskr.Tests.csproj]
/var/home/saithis/work/Ratatoskr/tests/Ratatoskr.Tests/RabbitMq/CloudEventsAmqpMapperRoundTripTests.cs(106,60): warning MA0003: Name the parameter to improve code readability (https://github.com/meziantou/Meziantou.Analyzer/blob/main/docs/Rules/MA0003.md) [/var/home/saithis/work/Ratatoskr/tests/Ratatoskr.Tests/Ratatoskr.Tests.csproj]
/var/home/saithis/work/Ratatoskr/tests/Ratatoskr.Tests/Integration/TopologyTests.cs(49,28): warning MA0002: Use an overload that has a IEqualityComparer<string> or IComparer<string> parameter (https://github.com/meziantou/Meziantou.Analyzer/blob/main/docs/Rules/MA0002.md) [/var/home/saithis/work/Ratatoskr/tests/Ratatoskr.Tests/Ratatoskr.Tests.csproj]
/var/home/saithis/work/Ratatoskr/tests/Ratatoskr.Tests/RabbitMq/CloudEventsAmqpMapperRoundTripTests.cs(134,60): warning MA0003: Name the parameter to improve code readability (https://github.com/meziantou/Meziantou.Analyzer/blob/main/docs/Rules/MA0003.md) [/var/home/saithis/work/Ratatoskr/tests/Ratatoskr.Tests/Ratatoskr.Tests.csproj]
/var/home/saithis/work/Ratatoskr/tests/Ratatoskr.Tests/Fixtures/FailingMessageSender.cs(26,78): warning MA0076: Do not use implicit culture-sensitive ToString in interpolated strings (https://github.com/meziantou/Meziantou.Analyzer/blob/main/docs/Rules/MA0076.md) [/var/home/saithis/work/Ratatoskr/tests/Ratatoskr.Tests/Ratatoskr.Tests.csproj]
/var/home/saithis/work/Ratatoskr/tests/Ratatoskr.Tests/RabbitMq/CloudEventsAmqpMapperIncomingTests.cs(161,13): warning MA0003: Name the parameter to improve code readability (https://github.com/meziantou/Meziantou.Analyzer/blob/main/docs/Rules/MA0003.md) [/var/home/saithis/work/Ratatoskr/tests/Ratatoskr.Tests/Ratatoskr.Tests.csproj]
/var/home/saithis/work/Ratatoskr/tests/Ratatoskr.Tests/RabbitMq/CloudEventsAmqpMapperIncomingTests.cs(135,23): warning MA0002: Use an overload that has a IEqualityComparer<string> or IComparer<string> parameter (https://github.com/meziantou/Meziantou.Analyzer/blob/main/docs/Rules/MA0002.md) [/var/home/saithis/work/Ratatoskr/tests/Ratatoskr.Tests/Ratatoskr.Tests.csproj]
/var/home/saithis/work/Ratatoskr/tests/Ratatoskr.Tests/Integration/TopologyTests.cs(96,62): warning MA0003: Name the parameter to improve code readability (https://github.com/meziantou/Meziantou.Analyzer/blob/main/docs/Rules/MA0003.md) [/var/home/saithis/work/Ratatoskr/tests/Ratatoskr.Tests/Ratatoskr.Tests.csproj]
/var/home/saithis/work/Ratatoskr/tests/Ratatoskr.Tests/RabbitMq/CloudEventsAmqpMapperRoundTripTests.cs(161,60): warning MA0003: Name the parameter to improve code readability (https://github.com/meziantou/Meziantou.Analyzer/blob/main/docs/Rules/MA0003.md) [/var/home/saithis/work/Ratatoskr/tests/Ratatoskr.Tests/Ratatoskr.Tests.csproj]
/var/home/saithis/work/Ratatoskr/tests/Ratatoskr.Tests/RabbitMq/CloudEventsAmqpMapperIncomingTests.cs(199,13): warning MA0003: Name the parameter to improve code readability (https://github.com/meziantou/Meziantou.Analyzer/blob/main/docs/Rules/MA0003.md) [/var/home/saithis/work/Ratatoskr/tests/Ratatoskr.Tests/Ratatoskr.Tests.csproj]
/var/home/saithis/work/Ratatoskr/tests/Ratatoskr.Tests/RabbitMq/CloudEventsAmqpMapperIncomingTests.cs(179,23): warning MA0002: Use an overload that has a IEqualityComparer<string> or IComparer<string> parameter (https://github.com/meziantou/Meziantou.Analyzer/blob/main/docs/Rules/MA0002.md) [/var/home/saithis/work/Ratatoskr/tests/Ratatoskr.Tests/Ratatoskr.Tests.csproj]
/var/home/saithis/work/Ratatoskr/tests/Ratatoskr.Tests/RabbitMq/CloudEventsAmqpMapperIncomingTests.cs(237,13): warning MA0003: Name the parameter to improve code readability (https://github.com/meziantou/Meziantou.Analyzer/blob/main/docs/Rules/MA0003.md) [/var/home/saithis/work/Ratatoskr/tests/Ratatoskr.Tests/Ratatoskr.Tests.csproj]
/var/home/saithis/work/Ratatoskr/tests/Ratatoskr.Tests/Outbox/OutboxMessageEntityTests.cs(163,42): warning MA0076: Do not use implicit culture-sensitive ToString in interpolated strings (https://github.com/meziantou/Meziantou.Analyzer/blob/main/docs/Rules/MA0076.md) [/var/home/saithis/work/Ratatoskr/tests/Ratatoskr.Tests/Ratatoskr.Tests.csproj]
/var/home/saithis/work/Ratatoskr/tests/Ratatoskr.Tests/RabbitMq/CloudEventsAmqpMapperIncomingTests.cs(222,23): warning MA0002: Use an overload that has a IEqualityComparer<string> or IComparer<string> parameter (https://github.com/meziantou/Meziantou.Analyzer/blob/main/docs/Rules/MA0002.md) [/var/home/saithis/work/Ratatoskr/tests/Ratatoskr.Tests/Ratatoskr.Tests.csproj]
/var/home/saithis/work/Ratatoskr/tests/Ratatoskr.Tests/Outbox/OutboxMessageEntityTests.cs(193,42): warning MA0076: Do not use implicit culture-sensitive ToString in interpolated strings (https://github.com/meziantou/Meziantou.Analyzer/blob/main/docs/Rules/MA0076.md) [/var/home/saithis/work/Ratatoskr/tests/Ratatoskr.Tests/Ratatoskr.Tests.csproj]
/var/home/saithis/work/Ratatoskr/tests/Ratatoskr.Tests/Integration/Inbox/InboxTestBase.cs(28,24): warning MA0076: Do not use implicit culture-sensitive ToString in interpolated strings (https://github.com/meziantou/Meziantou.Analyzer/blob/main/docs/Rules/MA0076.md) [/var/home/saithis/work/Ratatoskr/tests/Ratatoskr.Tests/Ratatoskr.Tests.csproj]
/var/home/saithis/work/Ratatoskr/tests/Ratatoskr.Tests/RabbitMq/CloudEventsAmqpMapperIncomingTests.cs(274,13): warning MA0003: Name the parameter to improve code readability (https://github.com/meziantou/Meziantou.Analyzer/blob/main/docs/Rules/MA0003.md) [/var/home/saithis/work/Ratatoskr/tests/Ratatoskr.Tests/Ratatoskr.Tests.csproj]
/var/home/saithis/work/Ratatoskr/tests/Ratatoskr.Tests/Integration/Inbox/InboxTestBase.cs(41,31): warning MA0042: Use 'CreateAsyncScope' instead of 'CreateScope' (https://github.com/meziantou/Meziantou.Analyzer/blob/main/docs/Rules/MA0042.md) [/var/home/saithis/work/Ratatoskr/tests/Ratatoskr.Tests/Ratatoskr.Tests.csproj]
/var/home/saithis/work/Ratatoskr/tests/Ratatoskr.Tests/Integration/Inbox/InboxTestBase.cs(32,31): warning CA1822: Member 'ProcessInboxAsync' does not access instance data and can be marked as static (https://learn.microsoft.com/dotnet/fundamentals/code-analysis/quality-rules/ca1822) [/var/home/saithis/work/Ratatoskr/tests/Ratatoskr.Tests/Ratatoskr.Tests.csproj]
/var/home/saithis/work/Ratatoskr/tests/Ratatoskr.Tests/Integration/Inbox/InboxTestBase.cs(95,70): warning CA1725: In member Task FailsThenSucceedsHandler.HandleAsync(TestEvent message, MessageProperties props, CancellationToken ct), change parameter name props to properties in order to match the identifier as it has been declared in Task IMessageHandler<TestEvent>.HandleAsync(TestEvent message, MessageProperties properties, CancellationToken cancellationToken) (https://learn.microsoft.com/dotnet/fundamentals/code-analysis/quality-rules/ca1725) [/var/home/saithis/work/Ratatoskr/tests/Ratatoskr.Tests/Ratatoskr.Tests.csproj]
/var/home/saithis/work/Ratatoskr/tests/Ratatoskr.Tests/Integration/Inbox/InboxTestBase.cs(95,95): warning CA1725: In member Task FailsThenSucceedsHandler.HandleAsync(TestEvent message, MessageProperties props, CancellationToken ct), change parameter name ct to cancellationToken in order to match the identifier as it has been declared in Task IMessageHandler<TestEvent>.HandleAsync(TestEvent message, MessageProperties properties, CancellationToken cancellationToken) (https://learn.microsoft.com/dotnet/fundamentals/code-analysis/quality-rules/ca1725) [/var/home/saithis/work/Ratatoskr/tests/Ratatoskr.Tests/Ratatoskr.Tests.csproj]
/var/home/saithis/work/Ratatoskr/tests/Ratatoskr.Tests/Integration/Inbox/InboxTestBase.cs(95,70): warning RCS1168: Parameter name 'props' differs from base name 'properties' (https://josefpihrt.github.io/docs/roslynator/analyzers/RCS1168) [/var/home/saithis/work/Ratatoskr/tests/Ratatoskr.Tests/Ratatoskr.Tests.csproj]
/var/home/saithis/work/Ratatoskr/tests/Ratatoskr.Tests/Integration/Inbox/InboxTestBase.cs(95,95): warning RCS1168: Parameter name 'ct' differs from base name 'cancellationToken' (https://josefpihrt.github.io/docs/roslynator/analyzers/RCS1168) [/var/home/saithis/work/Ratatoskr/tests/Ratatoskr.Tests/Ratatoskr.Tests.csproj]
/var/home/saithis/work/Ratatoskr/tests/Ratatoskr.Tests/Integration/Inbox/InboxTestBase.cs(100,82): warning MA0076: Do not use implicit culture-sensitive ToString in interpolated strings (https://github.com/meziantou/Meziantou.Analyzer/blob/main/docs/Rules/MA0076.md) [/var/home/saithis/work/Ratatoskr/tests/Ratatoskr.Tests/Ratatoskr.Tests.csproj]
/var/home/saithis/work/Ratatoskr/tests/Ratatoskr.Tests/Integration/Inbox/InboxTestBase.cs(84,70): warning CA1725: In member Task CountingHandler.HandleAsync(TestEvent message, MessageProperties props, CancellationToken ct), change parameter name props to properties in order to match the identifier as it has been declared in Task IMessageHandler<TestEvent>.HandleAsync(TestEvent message, MessageProperties properties, CancellationToken cancellationToken) (https://learn.microsoft.com/dotnet/fundamentals/code-analysis/quality-rules/ca1725) [/var/home/saithis/work/Ratatoskr/tests/Ratatoskr.Tests/Ratatoskr.Tests.csproj]
/var/home/saithis/work/Ratatoskr/tests/Ratatoskr.Tests/Integration/Inbox/InboxTestBase.cs(84,95): warning CA1725: In member Task CountingHandler.HandleAsync(TestEvent message, MessageProperties props, CancellationToken ct), change parameter name ct to cancellationToken in order to match the identifier as it has been declared in Task IMessageHandler<TestEvent>.HandleAsync(TestEvent message, MessageProperties properties, CancellationToken cancellationToken) (https://learn.microsoft.com/dotnet/fundamentals/code-analysis/quality-rules/ca1725) [/var/home/saithis/work/Ratatoskr/tests/Ratatoskr.Tests/Ratatoskr.Tests.csproj]
/var/home/saithis/work/Ratatoskr/tests/Ratatoskr.Tests/Integration/Inbox/InboxTestBase.cs(84,70): warning RCS1168: Parameter name 'props' differs from base name 'properties' (https://josefpihrt.github.io/docs/roslynator/analyzers/RCS1168) [/var/home/saithis/work/Ratatoskr/tests/Ratatoskr.Tests/Ratatoskr.Tests.csproj]
/var/home/saithis/work/Ratatoskr/tests/Ratatoskr.Tests/Integration/Inbox/InboxTestBase.cs(84,95): warning RCS1168: Parameter name 'ct' differs from base name 'cancellationToken' (https://josefpihrt.github.io/docs/roslynator/analyzers/RCS1168) [/var/home/saithis/work/Ratatoskr/tests/Ratatoskr.Tests/Ratatoskr.Tests.csproj]
/var/home/saithis/work/Ratatoskr/tests/Ratatoskr.Tests/Integration/Inbox/InboxTestBase.cs(69,70): warning CA1725: In member Task AlwaysFailingHandler.HandleAsync(TestEvent message, MessageProperties props, CancellationToken ct), change parameter name props to properties in order to match the identifier as it has been declared in Task IMessageHandler<TestEvent>.HandleAsync(TestEvent message, MessageProperties properties, CancellationToken cancellationToken) (https://learn.microsoft.com/dotnet/fundamentals/code-analysis/quality-rules/ca1725) [/var/home/saithis/work/Ratatoskr/tests/Ratatoskr.Tests/Ratatoskr.Tests.csproj]
/var/home/saithis/work/Ratatoskr/tests/Ratatoskr.Tests/Integration/Inbox/InboxTestBase.cs(69,95): warning CA1725: In member Task AlwaysFailingHandler.HandleAsync(TestEvent message, MessageProperties props, CancellationToken ct), change parameter name ct to cancellationToken in order to match the identifier as it has been declared in Task IMessageHandler<TestEvent>.HandleAsync(TestEvent message, MessageProperties properties, CancellationToken cancellationToken) (https://learn.microsoft.com/dotnet/fundamentals/code-analysis/quality-rules/ca1725) [/var/home/saithis/work/Ratatoskr/tests/Ratatoskr.Tests/Ratatoskr.Tests.csproj]
/var/home/saithis/work/Ratatoskr/tests/Ratatoskr.Tests/Integration/Inbox/InboxTestBase.cs(69,70): warning RCS1168: Parameter name 'props' differs from base name 'properties' (https://josefpihrt.github.io/docs/roslynator/analyzers/RCS1168) [/var/home/saithis/work/Ratatoskr/tests/Ratatoskr.Tests/Ratatoskr.Tests.csproj]
/var/home/saithis/work/Ratatoskr/tests/Ratatoskr.Tests/Integration/Inbox/InboxTestBase.cs(69,95): warning RCS1168: Parameter name 'ct' differs from base name 'cancellationToken' (https://josefpihrt.github.io/docs/roslynator/analyzers/RCS1168) [/var/home/saithis/work/Ratatoskr/tests/Ratatoskr.Tests/Ratatoskr.Tests.csproj]
/var/home/saithis/work/Ratatoskr/tests/Ratatoskr.Tests/Integration/Inbox/InboxTestBase.cs(63,70): warning CA1725: In member Task InboxHandlerB.HandleAsync(TestEvent message, MessageProperties props, CancellationToken ct), change parameter name props to properties in order to match the identifier as it has been declared in Task IMessageHandler<TestEvent>.HandleAsync(TestEvent message, MessageProperties properties, CancellationToken cancellationToken) (https://learn.microsoft.com/dotnet/fundamentals/code-analysis/quality-rules/ca1725) [/var/home/saithis/work/Ratatoskr/tests/Ratatoskr.Tests/Ratatoskr.Tests.csproj]
/var/home/saithis/work/Ratatoskr/tests/Ratatoskr.Tests/Integration/Inbox/InboxTestBase.cs(63,95): warning CA1725: In member Task InboxHandlerB.HandleAsync(TestEvent message, MessageProperties props, CancellationToken ct), change parameter name ct to cancellationToken in order to match the identifier as it has been declared in Task IMessageHandler<TestEvent>.HandleAsync(TestEvent message, MessageProperties properties, CancellationToken cancellationToken) (https://learn.microsoft.com/dotnet/fundamentals/code-analysis/quality-rules/ca1725) [/var/home/saithis/work/Ratatoskr/tests/Ratatoskr.Tests/Ratatoskr.Tests.csproj]
/var/home/saithis/work/Ratatoskr/tests/Ratatoskr.Tests/Integration/Inbox/InboxTestBase.cs(57,70): warning CA1725: In member Task InboxHandlerA.HandleAsync(TestEvent message, MessageProperties props, CancellationToken ct), change parameter name props to properties in order to match the identifier as it has been declared in Task IMessageHandler<TestEvent>.HandleAsync(TestEvent message, MessageProperties properties, CancellationToken cancellationToken) (https://learn.microsoft.com/dotnet/fundamentals/code-analysis/quality-rules/ca1725) [/var/home/saithis/work/Ratatoskr/tests/Ratatoskr.Tests/Ratatoskr.Tests.csproj]
/var/home/saithis/work/Ratatoskr/tests/Ratatoskr.Tests/Integration/Inbox/InboxTestBase.cs(57,95): warning CA1725: In member Task InboxHandlerA.HandleAsync(TestEvent message, MessageProperties props, CancellationToken ct), change parameter name ct to cancellationToken in order to match the identifier as it has been declared in Task IMessageHandler<TestEvent>.HandleAsync(TestEvent message, MessageProperties properties, CancellationToken cancellationToken) (https://learn.microsoft.com/dotnet/fundamentals/code-analysis/quality-rules/ca1725) [/var/home/saithis/work/Ratatoskr/tests/Ratatoskr.Tests/Ratatoskr.Tests.csproj]
/var/home/saithis/work/Ratatoskr/tests/Ratatoskr.Tests/Integration/Inbox/InboxTestBase.cs(63,70): warning RCS1168: Parameter name 'props' differs from base name 'properties' (https://josefpihrt.github.io/docs/roslynator/analyzers/RCS1168) [/var/home/saithis/work/Ratatoskr/tests/Ratatoskr.Tests/Ratatoskr.Tests.csproj]
/var/home/saithis/work/Ratatoskr/tests/Ratatoskr.Tests/Integration/Inbox/InboxTestBase.cs(63,95): warning RCS1168: Parameter name 'ct' differs from base name 'cancellationToken' (https://josefpihrt.github.io/docs/roslynator/analyzers/RCS1168) [/var/home/saithis/work/Ratatoskr/tests/Ratatoskr.Tests/Ratatoskr.Tests.csproj]
/var/home/saithis/work/Ratatoskr/tests/Ratatoskr.Tests/Integration/Inbox/InboxTestBase.cs(57,70): warning RCS1168: Parameter name 'props' differs from base name 'properties' (https://josefpihrt.github.io/docs/roslynator/analyzers/RCS1168) [/var/home/saithis/work/Ratatoskr/tests/Ratatoskr.Tests/Ratatoskr.Tests.csproj]
/var/home/saithis/work/Ratatoskr/tests/Ratatoskr.Tests/Integration/Inbox/InboxTestBase.cs(57,95): warning RCS1168: Parameter name 'ct' differs from base name 'cancellationToken' (https://josefpihrt.github.io/docs/roslynator/analyzers/RCS1168) [/var/home/saithis/work/Ratatoskr/tests/Ratatoskr.Tests/Ratatoskr.Tests.csproj]
/var/home/saithis/work/Ratatoskr/tests/Ratatoskr.Tests/RabbitMq/CloudEventsAmqpMapperIncomingTests.cs(259,23): warning MA0002: Use an overload that has a IEqualityComparer<string> or IComparer<string> parameter (https://github.com/meziantou/Meziantou.Analyzer/blob/main/docs/Rules/MA0002.md) [/var/home/saithis/work/Ratatoskr/tests/Ratatoskr.Tests/Ratatoskr.Tests.csproj]
/var/home/saithis/work/Ratatoskr/tests/Ratatoskr.Tests/RabbitMq/CloudEventsAmqpMapperIncomingTests.cs(312,13): warning MA0003: Name the parameter to improve code readability (https://github.com/meziantou/Meziantou.Analyzer/blob/main/docs/Rules/MA0003.md) [/var/home/saithis/work/Ratatoskr/tests/Ratatoskr.Tests/Ratatoskr.Tests.csproj]
/var/home/saithis/work/Ratatoskr/tests/Ratatoskr.Tests/RabbitMq/CloudEventsAmqpMapperOutgoingTests.cs(321,43): warning MA0127: Use string.Equals instead of 'is' pattern (https://github.com/meziantou/Meziantou.Analyzer/blob/main/docs/Rules/MA0127.md) [/var/home/saithis/work/Ratatoskr/tests/Ratatoskr.Tests/Ratatoskr.Tests.csproj]
/var/home/saithis/work/Ratatoskr/tests/Ratatoskr.Tests/RabbitMq/CloudEventsAmqpMapperOutgoingTests.cs(321,67): warning MA0127: Use string.Equals instead of 'is' pattern (https://github.com/meziantou/Meziantou.Analyzer/blob/main/docs/Rules/MA0127.md) [/var/home/saithis/work/Ratatoskr/tests/Ratatoskr.Tests/Ratatoskr.Tests.csproj]
/var/home/saithis/work/Ratatoskr/tests/Ratatoskr.Tests/RabbitMq/CloudEventsAmqpMapperIncomingTests.cs(290,23): warning MA0002: Use an overload that has a IEqualityComparer<string> or IComparer<string> parameter (https://github.com/meziantou/Meziantou.Analyzer/blob/main/docs/Rules/MA0002.md) [/var/home/saithis/work/Ratatoskr/tests/Ratatoskr.Tests/Ratatoskr.Tests.csproj]
/var/home/saithis/work/Ratatoskr/tests/Ratatoskr.Tests/Integration/Management/RequeuedCountTests.cs(23,72): warning MA0003: Name the parameter to improve code readability (https://github.com/meziantou/Meziantou.Analyzer/blob/main/docs/Rules/MA0003.md) [/var/home/saithis/work/Ratatoskr/tests/Ratatoskr.Tests/Ratatoskr.Tests.csproj]
/var/home/saithis/work/Ratatoskr/tests/Ratatoskr.Tests/Integration/Management/RequeuedCountTests.cs(36,72): warning MA0003: Name the parameter to improve code readability (https://github.com/meziantou/Meziantou.Analyzer/blob/main/docs/Rules/MA0003.md) [/var/home/saithis/work/Ratatoskr/tests/Ratatoskr.Tests/Ratatoskr.Tests.csproj]
/var/home/saithis/work/Ratatoskr/tests/Ratatoskr.Tests/RabbitMq/CloudEventsAmqpMapperIncomingTests.cs(351,13): warning MA0003: Name the parameter to improve code readability (https://github.com/meziantou/Meziantou.Analyzer/blob/main/docs/Rules/MA0003.md) [/var/home/saithis/work/Ratatoskr/tests/Ratatoskr.Tests/Ratatoskr.Tests.csproj]
/var/home/saithis/work/Ratatoskr/tests/Ratatoskr.Tests/RabbitMq/CloudEventsAmqpMapperIncomingTests.cs(380,13): warning MA0003: Name the parameter to improve code readability (https://github.com/meziantou/Meziantou.Analyzer/blob/main/docs/Rules/MA0003.md) [/var/home/saithis/work/Ratatoskr/tests/Ratatoskr.Tests/Ratatoskr.Tests.csproj]
/var/home/saithis/work/Ratatoskr/tests/Ratatoskr.Tests/RabbitMq/CloudEventsAmqpMapperIncomingTests.cs(412,13): warning MA0003: Name the parameter to improve code readability (https://github.com/meziantou/Meziantou.Analyzer/blob/main/docs/Rules/MA0003.md) [/var/home/saithis/work/Ratatoskr/tests/Ratatoskr.Tests/Ratatoskr.Tests.csproj]
/var/home/saithis/work/Ratatoskr/tests/Ratatoskr.Tests/RabbitMq/CloudEventsAmqpMapperIncomingTests.cs(475,13): warning MA0003: Name the parameter to improve code readability (https://github.com/meziantou/Meziantou.Analyzer/blob/main/docs/Rules/MA0003.md) [/var/home/saithis/work/Ratatoskr/tests/Ratatoskr.Tests/Ratatoskr.Tests.csproj]
/var/home/saithis/work/Ratatoskr/tests/Ratatoskr.Tests/Integration/Management/RequeuedCountTests.cs(52,72): warning MA0003: Name the parameter to improve code readability (https://github.com/meziantou/Meziantou.Analyzer/blob/main/docs/Rules/MA0003.md) [/var/home/saithis/work/Ratatoskr/tests/Ratatoskr.Tests/Ratatoskr.Tests.csproj]
/var/home/saithis/work/Ratatoskr/tests/Ratatoskr.Tests/RabbitMq/CloudEventsAmqpMapperIncomingTests.cs(460,23): warning MA0002: Use an overload that has a IEqualityComparer<string> or IComparer<string> parameter (https://github.com/meziantou/Meziantou.Analyzer/blob/main/docs/Rules/MA0002.md) [/var/home/saithis/work/Ratatoskr/tests/Ratatoskr.Tests/Ratatoskr.Tests.csproj]
/var/home/saithis/work/Ratatoskr/tests/Ratatoskr.Tests/Integration/ConsumeTests.cs(489,23): warning MA0002: Use an overload that has a IEqualityComparer<string> or IComparer<string> parameter (https://github.com/meziantou/Meziantou.Analyzer/blob/main/docs/Rules/MA0002.md) [/var/home/saithis/work/Ratatoskr/tests/Ratatoskr.Tests/Ratatoskr.Tests.csproj]
/var/home/saithis/work/Ratatoskr/tests/Ratatoskr.Tests/Integration/Inbox/InboxScopeAndIsolationTests.cs(150,70): warning RCS1168: Parameter name 'props' differs from base name 'properties' (https://josefpihrt.github.io/docs/roslynator/analyzers/RCS1168) [/var/home/saithis/work/Ratatoskr/tests/Ratatoskr.Tests/Ratatoskr.Tests.csproj]
/var/home/saithis/work/Ratatoskr/tests/Ratatoskr.Tests/Integration/Inbox/InboxScopeAndIsolationTests.cs(150,95): warning RCS1168: Parameter name 'ct' differs from base name 'cancellationToken' (https://josefpihrt.github.io/docs/roslynator/analyzers/RCS1168) [/var/home/saithis/work/Ratatoskr/tests/Ratatoskr.Tests/Ratatoskr.Tests.csproj]
/var/home/saithis/work/Ratatoskr/tests/Ratatoskr.Tests/Integration/Inbox/InboxScopeAndIsolationTests.cs(139,70): warning RCS1168: Parameter name 'props' differs from base name 'properties' (https://josefpihrt.github.io/docs/roslynator/analyzers/RCS1168) [/var/home/saithis/work/Ratatoskr/tests/Ratatoskr.Tests/Ratatoskr.Tests.csproj]
/var/home/saithis/work/Ratatoskr/tests/Ratatoskr.Tests/Integration/Inbox/InboxScopeAndIsolationTests.cs(139,95): warning RCS1168: Parameter name 'ct' differs from base name 'cancellationToken' (https://josefpihrt.github.io/docs/roslynator/analyzers/RCS1168) [/var/home/saithis/work/Ratatoskr/tests/Ratatoskr.Tests/Ratatoskr.Tests.csproj]
/var/home/saithis/work/Ratatoskr/tests/Ratatoskr.Tests/Integration/Inbox/InboxCancellationAndTimeoutTests.cs(70,47): warning MA0003: Name the parameter to improve code readability (https://github.com/meziantou/Meziantou.Analyzer/blob/main/docs/Rules/MA0003.md) [/var/home/saithis/work/Ratatoskr/tests/Ratatoskr.Tests/Ratatoskr.Tests.csproj]
/var/home/saithis/work/Ratatoskr/tests/Ratatoskr.Tests/Integration/RatatoskrIntegrationTest.cs(261,63): warning MA0003: Name the parameter to improve code readability (https://github.com/meziantou/Meziantou.Analyzer/blob/main/docs/Rules/MA0003.md) [/var/home/saithis/work/Ratatoskr/tests/Ratatoskr.Tests/Ratatoskr.Tests.csproj]
/var/home/saithis/work/Ratatoskr/tests/Ratatoskr.Tests/Integration/MessageTracking/MessageTrackingTransportTests.cs(207,45): warning MA0003: Name the parameter to improve code readability (https://github.com/meziantou/Meziantou.Analyzer/blob/main/docs/Rules/MA0003.md) [/var/home/saithis/work/Ratatoskr/tests/Ratatoskr.Tests/Ratatoskr.Tests.csproj]
/var/home/saithis/work/Ratatoskr/tests/Ratatoskr.Tests/Integration/Inbox/InboxBasicProcessingTests.cs(178,60): warning MA0020: Use 'TrueForAll()' instead of 'All()' (https://github.com/meziantou/Meziantou.Analyzer/blob/main/docs/Rules/MA0020.md) [/var/home/saithis/work/Ratatoskr/tests/Ratatoskr.Tests/Ratatoskr.Tests.csproj]
/var/home/saithis/work/Ratatoskr/tests/Ratatoskr.Tests/Integration/OpenTelemetry/OpenTelemetryTracingTests.cs(58,13): warning CA1310: The behavior of 'string.StartsWith(string)' could vary based on the current user's locale settings. Replace this call in 'Ratatoskr.Tests.Integration.OpenTelemetry.OpenTelemetryTracingTests.Tracing_WithOutbox_PropagatesContext()' with a call to 'string.StartsWith(string, System.StringComparison)'. (https://learn.microsoft.com/dotnet/fundamentals/code-analysis/quality-rules/ca1310) [/var/home/saithis/work/Ratatoskr/tests/Ratatoskr.Tests/Ratatoskr.Tests.csproj]
/var/home/saithis/work/Ratatoskr/tests/Ratatoskr.Tests/Integration/OpenTelemetry/OpenTelemetryTracingTests.cs(61,13): warning CA1310: The behavior of 'string.StartsWith(string)' could vary based on the current user's locale settings. Replace this call in 'Ratatoskr.Tests.Integration.OpenTelemetry.OpenTelemetryTracingTests.Tracing_WithOutbox_PropagatesContext()' with a call to 'string.StartsWith(string, System.StringComparison)'. (https://learn.microsoft.com/dotnet/fundamentals/code-analysis/quality-rules/ca1310) [/var/home/saithis/work/Ratatoskr/tests/Ratatoskr.Tests/Ratatoskr.Tests.csproj]
/var/home/saithis/work/Ratatoskr/tests/Ratatoskr.Tests/Integration/OpenTelemetry/OpenTelemetryTracingTests.cs(47,43): warning MA0020: Use 'Exists()' instead of 'Any()' (https://github.com/meziantou/Meziantou.Analyzer/blob/main/docs/Rules/MA0020.md) [/var/home/saithis/work/Ratatoskr/tests/Ratatoskr.Tests/Ratatoskr.Tests.csproj]
/var/home/saithis/work/Ratatoskr/tests/Ratatoskr.Tests/Integration/Inbox/InboxBatchAndEndToEndTests.cs(56,59): warning MA0076: Do not use implicit culture-sensitive ToString in interpolated strings (https://github.com/meziantou/Meziantou.Analyzer/blob/main/docs/Rules/MA0076.md) [/var/home/saithis/work/Ratatoskr/tests/Ratatoskr.Tests/Ratatoskr.Tests.csproj]
/var/home/saithis/work/Ratatoskr/tests/Ratatoskr.Tests/Integration/Inbox/InboxBatchAndEndToEndTests.cs(57,58): warning MA0076: Do not use implicit culture-sensitive ToString in interpolated strings (https://github.com/meziantou/Meziantou.Analyzer/blob/main/docs/Rules/MA0076.md) [/var/home/saithis/work/Ratatoskr/tests/Ratatoskr.Tests/Ratatoskr.Tests.csproj]
/var/home/saithis/work/Ratatoskr/tests/Ratatoskr.Tests/Integration/OpenTelemetry/OpenTelemetryTracingTests.cs(58,13): warning MA0074: Use an overload of 'StartsWith' that has a StringComparison parameter (https://github.com/meziantou/Meziantou.Analyzer/blob/main/docs/Rules/MA0074.md) [/var/home/saithis/work/Ratatoskr/tests/Ratatoskr.Tests/Ratatoskr.Tests.csproj]
/var/home/saithis/work/Ratatoskr/tests/Ratatoskr.Tests/Integration/OpenTelemetry/OpenTelemetryTracingTests.cs(61,13): warning MA0074: Use an overload of 'StartsWith' that has a StringComparison parameter (https://github.com/meziantou/Meziantou.Analyzer/blob/main/docs/Rules/MA0074.md) [/var/home/saithis/work/Ratatoskr/tests/Ratatoskr.Tests/Ratatoskr.Tests.csproj]
/var/home/saithis/work/Ratatoskr/tests/Ratatoskr.Tests/Integration/RatatoskrIntegrationTest.cs(317,20): warning CA1822: Member 'WaitForConditionAsync' does not access instance data and can be marked as static (https://learn.microsoft.com/dotnet/fundamentals/code-analysis/quality-rules/ca1822) [/var/home/saithis/work/Ratatoskr/tests/Ratatoskr.Tests/Ratatoskr.Tests.csproj]
/var/home/saithis/work/Ratatoskr/tests/Ratatoskr.Tests/Integration/OpenTelemetry/OpenTelemetryTracingTests.cs(153,13): warning CA1310: The behavior of 'string.StartsWith(string)' could vary based on the current user's locale settings. Replace this call in 'Ratatoskr.Tests.Integration.OpenTelemetry.OpenTelemetryTracingTests.Tracing_WithoutOutbox_PropagatesContext()' with a call to 'string.StartsWith(string, System.StringComparison)'. (https://learn.microsoft.com/dotnet/fundamentals/code-analysis/quality-rules/ca1310) [/var/home/saithis/work/Ratatoskr/tests/Ratatoskr.Tests/Ratatoskr.Tests.csproj]
/var/home/saithis/work/Ratatoskr/tests/Ratatoskr.Tests/Integration/OpenTelemetry/OpenTelemetryTracingTests.cs(156,13): warning CA1310: The behavior of 'string.StartsWith(string)' could vary based on the current user's locale settings. Replace this call in 'Ratatoskr.Tests.Integration.OpenTelemetry.OpenTelemetryTracingTests.Tracing_WithoutOutbox_PropagatesContext()' with a call to 'string.StartsWith(string, System.StringComparison)'. (https://learn.microsoft.com/dotnet/fundamentals/code-analysis/quality-rules/ca1310) [/var/home/saithis/work/Ratatoskr/tests/Ratatoskr.Tests/Ratatoskr.Tests.csproj]
/var/home/saithis/work/Ratatoskr/tests/Ratatoskr.Tests/Integration/Inbox/InboxCancellationAndTimeoutTests.cs(141,47): warning MA0003: Name the parameter to improve code readability (https://github.com/meziantou/Meziantou.Analyzer/blob/main/docs/Rules/MA0003.md) [/var/home/saithis/work/Ratatoskr/tests/Ratatoskr.Tests/Ratatoskr.Tests.csproj]
/var/home/saithis/work/Ratatoskr/tests/Ratatoskr.Tests/Integration/OpenTelemetry/OpenTelemetryTracingTests.cs(144,43): warning MA0020: Use 'Exists()' instead of 'Any()' (https://github.com/meziantou/Meziantou.Analyzer/blob/main/docs/Rules/MA0020.md) [/var/home/saithis/work/Ratatoskr/tests/Ratatoskr.Tests/Ratatoskr.Tests.csproj]
/var/home/saithis/work/Ratatoskr/tests/Ratatoskr.Tests/Integration/Management/OutboxManagementTests.cs(103,93): warning MA0003: Name the parameter to improve code readability (https://github.com/meziantou/Meziantou.Analyzer/blob/main/docs/Rules/MA0003.md) [/var/home/saithis/work/Ratatoskr/tests/Ratatoskr.Tests/Ratatoskr.Tests.csproj]
/var/home/saithis/work/Ratatoskr/tests/Ratatoskr.Tests/Integration/MessageTracking/MessageTrackingTestBase.cs(15,22): warning CA1822: Member 'DefaultRoutingKey' does not access instance data and can be marked as static (https://learn.microsoft.com/dotnet/fundamentals/code-analysis/quality-rules/ca1822) [/var/home/saithis/work/Ratatoskr/tests/Ratatoskr.Tests/Ratatoskr.Tests.csproj]
/var/home/saithis/work/Ratatoskr/tests/Ratatoskr.Tests/Integration/OpenTelemetry/OpenTelemetryTracingTests.cs(153,13): warning MA0074: Use an overload of 'StartsWith' that has a StringComparison parameter (https://github.com/meziantou/Meziantou.Analyzer/blob/main/docs/Rules/MA0074.md) [/var/home/saithis/work/Ratatoskr/tests/Ratatoskr.Tests/Ratatoskr.Tests.csproj]
/var/home/saithis/work/Ratatoskr/tests/Ratatoskr.Tests/Integration/OpenTelemetry/OpenTelemetryTracingTests.cs(156,13): warning MA0074: Use an overload of 'StartsWith' that has a StringComparison parameter (https://github.com/meziantou/Meziantou.Analyzer/blob/main/docs/Rules/MA0074.md) [/var/home/saithis/work/Ratatoskr/tests/Ratatoskr.Tests/Ratatoskr.Tests.csproj]
/var/home/saithis/work/Ratatoskr/tests/Ratatoskr.Tests/Integration/Management/OutboxManagementTests.cs(121,72): warning MA0003: Name the parameter to improve code readability (https://github.com/meziantou/Meziantou.Analyzer/blob/main/docs/Rules/MA0003.md) [/var/home/saithis/work/Ratatoskr/tests/Ratatoskr.Tests/Ratatoskr.Tests.csproj]
/var/home/saithis/work/Ratatoskr/tests/Ratatoskr.Tests/Integration/Inbox/InboxBasicProcessingTests.cs(258,60): warning MA0020: Use 'TrueForAll()' instead of 'All()' (https://github.com/meziantou/Meziantou.Analyzer/blob/main/docs/Rules/MA0020.md) [/var/home/saithis/work/Ratatoskr/tests/Ratatoskr.Tests/Ratatoskr.Tests.csproj]
/var/home/saithis/work/Ratatoskr/tests/Ratatoskr.Tests/Integration/Management/OutboxManagementTests.cs(137,72): warning MA0003: Name the parameter to improve code readability (https://github.com/meziantou/Meziantou.Analyzer/blob/main/docs/Rules/MA0003.md) [/var/home/saithis/work/Ratatoskr/tests/Ratatoskr.Tests/Ratatoskr.Tests.csproj]
/var/home/saithis/work/Ratatoskr/tests/Ratatoskr.Tests/Integration/OpenTelemetry/OpenTelemetryTestBase.cs(80,9): warning CA1822: Member 'GetRelevantMetrics' does not access instance data and can be marked as static (https://learn.microsoft.com/dotnet/fundamentals/code-analysis/quality-rules/ca1822) [/var/home/saithis/work/Ratatoskr/tests/Ratatoskr.Tests/Ratatoskr.Tests.csproj]
/var/home/saithis/work/Ratatoskr/tests/Ratatoskr.Tests/Integration/OpenTelemetry/OpenTelemetryTestBase.cs(128,32): warning CA1822: Member 'CreateActivityListener' does not access instance data and can be marked as static (https://learn.microsoft.com/dotnet/fundamentals/code-analysis/quality-rules/ca1822) [/var/home/saithis/work/Ratatoskr/tests/Ratatoskr.Tests/Ratatoskr.Tests.csproj]
/var/home/saithis/work/Ratatoskr/tests/Ratatoskr.Tests/Integration/Inbox/InboxBatchAndEndToEndTests.cs(133,59): warning MA0076: Do not use implicit culture-sensitive ToString in interpolated strings (https://github.com/meziantou/Meziantou.Analyzer/blob/main/docs/Rules/MA0076.md) [/var/home/saithis/work/Ratatoskr/tests/Ratatoskr.Tests/Ratatoskr.Tests.csproj]
/var/home/saithis/work/Ratatoskr/tests/Ratatoskr.Tests/Integration/Inbox/InboxBatchAndEndToEndTests.cs(134,58): warning MA0076: Do not use implicit culture-sensitive ToString in interpolated strings (https://github.com/meziantou/Meziantou.Analyzer/blob/main/docs/Rules/MA0076.md) [/var/home/saithis/work/Ratatoskr/tests/Ratatoskr.Tests/Ratatoskr.Tests.csproj]
/var/home/saithis/work/Ratatoskr/tests/Ratatoskr.Tests/Integration/OpenTelemetry/OpenTelemetryTestBase.cs(96,29): warning CA1822: Member 'CreateMeterListener' does not access instance data and can be marked as static (https://learn.microsoft.com/dotnet/fundamentals/code-analysis/quality-rules/ca1822) [/var/home/saithis/work/Ratatoskr/tests/Ratatoskr.Tests/Ratatoskr.Tests.csproj]
/var/home/saithis/work/Ratatoskr/tests/Ratatoskr.Tests/Integration/RabbitMqConsumerShutdownTests.cs(274,42): warning MA0076: Do not use implicit culture-sensitive ToString in interpolated strings (https://github.com/meziantou/Meziantou.Analyzer/blob/main/docs/Rules/MA0076.md) [/var/home/saithis/work/Ratatoskr/tests/Ratatoskr.Tests/Ratatoskr.Tests.csproj]
/var/home/saithis/work/Ratatoskr/tests/Ratatoskr.Tests/Integration/Management/OutboxManagementTests.cs(166,93): warning MA0003: Name the parameter to improve code readability (https://github.com/meziantou/Meziantou.Analyzer/blob/main/docs/Rules/MA0003.md) [/var/home/saithis/work/Ratatoskr/tests/Ratatoskr.Tests/Ratatoskr.Tests.csproj]
/var/home/saithis/work/Ratatoskr/tests/Ratatoskr.Tests/Integration/OpenTelemetry/OpenTelemetryTestBase.cs(138,30): warning CA1822: Member 'GetRelevantActivities' does not access instance data and can be marked as static (https://learn.microsoft.com/dotnet/fundamentals/code-analysis/quality-rules/ca1822) [/var/home/saithis/work/Ratatoskr/tests/Ratatoskr.Tests/Ratatoskr.Tests.csproj]
/var/home/saithis/work/Ratatoskr/tests/Ratatoskr.Tests/Integration/Inbox/InboxBasicProcessingTests.cs(345,17): warning CA2263: Prefer the generic overload 'Ratatoskr.Core.IMessageSerializer.Deserialize<TMessage>(byte[])' instead of 'Ratatoskr.Core.IMessageSerializer.Deserialize(byte[], System.Type)' (https://learn.microsoft.com/dotnet/fundamentals/code-analysis/quality-rules/ca2263) [/var/home/saithis/work/Ratatoskr/tests/Ratatoskr.Tests/Ratatoskr.Tests.csproj]
/var/home/saithis/work/Ratatoskr/tests/Ratatoskr.Tests/Integration/RabbitMqConsumerShutdownTests.cs(331,43): warning MA0076: Do not use implicit culture-sensitive ToString in interpolated strings (https://github.com/meziantou/Meziantou.Analyzer/blob/main/docs/Rules/MA0076.md) [/var/home/saithis/work/Ratatoskr/tests/Ratatoskr.Tests/Ratatoskr.Tests.csproj]
/var/home/saithis/work/Ratatoskr/tests/Ratatoskr.Tests/Integration/OpenTelemetry/OpenTelemetryTestBase.cs(155,20): warning CA1822: Member 'AssertActivityTags' does not access instance data and can be marked as static (https://learn.microsoft.com/dotnet/fundamentals/code-analysis/quality-rules/ca1822) [/var/home/saithis/work/Ratatoskr/tests/Ratatoskr.Tests/Ratatoskr.Tests.csproj]
/var/home/saithis/work/Ratatoskr/tests/Ratatoskr.Tests/Integration/RabbitMqConsumerShutdownTests.cs(391,44): warning MA0076: Do not use implicit culture-sensitive ToString in interpolated strings (https://github.com/meziantou/Meziantou.Analyzer/blob/main/docs/Rules/MA0076.md) [/var/home/saithis/work/Ratatoskr/tests/Ratatoskr.Tests/Ratatoskr.Tests.csproj]
/var/home/saithis/work/Ratatoskr/tests/Ratatoskr.Tests/Integration/OpenTelemetry/OpenTelemetryTestBase.cs(204,20): warning CA1822: Member 'AssertMetricTags' does not access instance data and can be marked as static (https://learn.microsoft.com/dotnet/fundamentals/code-analysis/quality-rules/ca1822) [/var/home/saithis/work/Ratatoskr/tests/Ratatoskr.Tests/Ratatoskr.Tests.csproj]
/var/home/saithis/work/Ratatoskr/tests/Ratatoskr.Tests/Integration/Inbox/InboxCancellationAndTimeoutTests.cs(309,31): warning RCS1168: Parameter name 'props' differs from base name 'properties' (https://josefpihrt.github.io/docs/roslynator/analyzers/RCS1168) [/var/home/saithis/work/Ratatoskr/tests/Ratatoskr.Tests/Ratatoskr.Tests.csproj]
/var/home/saithis/work/Ratatoskr/tests/Ratatoskr.Tests/Integration/Inbox/InboxCancellationAndTimeoutTests.cs(310,31): warning RCS1168: Parameter name 'ct' differs from base name 'cancellationToken' (https://josefpihrt.github.io/docs/roslynator/analyzers/RCS1168) [/var/home/saithis/work/Ratatoskr/tests/Ratatoskr.Tests/Ratatoskr.Tests.csproj]
/var/home/saithis/work/Ratatoskr/tests/Ratatoskr.Tests/Integration/Inbox/InboxCancellationAndTimeoutTests.cs(295,31): warning RCS1168: Parameter name 'props' differs from base name 'properties' (https://josefpihrt.github.io/docs/roslynator/analyzers/RCS1168) [/var/home/saithis/work/Ratatoskr/tests/Ratatoskr.Tests/Ratatoskr.Tests.csproj]
/var/home/saithis/work/Ratatoskr/tests/Ratatoskr.Tests/Integration/Inbox/InboxCancellationAndTimeoutTests.cs(296,31): warning RCS1168: Parameter name 'ct' differs from base name 'cancellationToken' (https://josefpihrt.github.io/docs/roslynator/analyzers/RCS1168) [/var/home/saithis/work/Ratatoskr/tests/Ratatoskr.Tests/Ratatoskr.Tests.csproj]
/var/home/saithis/work/Ratatoskr/tests/Ratatoskr.Tests/Integration/Inbox/InboxBasicProcessingTests.cs(409,31): warning RCS1168: Parameter name 'props' differs from base name 'properties' (https://josefpihrt.github.io/docs/roslynator/analyzers/RCS1168) [/var/home/saithis/work/Ratatoskr/tests/Ratatoskr.Tests/Ratatoskr.Tests.csproj]
/var/home/saithis/work/Ratatoskr/tests/Ratatoskr.Tests/Integration/Inbox/InboxBasicProcessingTests.cs(410,31): warning RCS1168: Parameter name 'ct' differs from base name 'cancellationToken' (https://josefpihrt.github.io/docs/roslynator/analyzers/RCS1168) [/var/home/saithis/work/Ratatoskr/tests/Ratatoskr.Tests/Ratatoskr.Tests.csproj]
/var/home/saithis/work/Ratatoskr/tests/Ratatoskr.Tests/Integration/Management/ManagementCoverageTests.cs(278,72): warning MA0003: Name the parameter to improve code readability (https://github.com/meziantou/Meziantou.Analyzer/blob/main/docs/Rules/MA0003.md) [/var/home/saithis/work/Ratatoskr/tests/Ratatoskr.Tests/Ratatoskr.Tests.csproj]
/var/home/saithis/work/Ratatoskr/tests/Ratatoskr.Tests/Integration/Outbox/OutboxTestBase.cs(42,31): warning MA0042: Use 'CreateAsyncScope' instead of 'CreateScope' (https://github.com/meziantou/Meziantou.Analyzer/blob/main/docs/Rules/MA0042.md) [/var/home/saithis/work/Ratatoskr/tests/Ratatoskr.Tests/Ratatoskr.Tests.csproj]
/var/home/saithis/work/Ratatoskr/tests/Ratatoskr.Tests/Integration/Outbox/OutboxTestBase.cs(36,31): warning CA1822: Member 'ProcessOutboxAsync' does not access instance data and can be marked as static (https://learn.microsoft.com/dotnet/fundamentals/code-analysis/quality-rules/ca1822) [/var/home/saithis/work/Ratatoskr/tests/Ratatoskr.Tests/Ratatoskr.Tests.csproj]
/var/home/saithis/work/Ratatoskr/tests/Ratatoskr.Tests/Integration/Outbox/OutboxTestBase.cs(17,22): warning CA1822: Member 'DefaultRoutingKey' does not access instance data and can be marked as static (https://learn.microsoft.com/dotnet/fundamentals/code-analysis/quality-rules/ca1822) [/var/home/saithis/work/Ratatoskr/tests/Ratatoskr.Tests/Ratatoskr.Tests.csproj]
/var/home/saithis/work/Ratatoskr/tests/Ratatoskr.Tests/Integration/Management/ManagementCoverageTests.cs(319,56): warning RCS1168: Parameter name '_' differs from base name 'serviceProvider' (https://josefpihrt.github.io/docs/roslynator/analyzers/RCS1168) [/var/home/saithis/work/Ratatoskr/tests/Ratatoskr.Tests/Ratatoskr.Tests.csproj]
/var/home/saithis/work/Ratatoskr/tests/Ratatoskr.Tests/Integration/RabbitMqConsumerShutdownTests.cs(124,27): warning RCS1168: Parameter name 'context' differs from base name 'properties' (https://josefpihrt.github.io/docs/roslynator/analyzers/RCS1168) [/var/home/saithis/work/Ratatoskr/tests/Ratatoskr.Tests/Ratatoskr.Tests.csproj]
/var/home/saithis/work/Ratatoskr/tests/Ratatoskr.Tests/Integration/RabbitMqConsumerShutdownTests.cs(155,27): warning RCS1168: Parameter name 'context' differs from base name 'properties' (https://josefpihrt.github.io/docs/roslynator/analyzers/RCS1168) [/var/home/saithis/work/Ratatoskr/tests/Ratatoskr.Tests/Ratatoskr.Tests.csproj]
/var/home/saithis/work/Ratatoskr/tests/Ratatoskr.Tests/Integration/Management/ManagementCoverageTests.cs(293,9): warning ASP0025: Use AddAuthorizationBuilder to register authorization services and construct policies (https://aka.ms/aspnet/analyzers) [/var/home/saithis/work/Ratatoskr/tests/Ratatoskr.Tests/Ratatoskr.Tests.csproj]
/var/home/saithis/work/Ratatoskr/tests/Ratatoskr.Tests/Integration/Management/ManagementAuthorizationTests.cs(32,13): warning ASP0025: Use AddAuthorizationBuilder to register authorization services and construct policies (https://aka.ms/aspnet/analyzers) [/var/home/saithis/work/Ratatoskr/tests/Ratatoskr.Tests/Ratatoskr.Tests.csproj]
/var/home/saithis/work/Ratatoskr/tests/Ratatoskr.Tests/Integration/Inbox/InboxCleanupServiceTests.cs(277,56): warning MA0076: Do not use implicit culture-sensitive ToString in interpolated strings (https://github.com/meziantou/Meziantou.Analyzer/blob/main/docs/Rules/MA0076.md) [/var/home/saithis/work/Ratatoskr/tests/Ratatoskr.Tests/Ratatoskr.Tests.csproj]
/var/home/saithis/work/Ratatoskr/tests/Ratatoskr.Tests/Integration/Inbox/InboxCleanupServiceTests.cs(280,27): warning MA0076: Do not use implicit culture-sensitive ToString in interpolated strings (https://github.com/meziantou/Meziantou.Analyzer/blob/main/docs/Rules/MA0076.md) [/var/home/saithis/work/Ratatoskr/tests/Ratatoskr.Tests/Ratatoskr.Tests.csproj]
/var/home/saithis/work/Ratatoskr/tests/Ratatoskr.Tests/Integration/Management/ManagementAuthorizationTests.cs(61,9): warning ASP0025: Use AddAuthorizationBuilder to register authorization services and construct policies (https://aka.ms/aspnet/analyzers) [/var/home/saithis/work/Ratatoskr/tests/Ratatoskr.Tests/Ratatoskr.Tests.csproj]
/var/home/saithis/work/Ratatoskr/tests/Ratatoskr.Tests/Integration/OpenTelemetry/OpenTelemetryMetricsTests.cs(57,43): warning MA0020: Use 'Exists()' instead of 'Any()' (https://github.com/meziantou/Meziantou.Analyzer/blob/main/docs/Rules/MA0020.md) [/var/home/saithis/work/Ratatoskr/tests/Ratatoskr.Tests/Ratatoskr.Tests.csproj]
/var/home/saithis/work/Ratatoskr/tests/Ratatoskr.Tests/Integration/Management/ManagementTestBase.cs(42,13): warning ASP0025: Use AddAuthorizationBuilder to register authorization services and construct policies (https://aka.ms/aspnet/analyzers) [/var/home/saithis/work/Ratatoskr/tests/Ratatoskr.Tests/Ratatoskr.Tests.csproj]
/var/home/saithis/work/Ratatoskr/tests/Ratatoskr.Tests/Integration/Outbox/OutboxDurabilityTests.cs(84,60): warning MA0020: Use 'TrueForAll()' instead of 'All()' (https://github.com/meziantou/Meziantou.Analyzer/blob/main/docs/Rules/MA0020.md) [/var/home/saithis/work/Ratatoskr/tests/Ratatoskr.Tests/Ratatoskr.Tests.csproj]
/var/home/saithis/work/Ratatoskr/tests/Ratatoskr.Tests/Integration/Outbox/OutboxBasicTests.cs(125,44): warning MA0020: Use 'Exists()' instead of 'Any()' (https://github.com/meziantou/Meziantou.Analyzer/blob/main/docs/Rules/MA0020.md) [/var/home/saithis/work/Ratatoskr/tests/Ratatoskr.Tests/Ratatoskr.Tests.csproj]
/var/home/saithis/work/Ratatoskr/tests/Ratatoskr.Tests/Integration/OpenTelemetry/OpenTelemetryMetricsTests.cs(247,28): warning RCS1246: Use element access (https://josefpihrt.github.io/docs/roslynator/analyzers/RCS1246) [/var/home/saithis/work/Ratatoskr/tests/Ratatoskr.Tests/Ratatoskr.Tests.csproj]
/var/home/saithis/work/Ratatoskr/tests/Ratatoskr.Tests/Integration/OpenTelemetry/OpenTelemetryMetricsTests.cs(247,28): warning MA0098: Use '[]' instead of 'Last()' (https://github.com/meziantou/Meziantou.Analyzer/blob/main/docs/Rules/MA0098.md) [/var/home/saithis/work/Ratatoskr/tests/Ratatoskr.Tests/Ratatoskr.Tests.csproj]
/var/home/saithis/work/Ratatoskr/tests/Ratatoskr.Tests/Integration/MessageTracking/MessageTrackingBasicTests.cs(322,35): warning MA0042: Use 'CreateAsyncScope' instead of 'CreateScope' (https://github.com/meziantou/Meziantou.Analyzer/blob/main/docs/Rules/MA0042.md) [/var/home/saithis/work/Ratatoskr/tests/Ratatoskr.Tests/Ratatoskr.Tests.csproj]
/var/home/saithis/work/Ratatoskr/tests/Ratatoskr.Tests/Integration/Management/InboxManagementTests.cs(43,13): warning MA0003: Name the parameter to improve code readability (https://github.com/meziantou/Meziantou.Analyzer/blob/main/docs/Rules/MA0003.md) [/var/home/saithis/work/Ratatoskr/tests/Ratatoskr.Tests/Ratatoskr.Tests.csproj]
/var/home/saithis/work/Ratatoskr/tests/Ratatoskr.Tests/Integration/OpenTelemetry/OpenTelemetryMetricsTests.cs(503,31): warning RCS1168: Parameter name 'context' differs from base name 'properties' (https://josefpihrt.github.io/docs/roslynator/analyzers/RCS1168) [/var/home/saithis/work/Ratatoskr/tests/Ratatoskr.Tests/Ratatoskr.Tests.csproj]
/var/home/saithis/work/Ratatoskr/tests/Ratatoskr.Tests/Integration/OpenTelemetry/OpenTelemetryMetricsTests.cs(523,31): warning RCS1168: Parameter name 'context' differs from base name 'properties' (https://josefpihrt.github.io/docs/roslynator/analyzers/RCS1168) [/var/home/saithis/work/Ratatoskr/tests/Ratatoskr.Tests/Ratatoskr.Tests.csproj]
/var/home/saithis/work/Ratatoskr/tests/Ratatoskr.Tests/Integration/OpenTelemetry/OpenTelemetryMetricsTests.cs(480,47): warning MA0003: Name the parameter to improve code readability (https://github.com/meziantou/Meziantou.Analyzer/blob/main/docs/Rules/MA0003.md) [/var/home/saithis/work/Ratatoskr/tests/Ratatoskr.Tests/Ratatoskr.Tests.csproj]
/var/home/saithis/work/Ratatoskr/tests/Ratatoskr.Tests/Integration/OpenTelemetry/OpenTelemetryMetricsTests.cs(511,73): warning MA0076: Do not use implicit culture-sensitive ToString in interpolated strings (https://github.com/meziantou/Meziantou.Analyzer/blob/main/docs/Rules/MA0076.md) [/var/home/saithis/work/Ratatoskr/tests/Ratatoskr.Tests/Ratatoskr.Tests.csproj]
/var/home/saithis/work/Ratatoskr/tests/Ratatoskr.Tests/Integration/OpenTelemetry/OpenTelemetryMetricsTests.cs(476,31): warning MA0042: Use 'CreateAsyncScope' instead of 'CreateScope' (https://github.com/meziantou/Meziantou.Analyzer/blob/main/docs/Rules/MA0042.md) [/var/home/saithis/work/Ratatoskr/tests/Ratatoskr.Tests/Ratatoskr.Tests.csproj]
/var/home/saithis/work/Ratatoskr/tests/Ratatoskr.Tests/Integration/Management/InboxManagementTests.cs(76,13): warning MA0003: Name the parameter to improve code readability (https://github.com/meziantou/Meziantou.Analyzer/blob/main/docs/Rules/MA0003.md) [/var/home/saithis/work/Ratatoskr/tests/Ratatoskr.Tests/Ratatoskr.Tests.csproj]
/var/home/saithis/work/Ratatoskr/tests/Ratatoskr.Tests/Integration/PublishTests.cs(235,23): warning MA0002: Use an overload that has a IEqualityComparer<string> or IComparer<string> parameter (https://github.com/meziantou/Meziantou.Analyzer/blob/main/docs/Rules/MA0002.md) [/var/home/saithis/work/Ratatoskr/tests/Ratatoskr.Tests/Ratatoskr.Tests.csproj]
/var/home/saithis/work/Ratatoskr/tests/Ratatoskr.Tests/Integration/PublishTests.cs(16,20): warning CA1822: Member 'DefaultRoutingKey' does not access instance data and can be marked as static (https://learn.microsoft.com/dotnet/fundamentals/code-analysis/quality-rules/ca1822) [/var/home/saithis/work/Ratatoskr/tests/Ratatoskr.Tests/Ratatoskr.Tests.csproj]
/var/home/saithis/work/Ratatoskr/tests/Ratatoskr.Tests/Integration/Outbox/OutboxProcessingTests.cs(133,60): warning MA0020: Use 'TrueForAll()' instead of 'All()' (https://github.com/meziantou/Meziantou.Analyzer/blob/main/docs/Rules/MA0020.md) [/var/home/saithis/work/Ratatoskr/tests/Ratatoskr.Tests/Ratatoskr.Tests.csproj]
/var/home/saithis/work/Ratatoskr/tests/Ratatoskr.Tests/Integration/MultiDbContextTests.cs(593,55): warning MA0076: Do not use implicit culture-sensitive ToString in interpolated strings (https://github.com/meziantou/Meziantou.Analyzer/blob/main/docs/Rules/MA0076.md) [/var/home/saithis/work/Ratatoskr/tests/Ratatoskr.Tests/Ratatoskr.Tests.csproj]
/var/home/saithis/work/Ratatoskr/tests/Ratatoskr.Tests/Integration/MultiDbContextTests.cs(593,79): warning MA0076: Do not use implicit culture-sensitive ToString in interpolated strings (https://github.com/meziantou/Meziantou.Analyzer/blob/main/docs/Rules/MA0076.md) [/var/home/saithis/work/Ratatoskr/tests/Ratatoskr.Tests/Ratatoskr.Tests.csproj]
/var/home/saithis/work/Ratatoskr/tests/Ratatoskr.Tests/Integration/MultiDbContextTests.cs(594,67): warning MA0076: Do not use implicit culture-sensitive ToString in interpolated strings (https://github.com/meziantou/Meziantou.Analyzer/blob/main/docs/Rules/MA0076.md) [/var/home/saithis/work/Ratatoskr/tests/Ratatoskr.Tests/Ratatoskr.Tests.csproj]
/var/home/saithis/work/Ratatoskr/tests/Ratatoskr.Tests/Integration/Inbox/InboxDeduplicationTests.cs(223,69): warning MA0076: Do not use implicit culture-sensitive ToString in interpolated strings (https://github.com/meziantou/Meziantou.Analyzer/blob/main/docs/Rules/MA0076.md) [/var/home/saithis/work/Ratatoskr/tests/Ratatoskr.Tests/Ratatoskr.Tests.csproj]
/var/home/saithis/work/Ratatoskr/tests/Ratatoskr.Tests/Integration/Inbox/InboxDeduplicationTests.cs(224,68): warning MA0076: Do not use implicit culture-sensitive ToString in interpolated strings (https://github.com/meziantou/Meziantou.Analyzer/blob/main/docs/Rules/MA0076.md) [/var/home/saithis/work/Ratatoskr/tests/Ratatoskr.Tests/Ratatoskr.Tests.csproj]
/var/home/saithis/work/Ratatoskr/tests/Ratatoskr.Tests/Integration/Outbox/OutboxProcessingTests.cs(360,79): warning MA0076: Do not use implicit culture-sensitive ToString in interpolated strings (https://github.com/meziantou/Meziantou.Analyzer/blob/main/docs/Rules/MA0076.md) [/var/home/saithis/work/Ratatoskr/tests/Ratatoskr.Tests/Ratatoskr.Tests.csproj]
/var/home/saithis/work/Ratatoskr/tests/Ratatoskr.Tests/Integration/Outbox/OutboxProcessingTests.cs(377,37): warning MA0020: Use 'TrueForAll()' instead of 'All()' (https://github.com/meziantou/Meziantou.Analyzer/blob/main/docs/Rules/MA0020.md) [/var/home/saithis/work/Ratatoskr/tests/Ratatoskr.Tests/Ratatoskr.Tests.csproj]
/var/home/saithis/work/Ratatoskr/tests/Ratatoskr.Tests/Integration/MultiDbContextTests.cs(681,59): warning MA0003: Name the parameter to improve code readability (https://github.com/meziantou/Meziantou.Analyzer/blob/main/docs/Rules/MA0003.md) [/var/home/saithis/work/Ratatoskr/tests/Ratatoskr.Tests/Ratatoskr.Tests.csproj]
/var/home/saithis/work/Ratatoskr/tests/Ratatoskr.Tests/Integration/MultiDbContextTests.cs(677,31): warning MA0042: Use 'CreateAsyncScope' instead of 'CreateScope' (https://github.com/meziantou/Meziantou.Analyzer/blob/main/docs/Rules/MA0042.md) [/var/home/saithis/work/Ratatoskr/tests/Ratatoskr.Tests/Ratatoskr.Tests.csproj]
/var/home/saithis/work/Ratatoskr/tests/Ratatoskr.Tests/Integration/MultiDbContextTests.cs(667,24): warning MA0076: Do not use implicit culture-sensitive ToString in interpolated strings (https://github.com/meziantou/Meziantou.Analyzer/blob/main/docs/Rules/MA0076.md) [/var/home/saithis/work/Ratatoskr/tests/Ratatoskr.Tests/Ratatoskr.Tests.csproj]
/var/home/saithis/work/Ratatoskr/tests/Ratatoskr.Tests/Integration/MultiDbContextTests.cs(701,59): warning MA0003: Name the parameter to improve code readability (https://github.com/meziantou/Meziantou.Analyzer/blob/main/docs/Rules/MA0003.md) [/var/home/saithis/work/Ratatoskr/tests/Ratatoskr.Tests/Ratatoskr.Tests.csproj]
/var/home/saithis/work/Ratatoskr/tests/Ratatoskr.Tests/Integration/MultiDbContextTests.cs(697,31): warning MA0042: Use 'CreateAsyncScope' instead of 'CreateScope' (https://github.com/meziantou/Meziantou.Analyzer/blob/main/docs/Rules/MA0042.md) [/var/home/saithis/work/Ratatoskr/tests/Ratatoskr.Tests/Ratatoskr.Tests.csproj]
/var/home/saithis/work/Ratatoskr/tests/Ratatoskr.Tests/Integration/MultiDbContextTests.cs(735,70): warning RCS1168: Parameter name 'props' differs from base name 'properties' (https://josefpihrt.github.io/docs/roslynator/analyzers/RCS1168) [/var/home/saithis/work/Ratatoskr/tests/Ratatoskr.Tests/Ratatoskr.Tests.csproj]
/var/home/saithis/work/Ratatoskr/tests/Ratatoskr.Tests/Integration/MultiDbContextTests.cs(735,95): warning RCS1168: Parameter name 'ct' differs from base name 'cancellationToken' (https://josefpihrt.github.io/docs/roslynator/analyzers/RCS1168) [/var/home/saithis/work/Ratatoskr/tests/Ratatoskr.Tests/Ratatoskr.Tests.csproj]
/var/home/saithis/work/Ratatoskr/tests/Ratatoskr.Tests/Integration/MultiDbContextTests.cs(729,70): warning RCS1168: Parameter name 'props' differs from base name 'properties' (https://josefpihrt.github.io/docs/roslynator/analyzers/RCS1168) [/var/home/saithis/work/Ratatoskr/tests/Ratatoskr.Tests/Ratatoskr.Tests.csproj]
/var/home/saithis/work/Ratatoskr/tests/Ratatoskr.Tests/Integration/MultiDbContextTests.cs(729,95): warning RCS1168: Parameter name 'ct' differs from base name 'cancellationToken' (https://josefpihrt.github.io/docs/roslynator/analyzers/RCS1168) [/var/home/saithis/work/Ratatoskr/tests/Ratatoskr.Tests/Ratatoskr.Tests.csproj]
/var/home/saithis/work/Ratatoskr/tests/Ratatoskr.Tests/Integration/MultiDbContextTests.cs(723,70): warning RCS1168: Parameter name 'props' differs from base name 'properties' (https://josefpihrt.github.io/docs/roslynator/analyzers/RCS1168) [/var/home/saithis/work/Ratatoskr/tests/Ratatoskr.Tests/Ratatoskr.Tests.csproj]
/var/home/saithis/work/Ratatoskr/tests/Ratatoskr.Tests/Integration/MultiDbContextTests.cs(723,95): warning RCS1168: Parameter name 'ct' differs from base name 'cancellationToken' (https://josefpihrt.github.io/docs/roslynator/analyzers/RCS1168) [/var/home/saithis/work/Ratatoskr/tests/Ratatoskr.Tests/Ratatoskr.Tests.csproj]
/var/home/saithis/work/Ratatoskr/tests/Ratatoskr.Tests/Integration/MultiDbContextTests.cs(717,70): warning RCS1168: Parameter name 'props' differs from base name 'properties' (https://josefpihrt.github.io/docs/roslynator/analyzers/RCS1168) [/var/home/saithis/work/Ratatoskr/tests/Ratatoskr.Tests/Ratatoskr.Tests.csproj]
/var/home/saithis/work/Ratatoskr/tests/Ratatoskr.Tests/Integration/MultiDbContextTests.cs(717,95): warning RCS1168: Parameter name 'ct' differs from base name 'cancellationToken' (https://josefpihrt.github.io/docs/roslynator/analyzers/RCS1168) [/var/home/saithis/work/Ratatoskr/tests/Ratatoskr.Tests/Ratatoskr.Tests.csproj]
/var/home/saithis/work/Ratatoskr/tests/Ratatoskr.Tests/Integration/Inbox/InboxErrorHandlingTests.cs(751,70): warning RCS1168: Parameter name 'props' differs from base name 'properties' (https://josefpihrt.github.io/docs/roslynator/analyzers/RCS1168) [/var/home/saithis/work/Ratatoskr/tests/Ratatoskr.Tests/Ratatoskr.Tests.csproj]
/var/home/saithis/work/Ratatoskr/tests/Ratatoskr.Tests/Integration/Inbox/InboxErrorHandlingTests.cs(751,95): warning RCS1168: Parameter name 'ct' differs from base name 'cancellationToken' (https://josefpihrt.github.io/docs/roslynator/analyzers/RCS1168) [/var/home/saithis/work/Ratatoskr/tests/Ratatoskr.Tests/Ratatoskr.Tests.csproj]
/var/home/saithis/work/Ratatoskr/tests/Ratatoskr.Tests/Integration/Outbox/OutboxDurabilityTests.cs(826,82): warning MA0076: Do not use implicit culture-sensitive ToString in interpolated strings (https://github.com/meziantou/Meziantou.Analyzer/blob/main/docs/Rules/MA0076.md) [/var/home/saithis/work/Ratatoskr/tests/Ratatoskr.Tests/Ratatoskr.Tests.csproj]
/var/home/saithis/work/Ratatoskr/tests/Ratatoskr.Tests/Integration/MultiDbContextTests.cs(671,29): warning CA1822: Member 'ProcessInboxAsync' does not access instance data and can be marked as static (https://learn.microsoft.com/dotnet/fundamentals/code-analysis/quality-rules/ca1822) [/var/home/saithis/work/Ratatoskr/tests/Ratatoskr.Tests/Ratatoskr.Tests.csproj]
/var/home/saithis/work/Ratatoskr/tests/Ratatoskr.Tests/Integration/MultiDbContextTests.cs(691,29): warning CA1822: Member 'ProcessOutboxAsync' does not access instance data and can be marked as static (https://learn.microsoft.com/dotnet/fundamentals/code-analysis/quality-rules/ca1822) [/var/home/saithis/work/Ratatoskr/tests/Ratatoskr.Tests/Ratatoskr.Tests.csproj]
  Ratatoskr.Tests -> /var/home/saithis/work/Ratatoskr/tests/Ratatoskr.Tests/bin/Debug/net10.0/Ratatoskr.Tests.dll

Build succeeded.

/var/home/saithis/work/Ratatoskr/src/Ratatoskr/AsyncApi/Config/AsyncApiOperationOptions.cs(21,20): warning CS1591: Missing XML comment for publicly visible type or member 'AsyncApiOperationOptions.Title' [/var/home/saithis/work/Ratatoskr/src/Ratatoskr/Ratatoskr.csproj]
/var/home/saithis/work/Ratatoskr/src/Ratatoskr/AsyncApi/Config/AsyncApiOperationOptions.cs(22,20): warning CS1591: Missing XML comment for publicly visible type or member 'AsyncApiOperationOptions.Summary' [/var/home/saithis/work/Ratatoskr/src/Ratatoskr/Ratatoskr.csproj]
/var/home/saithis/work/Ratatoskr/src/Ratatoskr/AsyncApi/Config/AsyncApiOperationOptions.cs(23,20): warning CS1591: Missing XML comment for publicly visible type or member 'AsyncApiOperationOptions.Description' [/var/home/saithis/work/Ratatoskr/src/Ratatoskr/Ratatoskr.csproj]
/var/home/saithis/work/Ratatoskr/src/Ratatoskr/AsyncApi/Config/AsyncApiOperationOptions.cs(24,26): warning CS1591: Missing XML comment for publicly visible type or member 'AsyncApiOperationOptions.Tags' [/var/home/saithis/work/Ratatoskr/src/Ratatoskr/Ratatoskr.csproj]
/var/home/saithis/work/Ratatoskr/src/Ratatoskr/AsyncApi/Config/AsyncApiOperationOptions.cs(26,37): warning CS1591: Missing XML comment for publicly visible type or member 'AsyncApiOperationOptions.WithId(string)' [/var/home/saithis/work/Ratatoskr/src/Ratatoskr/Ratatoskr.csproj]
/var/home/saithis/work/Ratatoskr/src/Ratatoskr/AsyncApi/Config/AsyncApiOperationOptions.cs(32,37): warning CS1591: Missing XML comment for publicly visible type or member 'AsyncApiOperationOptions.WithTitle(string)' [/var/home/saithis/work/Ratatoskr/src/Ratatoskr/Ratatoskr.csproj]
/var/home/saithis/work/Ratatoskr/src/Ratatoskr/AsyncApi/Config/AsyncApiOperationOptions.cs(38,37): warning CS1591: Missing XML comment for publicly visible type or member 'AsyncApiOperationOptions.WithSummary(string)' [/var/home/saithis/work/Ratatoskr/src/Ratatoskr/Ratatoskr.csproj]
/var/home/saithis/work/Ratatoskr/src/Ratatoskr/AsyncApi/Config/AsyncApiOperationOptions.cs(44,37): warning CS1591: Missing XML comment for publicly visible type or member 'AsyncApiOperationOptions.WithDescription(string)' [/var/home/saithis/work/Ratatoskr/src/Ratatoskr/Ratatoskr.csproj]
/var/home/saithis/work/Ratatoskr/src/Ratatoskr/AsyncApi/Config/AsyncApiOperationOptions.cs(50,37): warning CS1591: Missing XML comment for publicly visible type or member 'AsyncApiOperationOptions.WithTags(params string[])' [/var/home/saithis/work/Ratatoskr/src/Ratatoskr/Ratatoskr.csproj]
/var/home/saithis/work/Ratatoskr/src/Ratatoskr/AsyncApi/Config/AsyncApiOptions.cs(13,28): warning CS1591: Missing XML comment for publicly visible type or member 'AsyncApiOptions.WithTitle(string)' [/var/home/saithis/work/Ratatoskr/src/Ratatoskr/Ratatoskr.csproj]
/var/home/saithis/work/Ratatoskr/src/Ratatoskr/AsyncApi/Config/AsyncApiOptions.cs(19,28): warning CS1591: Missing XML comment for publicly visible type or member 'AsyncApiOptions.WithVersion(string)' [/var/home/saithis/work/Ratatoskr/src/Ratatoskr/Ratatoskr.csproj]
/var/home/saithis/work/Ratatoskr/src/Ratatoskr/AsyncApi/Config/AsyncApiOptions.cs(25,28): warning CS1591: Missing XML comment for publicly visible type or member 'AsyncApiOptions.WithDescription(string)' [/var/home/saithis/work/Ratatoskr/src/Ratatoskr/Ratatoskr.csproj]
/var/home/saithis/work/Ratatoskr/src/Ratatoskr/AsyncApi/Config/AsyncApiOptions.cs(31,28): warning CS1591: Missing XML comment for publicly visible type or member 'AsyncApiOptions.WithContact(string, string?, string?)' [/var/home/saithis/work/Ratatoskr/src/Ratatoskr/Ratatoskr.csproj]
/var/home/saithis/work/Ratatoskr/src/Ratatoskr/AsyncApi/Config/AsyncApiOptions.cs(42,28): warning CS1591: Missing XML comment for publicly visible type or member 'AsyncApiOptions.WithContact(string, Uri?, string?)' [/var/home/saithis/work/Ratatoskr/src/Ratatoskr/Ratatoskr.csproj]
/var/home/saithis/work/Ratatoskr/src/Ratatoskr/AsyncApi/Extensions/AsyncApiChannelBuilderExtensions.cs(7,21): warning CS1591: Missing XML comment for publicly visible type or member 'AsyncApiChannelBuilderExtensions' [/var/home/saithis/work/Ratatoskr/src/Ratatoskr/Ratatoskr.csproj]
/var/home/saithis/work/Ratatoskr/src/Ratatoskr/AsyncApi/Extensions/AsyncApiChannelBuilderExtensions.cs(9,41): warning CS1591: Missing XML comment for publicly visible type or member 'AsyncApiChannelBuilderExtensions.WithAsyncApi(PublishChannelBuilder, Action<AsyncApiChannelOptions>)' [/var/home/saithis/work/Ratatoskr/src/Ratatoskr/Ratatoskr.csproj]
/var/home/saithis/work/Ratatoskr/src/Ratatoskr/AsyncApi/Extensions/AsyncApiChannelBuilderExtensions.cs(22,41): warning CS1591: Missing XML comment for publicly visible type or member 'AsyncApiChannelBuilderExtensions.WithAsyncApi(ConsumeChannelBuilder, Action<AsyncApiChannelOptions>)' [/var/home/saithis/work/Ratatoskr/src/Ratatoskr/Ratatoskr.csproj]
/var/home/saithis/work/Ratatoskr/src/Ratatoskr/AsyncApi/Extensions/AsyncApiEndpointExtensions.cs(10,21): warning CS1591: Missing XML comment for publicly visible type or member 'AsyncApiEndpointExtensions' [/var/home/saithis/work/Ratatoskr/src/Ratatoskr/Ratatoskr.csproj]
/var/home/saithis/work/Ratatoskr/src/Ratatoskr/AsyncApi/Extensions/AsyncApiMessageBuilderExtensions.cs(7,21): warning CS1591: Missing XML comment for publicly visible type or member 'AsyncApiMessageBuilderExtensions' [/var/home/saithis/work/Ratatoskr/src/Ratatoskr/Ratatoskr.csproj]
/var/home/saithis/work/Ratatoskr/src/Ratatoskr/AsyncApi/Extensions/AsyncApiMessageBuilderExtensions.cs(9,34): warning CS1591: Missing XML comment for publicly visible type or member 'AsyncApiMessageBuilderExtensions.WithAsyncApi(MessageBuilder, Action<AsyncApiMessageOptions>)' [/var/home/saithis/work/Ratatoskr/src/Ratatoskr/Ratatoskr.csproj]
/var/home/saithis/work/Ratatoskr/src/Ratatoskr/AsyncApi/Generation/AsyncApiDocumentGenerator.cs(30,29): warning CS1591: Missing XML comment for publicly visible type or member 'AsyncApiDocumentGenerator.Generate()' [/var/home/saithis/work/Ratatoskr/src/Ratatoskr/Ratatoskr.csproj]
/var/home/saithis/work/Ratatoskr/src/Ratatoskr/AsyncApi/Model/AsyncApiChannel.cs(18,21): warning CS1591: Missing XML comment for publicly visible type or member 'AsyncApiChannel' [/var/home/saithis/work/Ratatoskr/src/Ratatoskr/Ratatoskr.csproj]
/var/home/saithis/work/Ratatoskr/src/Ratatoskr/AsyncApi/Model/AsyncApiChannel.cs(22,20): warning CS1591: Missing XML comment for publicly visible type or member 'AsyncApiChannel.Address' [/var/home/saithis/work/Ratatoskr/src/Ratatoskr/Ratatoskr.csproj]
/var/home/saithis/work/Ratatoskr/src/Ratatoskr/AsyncApi/Model/AsyncApiChannel.cs(33,20): warning CS1591: Missing XML comment for publicly visible type or member 'AsyncApiChannel.Title' [/var/home/saithis/work/Ratatoskr/src/Ratatoskr/Ratatoskr.csproj]
/var/home/saithis/work/Ratatoskr/src/Ratatoskr/AsyncApi/Model/AsyncApiChannel.cs(37,20): warning CS1591: Missing XML comment for publicly visible type or member 'AsyncApiChannel.Summary' [/var/home/saithis/work/Ratatoskr/src/Ratatoskr/Ratatoskr.csproj]
/var/home/saithis/work/Ratatoskr/src/Ratatoskr/AsyncApi/Model/AsyncApiChannel.cs(41,20): warning CS1591: Missing XML comment for publicly visible type or member 'AsyncApiChannel.Description' [/var/home/saithis/work/Ratatoskr/src/Ratatoskr/Ratatoskr.csproj]
/var/home/saithis/work/Ratatoskr/src/Ratatoskr/AsyncApi/Model/AsyncApiChannel.cs(52,29): warning CS1591: Missing XML comment for publicly visible type or member 'AsyncApiChannel.Bindings' [/var/home/saithis/work/Ratatoskr/src/Ratatoskr/Ratatoskr.csproj]
/var/home/saithis/work/Ratatoskr/src/Ratatoskr/AsyncApi/Model/AsyncApiChannel.cs(55,45): warning CS1591: Missing XML comment for publicly visible type or member 'AsyncApiChannel.Extensions' [/var/home/saithis/work/Ratatoskr/src/Ratatoskr/Ratatoskr.csproj]
/var/home/saithis/work/Ratatoskr/src/Ratatoskr/AsyncApi/Model/AsyncApiComponents.cs(11,21): warning CS1591: Missing XML comment for publicly visible type or member 'AsyncApiComponents' [/var/home/saithis/work/Ratatoskr/src/Ratatoskr/Ratatoskr.csproj]
/var/home/saithis/work/Ratatoskr/src/Ratatoskr/AsyncApi/Model/AsyncApiComponents.cs(15,44): warning CS1591: Missing XML comment for publicly visible type or member 'AsyncApiComponents.Schemas' [/var/home/saithis/work/Ratatoskr/src/Ratatoskr/Ratatoskr.csproj]
/var/home/saithis/work/Ratatoskr/src/Ratatoskr/AsyncApi/Model/AsyncApiComponents.cs(19,49): warning CS1591: Missing XML comment for publicly visible type or member 'AsyncApiComponents.Messages' [/var/home/saithis/work/Ratatoskr/src/Ratatoskr/Ratatoskr.csproj]
/var/home/saithis/work/Ratatoskr/src/Ratatoskr/AsyncApi/Model/AsyncApiComponents.cs(23,48): warning CS1591: Missing XML comment for publicly visible type or member 'AsyncApiComponents.Servers' [/var/home/saithis/work/Ratatoskr/src/Ratatoskr/Ratatoskr.csproj]
/var/home/saithis/work/Ratatoskr/src/Ratatoskr/AsyncApi/Model/AsyncApiDocument.cs(11,21): warning CS1591: Missing XML comment for publicly visible type or member 'AsyncApiDocument' [/var/home/saithis/work/Ratatoskr/src/Ratatoskr/Ratatoskr.csproj]
/var/home/saithis/work/Ratatoskr/src/Ratatoskr/AsyncApi/Model/AsyncApiDocument.cs(14,19): warning CS1591: Missing XML comment for publicly visible type or member 'AsyncApiDocument.AsyncApi' [/var/home/saithis/work/Ratatoskr/src/Ratatoskr/Ratatoskr.csproj]
/var/home/saithis/work/Ratatoskr/src/Ratatoskr/AsyncApi/Model/AsyncApiDocument.cs(17,25): warning CS1591: Missing XML comment for publicly visible type or member 'AsyncApiDocument.Info' [/var/home/saithis/work/Ratatoskr/src/Ratatoskr/Ratatoskr.csproj]
/var/home/saithis/work/Ratatoskr/src/Ratatoskr/AsyncApi/Model/AsyncApiDocument.cs(21,48): warning CS1591: Missing XML comment for publicly visible type or member 'AsyncApiDocument.Servers' [/var/home/saithis/work/Ratatoskr/src/Ratatoskr/Ratatoskr.csproj]
/var/home/saithis/work/Ratatoskr/src/Ratatoskr/AsyncApi/Model/AsyncApiDocument.cs(24,48): warning CS1591: Missing XML comment for publicly visible type or member 'AsyncApiDocument.Channels' [/var/home/saithis/work/Ratatoskr/src/Ratatoskr/Ratatoskr.csproj]
/var/home/saithis/work/Ratatoskr/src/Ratatoskr/AsyncApi/Model/AsyncApiDocument.cs(27,50): warning CS1591: Missing XML comment for publicly visible type or member 'AsyncApiDocument.Operations' [/var/home/saithis/work/Ratatoskr/src/Ratatoskr/Ratatoskr.csproj]
/var/home/saithis/work/Ratatoskr/src/Ratatoskr/AsyncApi/Model/AsyncApiDocument.cs(32,32): warning CS1591: Missing XML comment for publicly visible type or member 'AsyncApiDocument.Components' [/var/home/saithis/work/Ratatoskr/src/Ratatoskr/Ratatoskr.csproj]
/var/home/saithis/work/Ratatoskr/src/Ratatoskr/AsyncApi/Model/AsyncApiInfo.cs(5,21): warning CS1591: Missing XML comment for publicly visible type or member 'AsyncApiInfo' [/var/home/saithis/work/Ratatoskr/src/Ratatoskr/Ratatoskr.csproj]
/var/home/saithis/work/Ratatoskr/src/Ratatoskr/AsyncApi/Model/AsyncApiInfo.cs(8,19): warning CS1591: Missing XML comment for publicly visible type or member 'AsyncApiInfo.Title' [/var/home/saithis/work/Ratatoskr/src/Ratatoskr/Ratatoskr.csproj]
/var/home/saithis/work/Ratatoskr/src/Ratatoskr/AsyncApi/Model/AsyncApiInfo.cs(11,19): warning CS1591: Missing XML comment for publicly visible type or member 'AsyncApiInfo.Version' [/var/home/saithis/work/Ratatoskr/src/Ratatoskr/Ratatoskr.csproj]
/var/home/saithis/work/Ratatoskr/src/Ratatoskr/AsyncApi/Model/AsyncApiInfo.cs(15,20): warning CS1591: Missing XML comment for publicly visible type or member 'AsyncApiInfo.Description' [/var/home/saithis/work/Ratatoskr/src/Ratatoskr/Ratatoskr.csproj]
/var/home/saithis/work/Ratatoskr/src/Ratatoskr/AsyncApi/Model/AsyncApiInfo.cs(19,29): warning CS1591: Missing XML comment for publicly visible type or member 'AsyncApiInfo.Contact' [/var/home/saithis/work/Ratatoskr/src/Ratatoskr/Ratatoskr.csproj]
/var/home/saithis/work/Ratatoskr/src/Ratatoskr/AsyncApi/Model/AsyncApiInfo.cs(22,21): warning CS1591: Missing XML comment for publicly visible type or member 'AsyncApiContact' [/var/home/saithis/work/Ratatoskr/src/Ratatoskr/Ratatoskr.csproj]
/var/home/saithis/work/Ratatoskr/src/Ratatoskr/AsyncApi/Model/AsyncApiInfo.cs(26,20): warning CS1591: Missing XML comment for publicly visible type or member 'AsyncApiContact.Name' [/var/home/saithis/work/Ratatoskr/src/Ratatoskr/Ratatoskr.csproj]
/var/home/saithis/work/Ratatoskr/src/Ratatoskr/AsyncApi/Model/AsyncApiInfo.cs(30,20): warning CS1591: Missing XML comment for publicly visible type or member 'AsyncApiContact.Url' [/var/home/saithis/work/Ratatoskr/src/Ratatoskr/Ratatoskr.csproj]
/var/home/saithis/work/Ratatoskr/src/Ratatoskr/AsyncApi/Model/AsyncApiInfo.cs(34,20): warning CS1591: Missing XML comment for publicly visible type or member 'AsyncApiContact.Email' [/var/home/saithis/work/Ratatoskr/src/Ratatoskr/Ratatoskr.csproj]
/var/home/saithis/work/Ratatoskr/src/Ratatoskr/AsyncApi/Model/AsyncApiMessage.cs(18,21): warning CS1591: Missing XML comment for publicly visible type or member 'AsyncApiMessage' [/var/home/saithis/work/Ratatoskr/src/Ratatoskr/Ratatoskr.csproj]
/var/home/saithis/work/Ratatoskr/src/Ratatoskr/AsyncApi/Model/AsyncApiMessage.cs(22,20): warning CS1591: Missing XML comment for publicly visible type or member 'AsyncApiMessage.Name' [/var/home/saithis/work/Ratatoskr/src/Ratatoskr/Ratatoskr.csproj]
/var/home/saithis/work/Ratatoskr/src/Ratatoskr/AsyncApi/Model/AsyncApiMessage.cs(26,20): warning CS1591: Missing XML comment for publicly visible type or member 'AsyncApiMessage.Title' [/var/home/saithis/work/Ratatoskr/src/Ratatoskr/Ratatoskr.csproj]
/var/home/saithis/work/Ratatoskr/src/Ratatoskr/AsyncApi/Model/AsyncApiMessage.cs(30,20): warning CS1591: Missing XML comment for publicly visible type or member 'AsyncApiMessage.Summary' [/var/home/saithis/work/Ratatoskr/src/Ratatoskr/Ratatoskr.csproj]
/var/home/saithis/work/Ratatoskr/src/Ratatoskr/AsyncApi/Model/AsyncApiMessage.cs(34,20): warning CS1591: Missing XML comment for publicly visible type or member 'AsyncApiMessage.Description' [/var/home/saithis/work/Ratatoskr/src/Ratatoskr/Ratatoskr.csproj]
/var/home/saithis/work/Ratatoskr/src/Ratatoskr/AsyncApi/Model/AsyncApiMessage.cs(38,20): warning CS1591: Missing XML comment for publicly visible type or member 'AsyncApiMessage.ContentType' [/var/home/saithis/work/Ratatoskr/src/Ratatoskr/Ratatoskr.csproj]
/var/home/saithis/work/Ratatoskr/src/Ratatoskr/AsyncApi/Model/AsyncApiMessage.cs(56,29): warning CS1591: Missing XML comment for publicly visible type or member 'AsyncApiMessage.Bindings' [/var/home/saithis/work/Ratatoskr/src/Ratatoskr/Ratatoskr.csproj]
/var/home/saithis/work/Ratatoskr/src/Ratatoskr/AsyncApi/Model/AsyncApiOperation.cs(17,21): warning CS1591: Missing XML comment for publicly visible type or member 'AsyncApiOperation' [/var/home/saithis/work/Ratatoskr/src/Ratatoskr/Ratatoskr.csproj]
/var/home/saithis/work/Ratatoskr/src/Ratatoskr/AsyncApi/Model/AsyncApiOperation.cs(25,31): warning CS1591: Missing XML comment for publicly visible type or member 'AsyncApiOperation.Channel' [/var/home/saithis/work/Ratatoskr/src/Ratatoskr/Ratatoskr.csproj]
/var/home/saithis/work/Ratatoskr/src/Ratatoskr/AsyncApi/Model/AsyncApiOperation.cs(29,20): warning CS1591: Missing XML comment for publicly visible type or member 'AsyncApiOperation.Title' [/var/home/saithis/work/Ratatoskr/src/Ratatoskr/Ratatoskr.csproj]
/var/home/saithis/work/Ratatoskr/src/Ratatoskr/AsyncApi/Model/AsyncApiOperation.cs(33,20): warning CS1591: Missing XML comment for publicly visible type or member 'AsyncApiOperation.Summary' [/var/home/saithis/work/Ratatoskr/src/Ratatoskr/Ratatoskr.csproj]
/var/home/saithis/work/Ratatoskr/src/Ratatoskr/AsyncApi/Model/AsyncApiOperation.cs(37,20): warning CS1591: Missing XML comment for publicly visible type or member 'AsyncApiOperation.Description' [/var/home/saithis/work/Ratatoskr/src/Ratatoskr/Ratatoskr.csproj]
/var/home/saithis/work/Ratatoskr/src/Ratatoskr/AsyncApi/Model/AsyncApiOperation.cs(48,31): warning CS1591: Missing XML comment for publicly visible type or member 'AsyncApiOperation.Bindings' [/var/home/saithis/work/Ratatoskr/src/Ratatoskr/Ratatoskr.csproj]
/var/home/saithis/work/Ratatoskr/src/Ratatoskr/AsyncApi/Model/AsyncApiOperation.cs(52,31): warning CS1591: Missing XML comment for publicly visible type or member 'AsyncApiOperation.Tags' [/var/home/saithis/work/Ratatoskr/src/Ratatoskr/Ratatoskr.csproj]
/var/home/saithis/work/Ratatoskr/src/Ratatoskr/AsyncApi/Model/AsyncApiReference.cs(5,21): warning CS1591: Missing XML comment for publicly visible type or member 'AsyncApiReference' [/var/home/saithis/work/Ratatoskr/src/Ratatoskr/Ratatoskr.csproj]
/var/home/saithis/work/Ratatoskr/src/Ratatoskr/AsyncApi/Model/AsyncApiReference.cs(8,19): warning CS1591: Missing XML comment for publicly visible type or member 'AsyncApiReference.Ref' [/var/home/saithis/work/Ratatoskr/src/Ratatoskr/Ratatoskr.csproj]
/var/home/saithis/work/Ratatoskr/src/Ratatoskr/AsyncApi/Model/AsyncApiReference.cs(10,12): warning CS1591: Missing XML comment for publicly visible type or member 'AsyncApiReference.AsyncApiReference(string)' [/var/home/saithis/work/Ratatoskr/src/Ratatoskr/Ratatoskr.csproj]
/var/home/saithis/work/Ratatoskr/src/Ratatoskr/AsyncApi/Model/AsyncApiReference.cs(12,37): warning CS1591: Missing XML comment for publicly visible type or member 'AsyncApiReference.ToChannel(string)' [/var/home/saithis/work/Ratatoskr/src/Ratatoskr/Ratatoskr.csproj]
/var/home/saithis/work/Ratatoskr/src/Ratatoskr/AsyncApi/Model/AsyncApiReference.cs(15,37): warning CS1591: Missing XML comment for publicly visible type or member 'AsyncApiReference.ToComponentMessage(string)' [/var/home/saithis/work/Ratatoskr/src/Ratatoskr/Ratatoskr.csproj]
/var/home/saithis/work/Ratatoskr/src/Ratatoskr/AsyncApi/Model/AsyncApiReference.cs(18,37): warning CS1591: Missing XML comment for publicly visible type or member 'AsyncApiReference.ToChannelMessage(string, string)' [/var/home/saithis/work/Ratatoskr/src/Ratatoskr/Ratatoskr.csproj]
/var/home/saithis/work/Ratatoskr/src/Ratatoskr/AsyncApi/Model/AsyncApiReference.cs(21,37): warning CS1591: Missing XML comment for publicly visible type or member 'AsyncApiReference.ToServer(string)' [/var/home/saithis/work/Ratatoskr/src/Ratatoskr/Ratatoskr.csproj]
/var/home/saithis/work/Ratatoskr/src/Ratatoskr/AsyncApi/Model/AsyncApiReference.cs(23,37): warning CS1591: Missing XML comment for publicly visible type or member 'AsyncApiReference.ToSchema(string)' [/var/home/saithis/work/Ratatoskr/src/Ratatoskr/Ratatoskr.csproj]
/var/home/saithis/work/Ratatoskr/src/Ratatoskr/AsyncApi/Model/AsyncApiServer.cs(5,21): warning CS1591: Missing XML comment for publicly visible type or member 'AsyncApiServer' [/var/home/saithis/work/Ratatoskr/src/Ratatoskr/Ratatoskr.csproj]
/var/home/saithis/work/Ratatoskr/src/Ratatoskr/AsyncApi/Model/AsyncApiServer.cs(8,19): warning CS1591: Missing XML comment for publicly visible type or member 'AsyncApiServer.Host' [/var/home/saithis/work/Ratatoskr/src/Ratatoskr/Ratatoskr.csproj]
/var/home/saithis/work/Ratatoskr/src/Ratatoskr/AsyncApi/Model/AsyncApiServer.cs(11,19): warning CS1591: Missing XML comment for publicly visible type or member 'AsyncApiServer.Protocol' [/var/home/saithis/work/Ratatoskr/src/Ratatoskr/Ratatoskr.csproj]
/var/home/saithis/work/Ratatoskr/src/Ratatoskr/AsyncApi/Model/AsyncApiServer.cs(15,20): warning CS1591: Missing XML comment for publicly visible type or member 'AsyncApiServer.ProtocolVersion' [/var/home/saithis/work/Ratatoskr/src/Ratatoskr/Ratatoskr.csproj]
/var/home/saithis/work/Ratatoskr/src/Ratatoskr/AsyncApi/Model/AsyncApiServer.cs(19,20): warning CS1591: Missing XML comment for publicly visible type or member 'AsyncApiServer.Description' [/var/home/saithis/work/Ratatoskr/src/Ratatoskr/Ratatoskr.csproj]
/var/home/saithis/work/Ratatoskr/src/Ratatoskr/AsyncApi/Model/AsyncApiTag.cs(5,21): warning CS1591: Missing XML comment for publicly visible type or member 'AsyncApiTag' [/var/home/saithis/work/Ratatoskr/src/Ratatoskr/Ratatoskr.csproj]
/var/home/saithis/work/Ratatoskr/src/Ratatoskr/AsyncApi/Model/AsyncApiTag.cs(8,19): warning CS1591: Missing XML comment for publicly visible type or member 'AsyncApiTag.Name' [/var/home/saithis/work/Ratatoskr/src/Ratatoskr/Ratatoskr.csproj]
/var/home/saithis/work/Ratatoskr/src/Ratatoskr/AsyncApi/Model/AsyncApiTag.cs(12,20): warning CS1591: Missing XML comment for publicly visible type or member 'AsyncApiTag.Description' [/var/home/saithis/work/Ratatoskr/src/Ratatoskr/Ratatoskr.csproj]
/var/home/saithis/work/Ratatoskr/src/Ratatoskr/AsyncApi/Model/Bindings/AmqpChannelBinding.cs(5,21): warning CS1591: Missing XML comment for publicly visible type or member 'ChannelBindings' [/var/home/saithis/work/Ratatoskr/src/Ratatoskr/Ratatoskr.csproj]
/var/home/saithis/work/Ratatoskr/src/Ratatoskr/AsyncApi/Model/Bindings/AmqpChannelBinding.cs(15,21): warning CS1591: Missing XML comment for publicly visible type or member 'AmqpChannelBinding' [/var/home/saithis/work/Ratatoskr/src/Ratatoskr/Ratatoskr.csproj]
/var/home/saithis/work/Ratatoskr/src/Ratatoskr/AsyncApi/Model/Bindings/AmqpChannelBinding.cs(44,21): warning CS1591: Missing XML comment for publicly visible type or member 'AmqpExchangeDefinition' [/var/home/saithis/work/Ratatoskr/src/Ratatoskr/Ratatoskr.csproj]
/var/home/saithis/work/Ratatoskr/src/Ratatoskr/AsyncApi/Model/Bindings/AmqpChannelBinding.cs(82,21): warning CS1591: Missing XML comment for publicly visible type or member 'AmqpQueueDefinition' [/var/home/saithis/work/Ratatoskr/src/Ratatoskr/Ratatoskr.csproj]
/var/home/saithis/work/Ratatoskr/src/Ratatoskr/AsyncApi/Model/Bindings/AmqpMessageBinding.cs(5,21): warning CS1591: Missing XML comment for publicly visible type or member 'MessageBindings' [/var/home/saithis/work/Ratatoskr/src/Ratatoskr/Ratatoskr.csproj]
/var/home/saithis/work/Ratatoskr/src/Ratatoskr/AsyncApi/Model/Bindings/AmqpMessageBinding.cs(15,21): warning CS1591: Missing XML comment for publicly visible type or member 'AmqpMessageBinding' [/var/home/saithis/work/Ratatoskr/src/Ratatoskr/Ratatoskr.csproj]
/var/home/saithis/work/Ratatoskr/src/Ratatoskr/AsyncApi/Model/Bindings/AmqpOperationBinding.cs(6,21): warning CS1591: Missing XML comment for publicly visible type or member 'OperationBindings' [/var/home/saithis/work/Ratatoskr/src/Ratatoskr/Ratatoskr.csproj]
/var/home/saithis/work/Ratatoskr/src/Ratatoskr/AsyncApi/Model/Bindings/AmqpOperationBinding.cs(26,21): warning CS1591: Missing XML comment for publicly visible type or member 'AmqpOperationBinding' [/var/home/saithis/work/Ratatoskr/src/Ratatoskr/Ratatoskr.csproj]
/var/home/saithis/work/Ratatoskr/src/Ratatoskr/AsyncApi/Model/EventCatalogMessageType.cs(3,13): warning CS1591: Missing XML comment for publicly visible type or member 'EventCatalogMessageType' [/var/home/saithis/work/Ratatoskr/src/Ratatoskr/Ratatoskr.csproj]
/var/home/saithis/work/Ratatoskr/src/Ratatoskr/AsyncApi/Model/EventCatalogMessageType.cs(5,5): warning CS1591: Missing XML comment for publicly visible type or member 'EventCatalogMessageType.Event' [/var/home/saithis/work/Ratatoskr/src/Ratatoskr/Ratatoskr.csproj]
/var/home/saithis/work/Ratatoskr/src/Ratatoskr/AsyncApi/Model/EventCatalogMessageType.cs(6,5): warning CS1591: Missing XML comment for publicly visible type or member 'EventCatalogMessageType.Command' [/var/home/saithis/work/Ratatoskr/src/Ratatoskr/Ratatoskr.csproj]
/var/home/saithis/work/Ratatoskr/src/Ratatoskr/AsyncApi/Model/JsonSchema.cs(36,20): warning CS1591: Missing XML comment for publicly visible type or member 'JsonSchema.Format' [/var/home/saithis/work/Ratatoskr/src/Ratatoskr/Ratatoskr.csproj]
/var/home/saithis/work/Ratatoskr/src/Ratatoskr/AsyncApi/Model/JsonSchema.cs(40,20): warning CS1591: Missing XML comment for publicly visible type or member 'JsonSchema.Description' [/var/home/saithis/work/Ratatoskr/src/Ratatoskr/Ratatoskr.csproj]
/var/home/saithis/work/Ratatoskr/src/Ratatoskr/AsyncApi/Model/JsonSchema.cs(49,26): warning CS1591: Missing XML comment for publicly visible type or member 'JsonSchema.Required' [/var/home/saithis/work/Ratatoskr/src/Ratatoskr/Ratatoskr.csproj]
/var/home/saithis/work/Ratatoskr/src/Ratatoskr/AsyncApi/Model/JsonSchema.cs(53,44): warning CS1591: Missing XML comment for publicly visible type or member 'JsonSchema.Properties' [/var/home/saithis/work/Ratatoskr/src/Ratatoskr/Ratatoskr.csproj]
/var/home/saithis/work/Ratatoskr/src/Ratatoskr/AsyncApi/Model/JsonSchema.cs(57,24): warning CS1591: Missing XML comment for publicly visible type or member 'JsonSchema.AdditionalProperties' [/var/home/saithis/work/Ratatoskr/src/Ratatoskr/Ratatoskr.csproj]
/var/home/saithis/work/Ratatoskr/src/Ratatoskr/AsyncApi/Model/JsonSchema.cs(61,24): warning CS1591: Missing XML comment for publicly visible type or member 'JsonSchema.Items' [/var/home/saithis/work/Ratatoskr/src/Ratatoskr/Ratatoskr.csproj]
/var/home/saithis/work/Ratatoskr/src/Ratatoskr/AsyncApi/Model/JsonSchema.cs(65,26): warning CS1591: Missing XML comment for publicly visible type or member 'JsonSchema.Enum' [/var/home/saithis/work/Ratatoskr/src/Ratatoskr/Ratatoskr.csproj]
/var/home/saithis/work/Ratatoskr/src/Ratatoskr/AsyncApi/Model/JsonSchema.cs(79,17): warning CS1591: Missing XML comment for publicly visible type or member 'JsonSchema.MaxLength' [/var/home/saithis/work/Ratatoskr/src/Ratatoskr/Ratatoskr.csproj]
/var/home/saithis/work/Ratatoskr/src/Ratatoskr/AsyncApi/Model/JsonSchema.cs(83,17): warning CS1591: Missing XML comment for publicly visible type or member 'JsonSchema.MinLength' [/var/home/saithis/work/Ratatoskr/src/Ratatoskr/Ratatoskr.csproj]
/var/home/saithis/work/Ratatoskr/src/Ratatoskr/AsyncApi/Model/JsonSchema.cs(87,20): warning CS1591: Missing XML comment for publicly visible type or member 'JsonSchema.Minimum' [/var/home/saithis/work/Ratatoskr/src/Ratatoskr/Ratatoskr.csproj]
/var/home/saithis/work/Ratatoskr/src/Ratatoskr/AsyncApi/Model/JsonSchema.cs(91,20): warning CS1591: Missing XML comment for publicly visible type or member 'JsonSchema.Maximum' [/var/home/saithis/work/Ratatoskr/src/Ratatoskr/Ratatoskr.csproj]
/var/home/saithis/work/Ratatoskr/src/Ratatoskr/AsyncApi/Model/JsonSchema.cs(95,20): warning CS1591: Missing XML comment for publicly visible type or member 'JsonSchema.Pattern' [/var/home/saithis/work/Ratatoskr/src/Ratatoskr/Ratatoskr.csproj]
/var/home/saithis/work/Ratatoskr/src/Ratatoskr/CloudEvents/CloudEventEnvelope.cs(83,17): warning CS1591: Missing XML comment for publicly visible type or member 'CloudEventEnvelope.TryGetExtension<T>(string, out T?)' [/var/home/saithis/work/Ratatoskr/src/Ratatoskr/Ratatoskr.csproj]
/var/home/saithis/work/Ratatoskr/src/Ratatoskr/CloudEvents/CloudEventsConstants.cs(3,21): warning CS1591: Missing XML comment for publicly visible type or member 'CloudEventsConstants' [/var/home/saithis/work/Ratatoskr/src/Ratatoskr/Ratatoskr.csproj]
/var/home/saithis/work/Ratatoskr/src/Ratatoskr/CloudEvents/CloudEventsConstants.cs(5,25): warning CS1591: Missing XML comment for publicly visible type or member 'CloudEventsConstants.SpecVersion' [/var/home/saithis/work/Ratatoskr/src/Ratatoskr/Ratatoskr.csproj]
/var/home/saithis/work/Ratatoskr/src/Ratatoskr/CloudEvents/CloudEventsConstants.cs(6,25): warning CS1591: Missing XML comment for publicly visible type or member 'CloudEventsConstants.JsonContentType' [/var/home/saithis/work/Ratatoskr/src/Ratatoskr/Ratatoskr.csproj]
/var/home/saithis/work/Ratatoskr/src/Ratatoskr/Config/ChannelBuilder.cs(6,23): warning CS1591: Missing XML comment for publicly visible type or member 'ChannelBuilder' [/var/home/saithis/work/Ratatoskr/src/Ratatoskr/Ratatoskr.csproj]
/var/home/saithis/work/Ratatoskr/src/Ratatoskr/Config/ChannelBuilder.cs(6,23): warning CS1591: Missing XML comment for publicly visible type or member 'ChannelBuilder.ChannelBuilder(ChannelRegistration)' [/var/home/saithis/work/Ratatoskr/src/Ratatoskr/Ratatoskr.csproj]
/var/home/saithis/work/Ratatoskr/src/Ratatoskr/Config/ConsumeChannelBuilder.cs(6,21): warning CS1591: Missing XML comment for publicly visible type or member 'ConsumeChannelBuilder' [/var/home/saithis/work/Ratatoskr/src/Ratatoskr/Ratatoskr.csproj]
/var/home/saithis/work/Ratatoskr/src/Ratatoskr/Config/ConsumeChannelBuilder.cs(6,21): warning CS1591: Missing XML comment for publicly visible type or member 'ConsumeChannelBuilder.ConsumeChannelBuilder(ChannelRegistration, IServiceCollection, RatatoskrBuilder)' [/var/home/saithis/work/Ratatoskr/src/Ratatoskr/Ratatoskr.csproj]
/var/home/saithis/work/Ratatoskr/src/Ratatoskr/Config/MessageBuilder.cs(5,21): warning CS1591: Missing XML comment for publicly visible type or member 'MessageBuilder' [/var/home/saithis/work/Ratatoskr/src/Ratatoskr/Ratatoskr.csproj]
/var/home/saithis/work/Ratatoskr/src/Ratatoskr/Config/MessageBuilder.cs(5,21): warning CS1591: Missing XML comment for publicly visible type or member 'MessageBuilder.MessageBuilder(MessageRegistration)' [/var/home/saithis/work/Ratatoskr/src/Ratatoskr/Ratatoskr.csproj]
/var/home/saithis/work/Ratatoskr/src/Ratatoskr/Config/MessageBuilder.cs(9,27): warning CS1591: Missing XML comment for publicly visible type or member 'MessageBuilder.WithType(string)' [/var/home/saithis/work/Ratatoskr/src/Ratatoskr/Ratatoskr.csproj]
/var/home/saithis/work/Ratatoskr/src/Ratatoskr/Config/MessageBuilder.cs(15,27): warning CS1591: Missing XML comment for publicly visible type or member 'MessageBuilder.WithDataSchema(string)' [/var/home/saithis/work/Ratatoskr/src/Ratatoskr/Ratatoskr.csproj]
/var/home/saithis/work/Ratatoskr/src/Ratatoskr/Config/MessageBuilder.cs(21,27): warning CS1591: Missing XML comment for publicly visible type or member 'MessageBuilder.WithSerializer<TSerializer>()' [/var/home/saithis/work/Ratatoskr/src/Ratatoskr/Ratatoskr.csproj]
/var/home/saithis/work/Ratatoskr/src/Ratatoskr/Config/PublishChannelBuilder.cs(5,21): warning CS1591: Missing XML comment for publicly visible type or member 'PublishChannelBuilder' [/var/home/saithis/work/Ratatoskr/src/Ratatoskr/Ratatoskr.csproj]
/var/home/saithis/work/Ratatoskr/src/Ratatoskr/Config/PublishChannelBuilder.cs(5,21): warning CS1591: Missing XML comment for publicly visible type or member 'PublishChannelBuilder.PublishChannelBuilder(ChannelRegistration)' [/var/home/saithis/work/Ratatoskr/src/Ratatoskr/Ratatoskr.csproj]
/var/home/saithis/work/Ratatoskr/src/Ratatoskr/Core/ChannelRegistration.cs(5,21): warning CS1591: Missing XML comment for publicly visible type or member 'ChannelRegistration' [/var/home/saithis/work/Ratatoskr/src/Ratatoskr/Ratatoskr.csproj]
/var/home/saithis/work/Ratatoskr/src/Ratatoskr/Core/ChannelRegistration.cs(5,21): warning CS1591: Missing XML comment for publicly visible type or member 'ChannelRegistration.ChannelRegistration(string, ChannelType)' [/var/home/saithis/work/Ratatoskr/src/Ratatoskr/Ratatoskr.csproj]
/var/home/saithis/work/Ratatoskr/src/Ratatoskr/Core/ChannelRegistration.cs(7,19): warning CS1591: Missing XML comment for publicly visible type or member 'ChannelRegistration.ChannelName' [/var/home/saithis/work/Ratatoskr/src/Ratatoskr/Ratatoskr.csproj]
/var/home/saithis/work/Ratatoskr/src/Ratatoskr/Core/ChannelRegistration.cs(8,24): warning CS1591: Missing XML comment for publicly visible type or member 'ChannelRegistration.Intent' [/var/home/saithis/work/Ratatoskr/src/Ratatoskr/Ratatoskr.csproj]
/var/home/saithis/work/Ratatoskr/src/Ratatoskr/Core/ChannelRegistration.cs(20,25): warning CS1591: Missing XML comment for publicly visible type or member 'ChannelRegistration.Transports' [/var/home/saithis/work/Ratatoskr/src/Ratatoskr/Ratatoskr.csproj]
/var/home/saithis/work/Ratatoskr/src/Ratatoskr/Core/ChannelRegistration.cs(22,39): warning CS1591: Missing XML comment for publicly visible type or member 'ChannelRegistration.Messages' [/var/home/saithis/work/Ratatoskr/src/Ratatoskr/Ratatoskr.csproj]
/var/home/saithis/work/Ratatoskr/src/Ratatoskr/Core/ChannelRegistration.cs(42,33): warning CS1591: Missing XML comment for publicly visible type or member 'ChannelRegistration.GetMessage(Type)' [/var/home/saithis/work/Ratatoskr/src/Ratatoskr/Ratatoskr.csproj]
/var/home/saithis/work/Ratatoskr/src/Ratatoskr/Core/ChannelRegistration.cs(51,33): warning CS1591: Missing XML comment for publicly visible type or member 'ChannelRegistration.GetMessage(string)' [/var/home/saithis/work/Ratatoskr/src/Ratatoskr/Ratatoskr.csproj]
/var/home/saithis/work/Ratatoskr/src/Ratatoskr/Core/ChannelRegistry.cs(3,21): warning CS1591: Missing XML comment for publicly visible type or member 'ChannelRegistry' [/var/home/saithis/work/Ratatoskr/src/Ratatoskr/Ratatoskr.csproj]
/var/home/saithis/work/Ratatoskr/src/Ratatoskr/Core/ChannelRegistry.cs(23,17): warning CS1591: Missing XML comment for publicly visible type or member 'ChannelRegistry.Register(ChannelRegistration)' [/var/home/saithis/work/Ratatoskr/src/Ratatoskr/Ratatoskr.csproj]
/var/home/saithis/work/Ratatoskr/src/Ratatoskr/Core/ChannelRegistry.cs(43,33): warning CS1591: Missing XML comment for publicly visible type or member 'ChannelRegistry.GetPublishChannel(string)' [/var/home/saithis/work/Ratatoskr/src/Ratatoskr/Ratatoskr.csproj]
/var/home/saithis/work/Ratatoskr/src/Ratatoskr/Core/ChannelRegistry.cs(49,33): warning CS1591: Missing XML comment for publicly visible type or member 'ChannelRegistry.GetConsumeChannel(string)' [/var/home/saithis/work/Ratatoskr/src/Ratatoskr/Ratatoskr.csproj]
/var/home/saithis/work/Ratatoskr/src/Ratatoskr/Core/ChannelRegistry.cs(55,45): warning CS1591: Missing XML comment for publicly visible type or member 'ChannelRegistry.GetConsumeChannels()' [/var/home/saithis/work/Ratatoskr/src/Ratatoskr/Ratatoskr.csproj]
/var/home/saithis/work/Ratatoskr/src/Ratatoskr/Core/ChannelRegistry.cs(57,45): warning CS1591: Missing XML comment for publicly visible type or member 'ChannelRegistry.GetPublishChannels()' [/var/home/saithis/work/Ratatoskr/src/Ratatoskr/Ratatoskr.csproj]
/var/home/saithis/work/Ratatoskr/src/Ratatoskr/Core/ChannelRegistry.cs(59,45): warning CS1591: Missing XML comment for publicly visible type or member 'ChannelRegistry.GetAllChannels()' [/var/home/saithis/work/Ratatoskr/src/Ratatoskr/Ratatoskr.csproj]
/var/home/saithis/work/Ratatoskr/src/Ratatoskr/Core/ChannelRegistry.cs(62,17): warning CS1591: Missing XML comment for publicly visible type or member 'ChannelRegistry.Freeze()' [/var/home/saithis/work/Ratatoskr/src/Ratatoskr/Ratatoskr.csproj]
/var/home/saithis/work/Ratatoskr/src/Ratatoskr/Core/ChannelRegistry.cs(107,33): warning CS1591: Missing XML comment for publicly visible type or member 'ChannelRegistry.FindPublishChannelForMessage(Type)' [/var/home/saithis/work/Ratatoskr/src/Ratatoskr/Ratatoskr.csproj]
/var/home/saithis/work/Ratatoskr/src/Ratatoskr/Core/ChannelRegistry.cs(119,33): warning CS1591: Missing XML comment for publicly visible type or member 'ChannelRegistry.FindPublishChannelForTypeName(string)' [/var/home/saithis/work/Ratatoskr/src/Ratatoskr/Ratatoskr.csproj]
/var/home/saithis/work/Ratatoskr/src/Ratatoskr/Core/ChannelRegistry.cs(134,8): warning CS1591: Missing XML comment for publicly visible type or member 'ChannelRegistry.FindConsumeChannelsForType(string)' [/var/home/saithis/work/Ratatoskr/src/Ratatoskr/Ratatoskr.csproj]
/var/home/saithis/work/Ratatoskr/src/Ratatoskr/Core/ChannelRegistry.cs(160,32): warning CS1591: Missing XML comment for publicly visible type or member 'ChannelRegistry.GetPublishInformation(Type)' [/var/home/saithis/work/Ratatoskr/src/Ratatoskr/Ratatoskr.csproj]
/var/home/saithis/work/Ratatoskr/src/Ratatoskr/Core/ChannelRegistry.cs(177,21): warning CS1591: Missing XML comment for publicly visible type or member 'PublishInformation' [/var/home/saithis/work/Ratatoskr/src/Ratatoskr/Ratatoskr.csproj]
/var/home/saithis/work/Ratatoskr/src/Ratatoskr/Core/ChannelRegistry.cs(179,41): warning CS1591: Missing XML comment for publicly visible type or member 'PublishInformation.Channel' [/var/home/saithis/work/Ratatoskr/src/Ratatoskr/Ratatoskr.csproj]
/var/home/saithis/work/Ratatoskr/src/Ratatoskr/Core/ChannelRegistry.cs(180,41): warning CS1591: Missing XML comment for publicly visible type or member 'PublishInformation.Message' [/var/home/saithis/work/Ratatoskr/src/Ratatoskr/Ratatoskr.csproj]
/var/home/saithis/work/Ratatoskr/src/Ratatoskr/Core/ChannelType.cs(3,13): warning CS1591: Missing XML comment for publicly visible type or member 'ChannelType' [/var/home/saithis/work/Ratatoskr/src/Ratatoskr/Ratatoskr.csproj]
/var/home/saithis/work/Ratatoskr/src/Ratatoskr/Core/IMessageSender.cs(3,18): warning CS1591: Missing XML comment for publicly visible type or member 'IMessageSender' [/var/home/saithis/work/Ratatoskr/src/Ratatoskr/Ratatoskr.csproj]
/var/home/saithis/work/Ratatoskr/src/Ratatoskr/Core/IMessageSender.cs(5,19): warning CS1591: Missing XML comment for publicly visible type or member 'IMessageSender.TransportName' [/var/home/saithis/work/Ratatoskr/src/Ratatoskr/Ratatoskr.csproj]
/var/home/saithis/work/Ratatoskr/src/Ratatoskr/Core/IMessageSender.cs(6,17): warning CS1591: Missing XML comment for publicly visible type or member 'IMessageSender.SendAsync(byte[], MessageProperties, CancellationToken)' [/var/home/saithis/work/Ratatoskr/src/Ratatoskr/Ratatoskr.csproj]
/var/home/saithis/work/Ratatoskr/src/Ratatoskr/Core/IMessageSerializer.cs(3,18): warning CS1591: Missing XML comment for publicly visible type or member 'IMessageSerializer' [/var/home/saithis/work/Ratatoskr/src/Ratatoskr/Ratatoskr.csproj]
/var/home/saithis/work/Ratatoskr/src/Ratatoskr/Core/IMessageSerializerResolver.cs(9,31): warning CS1591: Missing XML comment for publicly visible type or member 'IMessageSerializerResolver.GetSerializer(Type)' [/var/home/saithis/work/Ratatoskr/src/Ratatoskr/Ratatoskr.csproj]
/var/home/saithis/work/Ratatoskr/src/Ratatoskr/Core/ITransportMessageMetadataEnricher.cs(3,18): warning CS1591: Missing XML comment for publicly visible type or member 'ITransportMessageMetadataEnricher' [/var/home/saithis/work/Ratatoskr/src/Ratatoskr/Ratatoskr.csproj]
/var/home/saithis/work/Ratatoskr/src/Ratatoskr/Core/ITransportMessageMetadataEnricher.cs(5,19): warning CS1591: Missing XML comment for publicly visible type or member 'ITransportMessageMetadataEnricher.TransportName' [/var/home/saithis/work/Ratatoskr/src/Ratatoskr/Ratatoskr.csproj]
/var/home/saithis/work/Ratatoskr/src/Ratatoskr/Core/ITransportMessageMetadataEnricher.cs(6,17): warning CS1591: Missing XML comment for publicly visible type or member 'ITransportMessageMetadataEnricher.Enrich(PublishInformation, MessageProperties)' [/var/home/saithis/work/Ratatoskr/src/Ratatoskr/Ratatoskr.csproj]
/var/home/saithis/work/Ratatoskr/src/Ratatoskr/Core/MessageProperties.cs(3,21): warning CS1591: Missing XML comment for publicly visible type or member 'MessageProperties' [/var/home/saithis/work/Ratatoskr/src/Ratatoskr/Ratatoskr.csproj]
/var/home/saithis/work/Ratatoskr/src/Ratatoskr/Core/MessageRegistration.cs(3,21): warning CS1591: Missing XML comment for publicly visible type or member 'MessageRegistration' [/var/home/saithis/work/Ratatoskr/src/Ratatoskr/Ratatoskr.csproj]
/var/home/saithis/work/Ratatoskr/src/Ratatoskr/Core/MessageRegistration.cs(3,21): warning CS1591: Missing XML comment for publicly visible type or member 'MessageRegistration.MessageRegistration(Type, string)' [/var/home/saithis/work/Ratatoskr/src/Ratatoskr/Ratatoskr.csproj]
/var/home/saithis/work/Ratatoskr/src/Ratatoskr/Core/MessageRegistration.cs(5,17): warning CS1591: Missing XML comment for publicly visible type or member 'MessageRegistration.MessageType' [/var/home/saithis/work/Ratatoskr/src/Ratatoskr/Ratatoskr.csproj]
/var/home/saithis/work/Ratatoskr/src/Ratatoskr/Core/MessageRegistration.cs(6,19): warning CS1591: Missing XML comment for publicly visible type or member 'MessageRegistration.MessageTypeName' [/var/home/saithis/work/Ratatoskr/src/Ratatoskr/Ratatoskr.csproj]
/var/home/saithis/work/Ratatoskr/src/Ratatoskr/Core/MessageRegistration.cs(7,20): warning CS1591: Missing XML comment for publicly visible type or member 'MessageRegistration.DataSchema' [/var/home/saithis/work/Ratatoskr/src/Ratatoskr/Ratatoskr.csproj]
/var/home/saithis/work/Ratatoskr/src/Ratatoskr/Core/MessageRegistration.cs(8,18): warning CS1591: Missing XML comment for publicly visible type or member 'MessageRegistration.SerializerType' [/var/home/saithis/work/Ratatoskr/src/Ratatoskr/Ratatoskr.csproj]
/var/home/saithis/work/Ratatoskr/src/Ratatoskr/Core/MessageRouter.cs(18,39): warning CS1591: Missing XML comment for publicly visible type or member 'MessageRouter.RouteAsync(byte[], MessageProperties, string, CancellationToken, string)' [/var/home/saithis/work/Ratatoskr/src/Ratatoskr/Ratatoskr.csproj]
/var/home/saithis/work/Ratatoskr/src/Ratatoskr/Core/RatatoskrDiagnostics.cs(11,25): warning CS1591: Missing XML comment for publicly visible type or member 'RatatoskrDiagnostics.ActivitySourceName' [/var/home/saithis/work/Ratatoskr/src/Ratatoskr/Ratatoskr.csproj]
/var/home/saithis/work/Ratatoskr/src/Ratatoskr/Core/RatatoskrDiagnostics.cs(12,25): warning CS1591: Missing XML comment for publicly visible type or member 'RatatoskrDiagnostics.MeterName' [/var/home/saithis/work/Ratatoskr/src/Ratatoskr/Ratatoskr.csproj]
/var/home/saithis/work/Ratatoskr/src/Ratatoskr/Core/RatatoskrDiagnostics.cs(52,42): warning CS1591: Missing XML comment for publicly visible type or member 'RatatoskrDiagnostics.ClientSentMessages' [/var/home/saithis/work/Ratatoskr/src/Ratatoskr/Ratatoskr.csproj]
/var/home/saithis/work/Ratatoskr/src/Ratatoskr/Core/RatatoskrDiagnostics.cs(58,42): warning CS1591: Missing XML comment for publicly visible type or member 'RatatoskrDiagnostics.ClientConsumedMessages' [/var/home/saithis/work/Ratatoskr/src/Ratatoskr/Ratatoskr.csproj]
/var/home/saithis/work/Ratatoskr/src/Ratatoskr/Core/RatatoskrDiagnostics.cs(64,46): warning CS1591: Missing XML comment for publicly visible type or member 'RatatoskrDiagnostics.ProcessDuration' [/var/home/saithis/work/Ratatoskr/src/Ratatoskr/Ratatoskr.csproj]
/var/home/saithis/work/Ratatoskr/src/Ratatoskr/Core/RatatoskrDiagnostics.cs(79,46): warning CS1591: Missing XML comment for publicly visible type or member 'RatatoskrDiagnostics.ProcessLag' [/var/home/saithis/work/Ratatoskr/src/Ratatoskr/Ratatoskr.csproj]
/var/home/saithis/work/Ratatoskr/src/Ratatoskr/Core/RatatoskrDiagnostics.cs(93,42): warning CS1591: Missing XML comment for publicly visible type or member 'RatatoskrDiagnostics.DeadLetterMessages' [/var/home/saithis/work/Ratatoskr/src/Ratatoskr/Ratatoskr.csproj]
/var/home/saithis/work/Ratatoskr/src/Ratatoskr/Core/RatatoskrDiagnostics.cs(107,42): warning CS1591: Missing XML comment for publicly visible type or member 'RatatoskrDiagnostics.OutboxPoisonCount' [/var/home/saithis/work/Ratatoskr/src/Ratatoskr/Ratatoskr.csproj]
/var/home/saithis/work/Ratatoskr/src/Ratatoskr/Core/RatatoskrDiagnostics.cs(112,46): warning CS1591: Missing XML comment for publicly visible type or member 'RatatoskrDiagnostics.OutboxProcessDuration' [/var/home/saithis/work/Ratatoskr/src/Ratatoskr/Ratatoskr.csproj]
/var/home/saithis/work/Ratatoskr/src/Ratatoskr/Core/RatatoskrDiagnostics.cs(117,44): warning CS1591: Missing XML comment for publicly visible type or member 'RatatoskrDiagnostics.OutboxBatchSize' [/var/home/saithis/work/Ratatoskr/src/Ratatoskr/Ratatoskr.csproj]
/var/home/saithis/work/Ratatoskr/src/Ratatoskr/Core/RatatoskrDiagnostics.cs(131,42): warning CS1591: Missing XML comment for publicly visible type or member 'RatatoskrDiagnostics.InboxPoisonCount' [/var/home/saithis/work/Ratatoskr/src/Ratatoskr/Ratatoskr.csproj]
/var/home/saithis/work/Ratatoskr/src/Ratatoskr/Core/RatatoskrDiagnostics.cs(136,46): warning CS1591: Missing XML comment for publicly visible type or member 'RatatoskrDiagnostics.InboxProcessDuration' [/var/home/saithis/work/Ratatoskr/src/Ratatoskr/Ratatoskr.csproj]
/var/home/saithis/work/Ratatoskr/src/Ratatoskr/Core/RatatoskrDiagnostics.cs(141,44): warning CS1591: Missing XML comment for publicly visible type or member 'RatatoskrDiagnostics.InboxBatchSize' [/var/home/saithis/work/Ratatoskr/src/Ratatoskr/Ratatoskr.csproj]
/var/home/saithis/work/Ratatoskr/src/Ratatoskr/Core/RatatoskrDiagnostics.cs(162,42): warning CS1591: Missing XML comment for publicly visible type or member 'RatatoskrDiagnostics.OutboxCleanupCount' [/var/home/saithis/work/Ratatoskr/src/Ratatoskr/Ratatoskr.csproj]
/var/home/saithis/work/Ratatoskr/src/Ratatoskr/Core/RatatoskrDiagnostics.cs(167,46): warning CS1591: Missing XML comment for publicly visible type or member 'RatatoskrDiagnostics.OutboxCleanupDuration' [/var/home/saithis/work/Ratatoskr/src/Ratatoskr/Ratatoskr.csproj]
/var/home/saithis/work/Ratatoskr/src/Ratatoskr/Core/RatatoskrDiagnostics.cs(173,42): warning CS1591: Missing XML comment for publicly visible type or member 'RatatoskrDiagnostics.InboxCleanupStatusCount' [/var/home/saithis/work/Ratatoskr/src/Ratatoskr/Ratatoskr.csproj]
/var/home/saithis/work/Ratatoskr/src/Ratatoskr/Core/RatatoskrDiagnostics.cs(178,42): warning CS1591: Missing XML comment for publicly visible type or member 'RatatoskrDiagnostics.InboxCleanupMessageCount' [/var/home/saithis/work/Ratatoskr/src/Ratatoskr/Ratatoskr.csproj]
/var/home/saithis/work/Ratatoskr/src/Ratatoskr/Core/RatatoskrDiagnostics.cs(183,46): warning CS1591: Missing XML comment for publicly visible type or member 'RatatoskrDiagnostics.InboxCleanupDuration' [/var/home/saithis/work/Ratatoskr/src/Ratatoskr/Ratatoskr.csproj]
/var/home/saithis/work/Ratatoskr/src/Ratatoskr/Core/RatatoskrDiagnostics.cs(198,42): warning CS1591: Missing XML comment for publicly visible type or member 'RatatoskrDiagnostics.LockLost' [/var/home/saithis/work/Ratatoskr/src/Ratatoskr/Ratatoskr.csproj]
/var/home/saithis/work/Ratatoskr/src/Ratatoskr/Management/ManagementApiEndpointExtensions.cs(9,21): warning CS1591: Missing XML comment for publicly visible type or member 'ManagementApiEndpointExtensions' [/var/home/saithis/work/Ratatoskr/src/Ratatoskr/Ratatoskr.csproj]
/var/home/saithis/work/Ratatoskr/src/Ratatoskr/RatatoskrBuilder.cs(10,21): warning CS1591: Missing XML comment for publicly visible type or member 'RatatoskrBuilder' [/var/home/saithis/work/Ratatoskr/src/Ratatoskr/Ratatoskr.csproj]
/var/home/saithis/work/Ratatoskr/src/Ratatoskr/RatatoskrBuilder.cs(12,31): warning CS1591: Missing XML comment for publicly visible type or member 'RatatoskrBuilder.Services' [/var/home/saithis/work/Ratatoskr/src/Ratatoskr/Ratatoskr.csproj]
/var/home/saithis/work/Ratatoskr/src/Ratatoskr/RatatoskrBuilder.cs(69,29): warning CS1591: Missing XML comment for publicly visible type or member 'RatatoskrBuilder.AddEventPublishChannel(string, Action<PublishChannelBuilder>)' [/var/home/saithis/work/Ratatoskr/src/Ratatoskr/Ratatoskr.csproj]
/var/home/saithis/work/Ratatoskr/src/Ratatoskr/RatatoskrBuilder.cs(78,29): warning CS1591: Missing XML comment for publicly visible type or member 'RatatoskrBuilder.AddCommandPublishChannel(string, Action<PublishChannelBuilder>)' [/var/home/saithis/work/Ratatoskr/src/Ratatoskr/Ratatoskr.csproj]
/var/home/saithis/work/Ratatoskr/src/Ratatoskr/RatatoskrBuilder.cs(87,29): warning CS1591: Missing XML comment for publicly visible type or member 'RatatoskrBuilder.AddCommandConsumeChannel(string, Action<ConsumeChannelBuilder>)' [/var/home/saithis/work/Ratatoskr/src/Ratatoskr/Ratatoskr.csproj]
/var/home/saithis/work/Ratatoskr/src/Ratatoskr/RatatoskrBuilder.cs(96,29): warning CS1591: Missing XML comment for publicly visible type or member 'RatatoskrBuilder.AddEventConsumeChannel(string, Action<ConsumeChannelBuilder>)' [/var/home/saithis/work/Ratatoskr/src/Ratatoskr/Ratatoskr.csproj]
/var/home/saithis/work/Ratatoskr/src/Ratatoskr/RatatoskrMessageAttribute.cs(19,12): warning CS1591: Missing XML comment for publicly visible type or member 'RatatoskrMessageAttribute.RatatoskrMessageAttribute(string)' [/var/home/saithis/work/Ratatoskr/src/Ratatoskr/Ratatoskr.csproj]
/var/home/saithis/work/Ratatoskr/src/Ratatoskr/Serializers/Json/JsonMessageSerializer.cs(6,21): warning CS1591: Missing XML comment for publicly visible type or member 'JsonMessageSerializer' [/var/home/saithis/work/Ratatoskr/src/Ratatoskr/Ratatoskr.csproj]
/var/home/saithis/work/Ratatoskr/src/Ratatoskr/Serializers/Json/JsonMessageSerializer.cs(10,12): warning CS1591: Missing XML comment for publicly visible type or member 'JsonMessageSerializer.JsonMessageSerializer()' [/var/home/saithis/work/Ratatoskr/src/Ratatoskr/Ratatoskr.csproj]
/var/home/saithis/work/Ratatoskr/src/Ratatoskr/Serializers/Json/JsonMessageSerializer.cs(13,12): warning CS1591: Missing XML comment for publicly visible type or member 'JsonMessageSerializer.JsonMessageSerializer(JsonSerializerOptions?)' [/var/home/saithis/work/Ratatoskr/src/Ratatoskr/Ratatoskr.csproj]
/var/home/saithis/work/Ratatoskr/src/Ratatoskr/ServiceCollectionExtensions.cs(10,21): warning CS1591: Missing XML comment for publicly visible type or member 'ServiceCollectionExtensions' [/var/home/saithis/work/Ratatoskr/src/Ratatoskr/Ratatoskr.csproj]
/var/home/saithis/work/Ratatoskr/src/Ratatoskr/ServiceCollectionExtensions.cs(12,38): warning CS1591: Missing XML comment for publicly visible type or member 'ServiceCollectionExtensions.AddRatatoskr(IServiceCollection, Action<RatatoskrBuilder>?)' [/var/home/saithis/work/Ratatoskr/src/Ratatoskr/Ratatoskr.csproj]
/var/home/saithis/work/Ratatoskr/src/Ratatoskr/AsyncApi/Config/AsyncApiOperationOptions.cs(24,12): warning MA0016: Prefer using collection abstraction instead of implementation (https://github.com/meziantou/Meziantou.Analyzer/blob/main/docs/Rules/MA0016.md) [/var/home/saithis/work/Ratatoskr/src/Ratatoskr/Ratatoskr.csproj]
/var/home/saithis/work/Ratatoskr/src/Ratatoskr/AsyncApi/Model/AsyncApiInfo.cs(30,20): warning CA1056: Change the type of property 'AsyncApiContact.Url' from 'string' to 'System.Uri' (https://learn.microsoft.com/dotnet/fundamentals/code-analysis/quality-rules/ca1056) [/var/home/saithis/work/Ratatoskr/src/Ratatoskr/Ratatoskr.csproj]
/var/home/saithis/work/Ratatoskr/src/Ratatoskr/Core/IMessageActivityObserver.cs(81,20): warning CA1819: Properties should not return arrays (https://learn.microsoft.com/dotnet/fundamentals/code-analysis/quality-rules/ca1819) [/var/home/saithis/work/Ratatoskr/src/Ratatoskr/Ratatoskr.csproj]
/var/home/saithis/work/Ratatoskr/src/Ratatoskr/Core/TransportMessageSnapshot.cs(20,28): warning CA1819: Properties should not return arrays (https://learn.microsoft.com/dotnet/fundamentals/code-analysis/quality-rules/ca1819) [/var/home/saithis/work/Ratatoskr/src/Ratatoskr/Ratatoskr.csproj]
/var/home/saithis/work/Ratatoskr/src/Ratatoskr/Config/MessageConsumptionBuilder.cs(46,55): warning MA0015: The expression does not match a parameter (https://github.com/meziantou/Meziantou.Analyzer/blob/main/docs/Rules/MA0015.md) [/var/home/saithis/work/Ratatoskr/src/Ratatoskr/Ratatoskr.csproj]
/var/home/saithis/work/Ratatoskr/src/Ratatoskr/Core/MessageRouter.cs(18,39): warning CA1068: Method 'Ratatoskr.Core.MessageRouter.RouteAsync(byte[], Ratatoskr.Core.MessageProperties, string, System.Threading.CancellationToken, string)' should take CancellationToken as the last parameter (https://learn.microsoft.com/dotnet/fundamentals/code-analysis/quality-rules/ca1068) [/var/home/saithis/work/Ratatoskr/src/Ratatoskr/Ratatoskr.csproj]
/var/home/saithis/work/Ratatoskr/src/Ratatoskr/Core/MessageDispatcher.cs(31,39): warning CA1068: Method 'Ratatoskr.Core.MessageDispatcher.DispatchAsync(byte[], Ratatoskr.Core.MessageProperties, System.Threading.CancellationToken, string, string)' should take CancellationToken as the last parameter (https://learn.microsoft.com/dotnet/fundamentals/code-analysis/quality-rules/ca1068) [/var/home/saithis/work/Ratatoskr/src/Ratatoskr/Ratatoskr.csproj]
/var/home/saithis/work/Ratatoskr/src/Ratatoskr/Core/MessageDispatcher.cs(31,39): warning MA0051: Method is too long (169 lines; maximum allowed: 120) (https://github.com/meziantou/Meziantou.Analyzer/blob/main/docs/Rules/MA0051.md) [/var/home/saithis/work/Ratatoskr/src/Ratatoskr/Ratatoskr.csproj]
/var/home/saithis/work/Ratatoskr/src/Ratatoskr/Endpoints/ILocalRatatoskrRequestFeature.cs(10,23): warning MA0182: Internal type 'LocalRatatoskrRequestFeature' is apparently never used. If so, remove it from the assembly. (https://github.com/meziantou/Meziantou.Analyzer/blob/main/docs/Rules/MA0182.md) [/var/home/saithis/work/Ratatoskr/src/Ratatoskr/Ratatoskr.csproj]
/var/home/saithis/work/Ratatoskr/src/Ratatoskr/Management/ManagementResults.cs(6,23): warning MA0182: Internal type 'ManagementResults' is apparently never used. If so, remove it from the assembly. (https://github.com/meziantou/Meziantou.Analyzer/blob/main/docs/Rules/MA0182.md) [/var/home/saithis/work/Ratatoskr/src/Ratatoskr/Ratatoskr.csproj]
/var/home/saithis/work/Ratatoskr/src/Ratatoskr/Management/PaginationOptions.cs(3,23): warning MA0182: Internal type 'PaginationOptions' is apparently never used. If so, remove it from the assembly. (https://github.com/meziantou/Meziantou.Analyzer/blob/main/docs/Rules/MA0182.md) [/var/home/saithis/work/Ratatoskr/src/Ratatoskr/Ratatoskr.csproj]
/var/home/saithis/work/Ratatoskr/src/Ratatoskr.Testing/MessageCollection.cs(93,40): warning CS1591: Missing XML comment for publicly visible type or member 'MessageCollection.GetEnumerator()' [/var/home/saithis/work/Ratatoskr/src/Ratatoskr.Testing/Ratatoskr.Testing.csproj]
/var/home/saithis/work/Ratatoskr/src/Ratatoskr.Testing/MessageTracker.cs(17,22): warning CS1591: Missing XML comment for publicly visible type or member 'MessageTracker.OnMessageActivityAsync(MessageActivity)' [/var/home/saithis/work/Ratatoskr/src/Ratatoskr.Testing/Ratatoskr.Testing.csproj]
/var/home/saithis/work/Ratatoskr/src/Ratatoskr.Testing/MessageTrackingSession.cs(218,22): warning CS1591: Missing XML comment for publicly visible type or member 'MessageTrackingSession.DisposeAsync()' [/var/home/saithis/work/Ratatoskr/src/Ratatoskr.Testing/Ratatoskr.Testing.csproj]
/var/home/saithis/work/Ratatoskr/src/Ratatoskr.Testing/ServiceCollectionExtensions.cs(6,21): warning CS1591: Missing XML comment for publicly visible type or member 'ServiceCollectionExtensions' [/var/home/saithis/work/Ratatoskr/src/Ratatoskr.Testing/Ratatoskr.Testing.csproj]
/var/home/saithis/work/Ratatoskr/src/Ratatoskr.Testing/TrackingExtensions.cs(6,21): warning CS1591: Missing XML comment for publicly visible type or member 'TrackingExtensions' [/var/home/saithis/work/Ratatoskr/src/Ratatoskr.Testing/Ratatoskr.Testing.csproj]
/var/home/saithis/work/Ratatoskr/src/Ratatoskr.Testing/TrackedMessage.cs(23,20): warning CA1819: Properties should not return arrays (https://learn.microsoft.com/dotnet/fundamentals/code-analysis/quality-rules/ca1819) [/var/home/saithis/work/Ratatoskr/src/Ratatoskr.Testing/Ratatoskr.Testing.csproj]
/var/home/saithis/work/Ratatoskr/src/Ratatoskr.Testing/MessageTypeMatcher.cs(24,9): warning RCS1073: Convert 'if' to 'return' statement (https://josefpihrt.github.io/docs/roslynator/analyzers/RCS1073) [/var/home/saithis/work/Ratatoskr/src/Ratatoskr.Testing/Ratatoskr.Testing.csproj]
/var/home/saithis/work/Ratatoskr/src/Ratatoskr.Testing/MessageTypeMatcher.cs(45,9): warning RCS1073: Convert 'if' to 'return' statement (https://josefpihrt.github.io/docs/roslynator/analyzers/RCS1073) [/var/home/saithis/work/Ratatoskr/src/Ratatoskr.Testing/Ratatoskr.Testing.csproj]
/var/home/saithis/work/Ratatoskr/src/Ratatoskr.Testing/MessageCollection.cs(22,27): warning CA1720: Identifier 'Single' contains type name (https://learn.microsoft.com/dotnet/fundamentals/code-analysis/quality-rules/ca1720) [/var/home/saithis/work/Ratatoskr/src/Ratatoskr.Testing/Ratatoskr.Testing.csproj]
/var/home/saithis/work/Ratatoskr/src/Ratatoskr.Testing/MessageTracker.cs(79,47): warning MA0076: Do not use implicit culture-sensitive ToString in interpolated strings (https://github.com/meziantou/Meziantou.Analyzer/blob/main/docs/Rules/MA0076.md) [/var/home/saithis/work/Ratatoskr/src/Ratatoskr.Testing/Ratatoskr.Testing.csproj]
/var/home/saithis/work/Ratatoskr/src/Ratatoskr.Testing/MessageTracker.cs(101,17): warning MA0040: Use an overload with a CancellationToken, available tokens: waiter.Cts.Token (https://github.com/meziantou/Meziantou.Analyzer/blob/main/docs/Rules/MA0040.md) [/var/home/saithis/work/Ratatoskr/src/Ratatoskr.Testing/Ratatoskr.Testing.csproj]
/var/home/saithis/work/Ratatoskr/src/Ratatoskr.Testing/MessageCollection.cs(88,78): warning MA0076: Do not use implicit culture-sensitive ToString in interpolated strings (https://github.com/meziantou/Meziantou.Analyzer/blob/main/docs/Rules/MA0076.md) [/var/home/saithis/work/Ratatoskr/src/Ratatoskr.Testing/Ratatoskr.Testing.csproj]
/var/home/saithis/work/Ratatoskr/tests/Ratatoskr.TestHost/Program.cs(20,1): warning MA0042: Use 'RunAsync' instead of 'Run' (https://github.com/meziantou/Meziantou.Analyzer/blob/main/docs/Rules/MA0042.md) [/var/home/saithis/work/Ratatoskr/tests/Ratatoskr.TestHost/Ratatoskr.TestHost.csproj]
/var/home/saithis/work/Ratatoskr/tests/Ratatoskr.TestHost/RatatoskrTestHostAppMarker.cs(7,21): warning MA0036: Make class static (https://github.com/meziantou/Meziantou.Analyzer/blob/main/docs/Rules/MA0036.md) [/var/home/saithis/work/Ratatoskr/tests/Ratatoskr.TestHost/Ratatoskr.TestHost.csproj]
/var/home/saithis/work/Ratatoskr/src/Ratatoskr.RabbitMq/AsyncApi/RabbitMqAsyncApiBindingProvider.cs(23,17): warning CS1591: Missing XML comment for publicly visible type or member 'RabbitMqAsyncApiBindingProvider.ConfigureServers(AsyncApiDocument, IEnumerable<ChannelRegistration>)' [/var/home/saithis/work/Ratatoskr/src/Ratatoskr.RabbitMq/Ratatoskr.RabbitMq.csproj]
/var/home/saithis/work/Ratatoskr/src/Ratatoskr.RabbitMq/AsyncApi/RabbitMqAsyncApiBindingProvider.cs(62,17): warning CS1591: Missing XML comment for publicly visible type or member 'RabbitMqAsyncApiBindingProvider.ConfigureChannel(ChannelRegistration, AsyncApiDocument)' [/var/home/saithis/work/Ratatoskr/src/Ratatoskr.RabbitMq/Ratatoskr.RabbitMq.csproj]
/var/home/saithis/work/Ratatoskr/src/Ratatoskr.RabbitMq/AsyncApi/RabbitMqAsyncApiBindingProvider.cs(103,17): warning CS1591: Missing XML comment for publicly visible type or member 'RabbitMqAsyncApiBindingProvider.ConfigureOperation(ChannelRegistration, AsyncApiOperation)' [/var/home/saithis/work/Ratatoskr/src/Ratatoskr.RabbitMq/Ratatoskr.RabbitMq.csproj]
/var/home/saithis/work/Ratatoskr/src/Ratatoskr.RabbitMq/AsyncApi/RabbitMqAsyncApiBindingProvider.cs(141,17): warning CS1591: Missing XML comment for publicly visible type or member 'RabbitMqAsyncApiBindingProvider.ConfigureMessage(MessageRegistration, ChannelRegistration, AsyncApiMessage)' [/var/home/saithis/work/Ratatoskr/src/Ratatoskr.RabbitMq/Ratatoskr.RabbitMq.csproj]
/var/home/saithis/work/Ratatoskr/src/Ratatoskr.RabbitMq/CloudEventsAmqpConstants.cs(32,25): warning CS1591: Missing XML comment for publicly visible type or member 'CloudEventsAmqpConstants.SpecVersionHeader' [/var/home/saithis/work/Ratatoskr/src/Ratatoskr.RabbitMq/Ratatoskr.RabbitMq.csproj]
/var/home/saithis/work/Ratatoskr/src/Ratatoskr.RabbitMq/CloudEventsAmqpConstants.cs(33,25): warning CS1591: Missing XML comment for publicly visible type or member 'CloudEventsAmqpConstants.IdHeader' [/var/home/saithis/work/Ratatoskr/src/Ratatoskr.RabbitMq/Ratatoskr.RabbitMq.csproj]
/var/home/saithis/work/Ratatoskr/src/Ratatoskr.RabbitMq/CloudEventsAmqpConstants.cs(34,25): warning CS1591: Missing XML comment for publicly visible type or member 'CloudEventsAmqpConstants.SourceHeader' [/var/home/saithis/work/Ratatoskr/src/Ratatoskr.RabbitMq/Ratatoskr.RabbitMq.csproj]
/var/home/saithis/work/Ratatoskr/src/Ratatoskr.RabbitMq/CloudEventsAmqpConstants.cs(35,25): warning CS1591: Missing XML comment for publicly visible type or member 'CloudEventsAmqpConstants.TypeHeader' [/var/home/saithis/work/Ratatoskr/src/Ratatoskr.RabbitMq/Ratatoskr.RabbitMq.csproj]
/var/home/saithis/work/Ratatoskr/src/Ratatoskr.RabbitMq/CloudEventsAmqpConstants.cs(36,25): warning CS1591: Missing XML comment for publicly visible type or member 'CloudEventsAmqpConstants.TimeHeader' [/var/home/saithis/work/Ratatoskr/src/Ratatoskr.RabbitMq/Ratatoskr.RabbitMq.csproj]
/var/home/saithis/work/Ratatoskr/src/Ratatoskr.RabbitMq/CloudEventsAmqpConstants.cs(37,25): warning CS1591: Missing XML comment for publicly visible type or member 'CloudEventsAmqpConstants.SubjectHeader' [/var/home/saithis/work/Ratatoskr/src/Ratatoskr.RabbitMq/Ratatoskr.RabbitMq.csproj]
/var/home/saithis/work/Ratatoskr/src/Ratatoskr.RabbitMq/CloudEventsAmqpConstants.cs(38,25): warning CS1591: Missing XML comment for publicly visible type or member 'CloudEventsAmqpConstants.DataContentTypeHeader' [/var/home/saithis/work/Ratatoskr/src/Ratatoskr.RabbitMq/Ratatoskr.RabbitMq.csproj]
/var/home/saithis/work/Ratatoskr/src/Ratatoskr.RabbitMq/CloudEventsAmqpConstants.cs(39,25): warning CS1591: Missing XML comment for publicly visible type or member 'CloudEventsAmqpConstants.DataSchemaHeader' [/var/home/saithis/work/Ratatoskr/src/Ratatoskr.RabbitMq/Ratatoskr.RabbitMq.csproj]
/var/home/saithis/work/Ratatoskr/src/Ratatoskr.RabbitMq/CloudEventsAmqpConstants.cs(45,25): warning CS1591: Missing XML comment for publicly visible type or member 'CloudEventsAmqpConstants.TraceStateHeader' [/var/home/saithis/work/Ratatoskr/src/Ratatoskr.RabbitMq/Ratatoskr.RabbitMq.csproj]
/var/home/saithis/work/Ratatoskr/src/Ratatoskr.RabbitMq/CloudEventsAmqpMapper.cs(23,19): warning CS1591: Missing XML comment for publicly visible type or member 'CloudEventsAmqpMapper.MapOutgoing(byte[], MessageProperties, BasicProperties)' [/var/home/saithis/work/Ratatoskr/src/Ratatoskr.RabbitMq/Ratatoskr.RabbitMq.csproj]
/var/home/saithis/work/Ratatoskr/src/Ratatoskr.RabbitMq/CloudEventsAmqpMapper.cs(67,51): warning CS1591: Missing XML comment for publicly visible type or member 'CloudEventsAmqpMapper.MapIncoming(BasicDeliverEventArgs)' [/var/home/saithis/work/Ratatoskr/src/Ratatoskr.RabbitMq/Ratatoskr.RabbitMq.csproj]
/var/home/saithis/work/Ratatoskr/src/Ratatoskr.RabbitMq/Config/QueueType.cs(3,13): warning CS1591: Missing XML comment for publicly visible type or member 'QueueType' [/var/home/saithis/work/Ratatoskr/src/Ratatoskr.RabbitMq/Ratatoskr.RabbitMq.csproj]
/var/home/saithis/work/Ratatoskr/src/Ratatoskr.RabbitMq/Config/QueueType.cs(5,5): warning CS1591: Missing XML comment for publicly visible type or member 'QueueType.Classic' [/var/home/saithis/work/Ratatoskr/src/Ratatoskr.RabbitMq/Ratatoskr.RabbitMq.csproj]
/var/home/saithis/work/Ratatoskr/src/Ratatoskr.RabbitMq/Config/QueueType.cs(6,5): warning CS1591: Missing XML comment for publicly visible type or member 'QueueType.Quorum' [/var/home/saithis/work/Ratatoskr/src/Ratatoskr.RabbitMq/Ratatoskr.RabbitMq.csproj]
/var/home/saithis/work/Ratatoskr/src/Ratatoskr.RabbitMq/Config/RabbitMqMessageOptions.cs(3,14): warning CS1591: Missing XML comment for publicly visible type or member 'RabbitMqMessageOptions' [/var/home/saithis/work/Ratatoskr/src/Ratatoskr.RabbitMq/Ratatoskr.RabbitMq.csproj]
/var/home/saithis/work/Ratatoskr/src/Ratatoskr.RabbitMq/Config/RabbitMqMessageOptions.cs(5,20): warning CS1591: Missing XML comment for publicly visible type or member 'RabbitMqMessageOptions.RoutingKey' [/var/home/saithis/work/Ratatoskr/src/Ratatoskr.RabbitMq/Ratatoskr.RabbitMq.csproj]
/var/home/saithis/work/Ratatoskr/src/Ratatoskr.RabbitMq/Config/RabbitMqMessageOptions.cs(7,35): warning CS1591: Missing XML comment for publicly visible type or member 'RabbitMqMessageOptions.WithRoutingKey(string)' [/var/home/saithis/work/Ratatoskr/src/Ratatoskr.RabbitMq/Ratatoskr.RabbitMq.csproj]
/var/home/saithis/work/Ratatoskr/src/Ratatoskr.RabbitMq/Extensions/RabbitMqChannelExtensions.cs(13,21): warning CS1591: Missing XML comment for publicly visible type or member 'RabbitMqChannelExtensions' [/var/home/saithis/work/Ratatoskr/src/Ratatoskr.RabbitMq/Ratatoskr.RabbitMq.csproj]
/var/home/saithis/work/Ratatoskr/src/Ratatoskr.RabbitMq/Extensions/RabbitMqChannelExtensions.cs(17,21): warning CS1591: Missing XML comment for publicly visible type or member 'RabbitMqChannelExtensions.extension(ChannelRegistration).IsRabbitMqChannel()' [/var/home/saithis/work/Ratatoskr/src/Ratatoskr.RabbitMq/Ratatoskr.RabbitMq.csproj]
/var/home/saithis/work/Ratatoskr/src/Ratatoskr.RabbitMq/Extensions/RabbitMqChannelExtensions.cs(20,40): warning CS1591: Missing XML comment for publicly visible type or member 'RabbitMqChannelExtensions.extension(ChannelRegistration).GetRabbitMqChannelOptions()' [/var/home/saithis/work/Ratatoskr/src/Ratatoskr.RabbitMq/Ratatoskr.RabbitMq.csproj]
/var/home/saithis/work/Ratatoskr/src/Ratatoskr.RabbitMq/Extensions/RabbitMqMessageExtensions.cs(7,21): warning CS1591: Missing XML comment for publicly visible type or member 'RabbitMqMessageExtensions' [/var/home/saithis/work/Ratatoskr/src/Ratatoskr.RabbitMq/Ratatoskr.RabbitMq.csproj]
/var/home/saithis/work/Ratatoskr/src/Ratatoskr.RabbitMq/Extensions/RabbitMqMessageExtensions.cs(28,34): warning CS1591: Missing XML comment for publicly visible type or member 'RabbitMqMessageExtensions.WithRoutingKey(MessageBuilder, string)' [/var/home/saithis/work/Ratatoskr/src/Ratatoskr.RabbitMq/Ratatoskr.RabbitMq.csproj]
/var/home/saithis/work/Ratatoskr/src/Ratatoskr.RabbitMq/Extensions/RabbitMqMessageExtensions.cs(11,39): warning CS1591: Missing XML comment for publicly visible type or member 'RabbitMqMessageExtensions.extension(MessageRegistration).EnsureRabbitMqOptions()' [/var/home/saithis/work/Ratatoskr/src/Ratatoskr.RabbitMq/Ratatoskr.RabbitMq.csproj]
/var/home/saithis/work/Ratatoskr/src/Ratatoskr.RabbitMq/Extensions/RabbitMqMessageExtensions.cs(24,40): warning CS1591: Missing XML comment for publicly visible type or member 'RabbitMqMessageExtensions.extension(MessageRegistration).GetRabbitMqOptions()' [/var/home/saithis/work/Ratatoskr/src/Ratatoskr.RabbitMq/Ratatoskr.RabbitMq.csproj]
/var/home/saithis/work/Ratatoskr/src/Ratatoskr.RabbitMq/Extensions/RabbitMqMessagePropertiesExtensions.cs(5,21): warning CS1591: Missing XML comment for publicly visible type or member 'RabbitMqMessagePropertiesExtensions' [/var/home/saithis/work/Ratatoskr/src/Ratatoskr.RabbitMq/Ratatoskr.RabbitMq.csproj]
/var/home/saithis/work/Ratatoskr/src/Ratatoskr.RabbitMq/Extensions/RabbitMqMessagePropertiesExtensions.cs(12,34): warning CS1591: Missing XML comment for publicly visible type or member 'RabbitMqMessagePropertiesExtensions.extension(MessageProperties).SetExchange(string)' [/var/home/saithis/work/Ratatoskr/src/Ratatoskr.RabbitMq/Ratatoskr.RabbitMq.csproj]
/var/home/saithis/work/Ratatoskr/src/Ratatoskr.RabbitMq/Extensions/RabbitMqMessagePropertiesExtensions.cs(18,24): warning CS1591: Missing XML comment for publicly visible type or member 'RabbitMqMessagePropertiesExtensions.extension(MessageProperties).GetExchange()' [/var/home/saithis/work/Ratatoskr/src/Ratatoskr.RabbitMq/Ratatoskr.RabbitMq.csproj]
/var/home/saithis/work/Ratatoskr/src/Ratatoskr.RabbitMq/Extensions/RabbitMqMessagePropertiesExtensions.cs(23,34): warning CS1591: Missing XML comment for publicly visible type or member 'RabbitMqMessagePropertiesExtensions.extension(MessageProperties).SetRoutingKey(string)' [/var/home/saithis/work/Ratatoskr/src/Ratatoskr.RabbitMq/Ratatoskr.RabbitMq.csproj]
/var/home/saithis/work/Ratatoskr/src/Ratatoskr.RabbitMq/Extensions/RabbitMqMessagePropertiesExtensions.cs(29,24): warning CS1591: Missing XML comment for publicly visible type or member 'RabbitMqMessagePropertiesExtensions.extension(MessageProperties).GetRoutingKey()' [/var/home/saithis/work/Ratatoskr/src/Ratatoskr.RabbitMq/Ratatoskr.RabbitMq.csproj]
/var/home/saithis/work/Ratatoskr/src/Ratatoskr.RabbitMq/Extensions/RabbitMqRatatoskrBuilderExtensions.cs(11,21): warning CS1591: Missing XML comment for publicly visible type or member 'RabbitMqRatatoskrBuilderExtensions' [/var/home/saithis/work/Ratatoskr/src/Ratatoskr.RabbitMq/Ratatoskr.RabbitMq.csproj]
/var/home/saithis/work/Ratatoskr/src/Ratatoskr.RabbitMq/Extensions/RabbitMqRatatoskrBuilderExtensions.cs(13,36): warning CS1591: Missing XML comment for publicly visible type or member 'RabbitMqRatatoskrBuilderExtensions.UseRabbitMq(RatatoskrBuilder, Action<RabbitMqOptions>)' [/var/home/saithis/work/Ratatoskr/src/Ratatoskr.RabbitMq/Ratatoskr.RabbitMq.csproj]
/var/home/saithis/work/Ratatoskr/src/Ratatoskr.RabbitMq/RabbitMqConnectionManager.cs(5,21): warning CS1591: Missing XML comment for publicly visible type or member 'RabbitMqConnectionManager' [/var/home/saithis/work/Ratatoskr/src/Ratatoskr.RabbitMq/Ratatoskr.RabbitMq.csproj]
/var/home/saithis/work/Ratatoskr/src/Ratatoskr.RabbitMq/RabbitMqConnectionManager.cs(5,21): warning CS1591: Missing XML comment for publicly visible type or member 'RabbitMqConnectionManager.RabbitMqConnectionManager(RabbitMqOptions)' [/var/home/saithis/work/Ratatoskr/src/Ratatoskr.RabbitMq/Ratatoskr.RabbitMq.csproj]
/var/home/saithis/work/Ratatoskr/src/Ratatoskr.RabbitMq/RabbitMqConnectionManager.cs(17,33): warning CS1591: Missing XML comment for publicly visible type or member 'RabbitMqConnectionManager.CreateChannelAsync(bool, CancellationToken)' [/var/home/saithis/work/Ratatoskr/src/Ratatoskr.RabbitMq/Ratatoskr.RabbitMq.csproj]
/var/home/saithis/work/Ratatoskr/src/Ratatoskr.RabbitMq/RabbitMqConnectionManager.cs(142,28): warning CS1591: Missing XML comment for publicly visible type or member 'RabbitMqConnectionManager.DisposeAsync()' [/var/home/saithis/work/Ratatoskr/src/Ratatoskr.RabbitMq/Ratatoskr.RabbitMq.csproj]
/var/home/saithis/work/Ratatoskr/src/Ratatoskr.RabbitMq/RabbitMqConstants.cs(3,14): warning CS1591: Missing XML comment for publicly visible type or member 'RabbitMqConstants' [/var/home/saithis/work/Ratatoskr/src/Ratatoskr.RabbitMq/Ratatoskr.RabbitMq.csproj]
/var/home/saithis/work/Ratatoskr/src/Ratatoskr.RabbitMq/RabbitMqMessageMetadataEnricher.cs(6,14): warning CS1591: Missing XML comment for publicly visible type or member 'RabbitMqMessageMetadataEnricher' [/var/home/saithis/work/Ratatoskr/src/Ratatoskr.RabbitMq/Ratatoskr.RabbitMq.csproj]
/var/home/saithis/work/Ratatoskr/src/Ratatoskr.RabbitMq/RabbitMqMessageMetadataEnricher.cs(8,19): warning CS1591: Missing XML comment for publicly visible type or member 'RabbitMqMessageMetadataEnricher.TransportName' [/var/home/saithis/work/Ratatoskr/src/Ratatoskr.RabbitMq/Ratatoskr.RabbitMq.csproj]
/var/home/saithis/work/Ratatoskr/src/Ratatoskr.RabbitMq/RabbitMqMessageMetadataEnricher.cs(10,17): warning CS1591: Missing XML comment for publicly visible type or member 'RabbitMqMessageMetadataEnricher.Enrich(PublishInformation, MessageProperties)' [/var/home/saithis/work/Ratatoskr/src/Ratatoskr.RabbitMq/Ratatoskr.RabbitMq.csproj]
/var/home/saithis/work/Ratatoskr/src/Ratatoskr.RabbitMq/RabbitMqOptions.cs(3,14): warning CS1591: Missing XML comment for publicly visible type or member 'RabbitMqOptions' [/var/home/saithis/work/Ratatoskr/src/Ratatoskr.RabbitMq/Ratatoskr.RabbitMq.csproj]
/var/home/saithis/work/Ratatoskr/src/Ratatoskr.RabbitMq/RabbitMqTopologyManager.cs(9,22): warning CS1591: Missing XML comment for publicly visible type or member 'RabbitMqTopologyManager' [/var/home/saithis/work/Ratatoskr/src/Ratatoskr.RabbitMq/Ratatoskr.RabbitMq.csproj]
/var/home/saithis/work/Ratatoskr/src/Ratatoskr.RabbitMq/RabbitMqTopologyManager.cs(9,22): warning CS1591: Missing XML comment for publicly visible type or member 'RabbitMqTopologyManager.RabbitMqTopologyManager(ChannelRegistry, RabbitMqConnectionManager, ILogger<RabbitMqTopologyManager>)' [/var/home/saithis/work/Ratatoskr/src/Ratatoskr.RabbitMq/Ratatoskr.RabbitMq.csproj]
/var/home/saithis/work/Ratatoskr/src/Ratatoskr.RabbitMq/RabbitMqTopologyManager.cs(19,17): warning CS1591: Missing XML comment for publicly visible type or member 'RabbitMqTopologyManager.WaitForProvisioningAsync(CancellationToken)' [/var/home/saithis/work/Ratatoskr/src/Ratatoskr.RabbitMq/Ratatoskr.RabbitMq.csproj]
/var/home/saithis/work/Ratatoskr/src/Ratatoskr.RabbitMq/RabbitMqTopologyManager.cs(24,23): warning CS1591: Missing XML comment for publicly visible type or member 'RabbitMqTopologyManager.ProvisionTopologyAsync(CancellationToken)' [/var/home/saithis/work/Ratatoskr/src/Ratatoskr.RabbitMq/Ratatoskr.RabbitMq.csproj]
/var/home/saithis/work/Ratatoskr/src/Ratatoskr.RabbitMq/CloudEventsAmqpMapper.cs(54,12): warning MA0026: TODO make this settable per message and maybe add it to the properties (https://github.com/meziantou/Meziantou.Analyzer/blob/main/docs/Rules/MA0026.md) [/var/home/saithis/work/Ratatoskr/src/Ratatoskr.RabbitMq/Ratatoskr.RabbitMq.csproj]
/var/home/saithis/work/Ratatoskr/src/Ratatoskr.RabbitMq/Config/QueueType.cs(3,13): warning RCS1161: Enum should declare explicit values (https://josefpihrt.github.io/docs/roslynator/analyzers/RCS1161) [/var/home/saithis/work/Ratatoskr/src/Ratatoskr.RabbitMq/Ratatoskr.RabbitMq.csproj]
/var/home/saithis/work/Ratatoskr/src/Ratatoskr.RabbitMq/CloudEventsAmqpConstants.cs(31,5): warning RCS1181: Convert comment to documentation comment (https://josefpihrt.github.io/docs/roslynator/analyzers/RCS1181) [/var/home/saithis/work/Ratatoskr/src/Ratatoskr.RabbitMq/Ratatoskr.RabbitMq.csproj]
/var/home/saithis/work/Ratatoskr/src/Ratatoskr.RabbitMq/Config/RabbitMqExchangeType.cs(9,13): warning RCS1161: Enum should declare explicit values (https://josefpihrt.github.io/docs/roslynator/analyzers/RCS1161) [/var/home/saithis/work/Ratatoskr/src/Ratatoskr.RabbitMq/Ratatoskr.RabbitMq.csproj]
/var/home/saithis/work/Ratatoskr/src/Ratatoskr.RabbitMq/RabbitMqConstants.cs(3,14): warning CA1052: Type 'RabbitMqConstants' is a static holder type but is neither static nor NotInheritable (https://learn.microsoft.com/dotnet/fundamentals/code-analysis/quality-rules/ca1052) [/var/home/saithis/work/Ratatoskr/src/Ratatoskr.RabbitMq/Ratatoskr.RabbitMq.csproj]
/var/home/saithis/work/Ratatoskr/src/Ratatoskr.RabbitMq/RabbitMqConstants.cs(3,14): warning RCS1102: Make class static (https://josefpihrt.github.io/docs/roslynator/analyzers/RCS1102) [/var/home/saithis/work/Ratatoskr/src/Ratatoskr.RabbitMq/Ratatoskr.RabbitMq.csproj]
/var/home/saithis/work/Ratatoskr/src/Ratatoskr.RabbitMq/CloudEventsAmqpMapper.cs(83,9): warning MA0071: Avoid using redundant else (https://github.com/meziantou/Meziantou.Analyzer/blob/main/docs/Rules/MA0071.md) [/var/home/saithis/work/Ratatoskr/src/Ratatoskr.RabbitMq/Ratatoskr.RabbitMq.csproj]
/var/home/saithis/work/Ratatoskr/src/Ratatoskr.RabbitMq/CloudEventsAmqpMapper.cs(83,9): warning RCS1211: Remove unnecessary else clause (https://josefpihrt.github.io/docs/roslynator/analyzers/RCS1211) [/var/home/saithis/work/Ratatoskr/src/Ratatoskr.RabbitMq/Ratatoskr.RabbitMq.csproj]
/var/home/saithis/work/Ratatoskr/src/Ratatoskr.RabbitMq/CloudEventsAmqpMapper.cs(60,17): warning MA0015: 'options.ContentMode' is not a valid parameter name (https://github.com/meziantou/Meziantou.Analyzer/blob/main/docs/Rules/MA0015.md) [/var/home/saithis/work/Ratatoskr/src/Ratatoskr.RabbitMq/Ratatoskr.RabbitMq.csproj]
/var/home/saithis/work/Ratatoskr/src/Ratatoskr.RabbitMq/CloudEventsAmqpMapper.cs(165,18): warning CA1310: The behavior of 'string.StartsWith(string)' could vary based on the current user's locale settings. Replace this call in 'Ratatoskr.RabbitMq.CloudEventsAmqpMapper.MapBinaryMode(byte[], Ratatoskr.Core.MessageProperties, RabbitMQ.Client.BasicProperties)' with a call to 'string.StartsWith(string, System.StringComparison)'. (https://learn.microsoft.com/dotnet/fundamentals/code-analysis/quality-rules/ca1310) [/var/home/saithis/work/Ratatoskr/src/Ratatoskr.RabbitMq/Ratatoskr.RabbitMq.csproj]
/var/home/saithis/work/Ratatoskr/src/Ratatoskr.RabbitMq/CloudEventsAmqpMapper.cs(166,21): warning CA1310: The behavior of 'string.StartsWith(string)' could vary based on the current user's locale settings. Replace this call in 'Ratatoskr.RabbitMq.CloudEventsAmqpMapper.MapBinaryMode(byte[], Ratatoskr.Core.MessageProperties, RabbitMQ.Client.BasicProperties)' with a call to 'string.StartsWith(string, System.StringComparison)'. (https://learn.microsoft.com/dotnet/fundamentals/code-analysis/quality-rules/ca1310) [/var/home/saithis/work/Ratatoskr/src/Ratatoskr.RabbitMq/Ratatoskr.RabbitMq.csproj]
/var/home/saithis/work/Ratatoskr/src/Ratatoskr.RabbitMq/AsyncApi/RabbitMqAsyncApiBindingProvider.cs(54,45): warning MA0020: Use 'TrueForAll()' instead of 'All()' (https://github.com/meziantou/Meziantou.Analyzer/blob/main/docs/Rules/MA0020.md) [/var/home/saithis/work/Ratatoskr/src/Ratatoskr.RabbitMq/Ratatoskr.RabbitMq.csproj]
/var/home/saithis/work/Ratatoskr/src/Ratatoskr.RabbitMq/CloudEventsAmqpMapper.cs(165,18): warning MA0074: Use an overload of 'StartsWith' that has a StringComparison parameter (https://github.com/meziantou/Meziantou.Analyzer/blob/main/docs/Rules/MA0074.md) [/var/home/saithis/work/Ratatoskr/src/Ratatoskr.RabbitMq/Ratatoskr.RabbitMq.csproj]
/var/home/saithis/work/Ratatoskr/src/Ratatoskr.RabbitMq/CloudEventsAmqpMapper.cs(166,21): warning MA0074: Use an overload of 'StartsWith' that has a StringComparison parameter (https://github.com/meziantou/Meziantou.Analyzer/blob/main/docs/Rules/MA0074.md) [/var/home/saithis/work/Ratatoskr/src/Ratatoskr.RabbitMq/Ratatoskr.RabbitMq.csproj]
/var/home/saithis/work/Ratatoskr/src/Ratatoskr.RabbitMq/RabbitMqConnectionManager.cs(26,17): warning MA0084: Local variable 'options' should not hide parameter (https://github.com/meziantou/Meziantou.Analyzer/blob/main/docs/Rules/MA0084.md) [/var/home/saithis/work/Ratatoskr/src/Ratatoskr.RabbitMq/Ratatoskr.RabbitMq.csproj]
/var/home/saithis/work/Ratatoskr/src/Ratatoskr.RabbitMq/RabbitMqConsumer.cs(44,59): warning MA0020: Use 'TrueForAll()' instead of 'All()' (https://github.com/meziantou/Meziantou.Analyzer/blob/main/docs/Rules/MA0020.md) [/var/home/saithis/work/Ratatoskr/src/Ratatoskr.RabbitMq/Ratatoskr.RabbitMq.csproj]
/var/home/saithis/work/Ratatoskr/src/Ratatoskr.RabbitMq/CloudEventsAmqpMapper.cs(291,32): warning MA0011: Use an overload of 'TryParse' that has a 'System.IFormatProvider' parameter (https://github.com/meziantou/Meziantou.Analyzer/blob/main/docs/Rules/MA0011.md) [/var/home/saithis/work/Ratatoskr/src/Ratatoskr.RabbitMq/Ratatoskr.RabbitMq.csproj]
/var/home/saithis/work/Ratatoskr/src/Ratatoskr.RabbitMq/AsyncApi/RabbitMqAsyncApiBindingProvider.cs(179,9): warning RCS1118: Mark local variable as const (https://josefpihrt.github.io/docs/roslynator/analyzers/RCS1118) [/var/home/saithis/work/Ratatoskr/src/Ratatoskr.RabbitMq/Ratatoskr.RabbitMq.csproj]
/var/home/saithis/work/Ratatoskr/src/Ratatoskr.RabbitMq/RabbitMqConnectionManager.cs(148,23): warning MA0040: Use an overload with a CancellationToken, available tokens: _connection.CloseReason.CancellationToken, _sendChannel.CloseReason.CancellationToken (https://github.com/meziantou/Meziantou.Analyzer/blob/main/docs/Rules/MA0040.md) [/var/home/saithis/work/Ratatoskr/src/Ratatoskr.RabbitMq/Ratatoskr.RabbitMq.csproj]
/var/home/saithis/work/Ratatoskr/src/Ratatoskr.RabbitMq/RabbitMqConnectionManager.cs(156,19): warning MA0040: Use an overload with a CancellationToken, available tokens: _connection.CloseReason.CancellationToken, _sendChannel.CloseReason.CancellationToken (https://github.com/meziantou/Meziantou.Analyzer/blob/main/docs/Rules/MA0040.md) [/var/home/saithis/work/Ratatoskr/src/Ratatoskr.RabbitMq/Ratatoskr.RabbitMq.csproj]
/var/home/saithis/work/Ratatoskr/src/Ratatoskr.RabbitMq/RabbitMqConsumer.cs(270,27): warning MA0040: Use an overload with a CancellationToken, available tokens: channel.CloseReason.CancellationToken (https://github.com/meziantou/Meziantou.Analyzer/blob/main/docs/Rules/MA0040.md) [/var/home/saithis/work/Ratatoskr/src/Ratatoskr.RabbitMq/Ratatoskr.RabbitMq.csproj]
/var/home/saithis/work/Ratatoskr/src/Ratatoskr.RabbitMq/RabbitMqConsumer.cs(302,24): warning MA0051: Method is too long (156 lines; maximum allowed: 120) (https://github.com/meziantou/Meziantou.Analyzer/blob/main/docs/Rules/MA0051.md) [/var/home/saithis/work/Ratatoskr/src/Ratatoskr.RabbitMq/Ratatoskr.RabbitMq.csproj]
/var/home/saithis/work/Ratatoskr/src/Ratatoskr.RabbitMq/RabbitMqConsumer.cs(132,17): warning RCS1134: Remove redundant statement (https://josefpihrt.github.io/docs/roslynator/analyzers/RCS1134) [/var/home/saithis/work/Ratatoskr/src/Ratatoskr.RabbitMq/Ratatoskr.RabbitMq.csproj]
/var/home/saithis/work/Ratatoskr/src/Ratatoskr.RabbitMq/RabbitMqTopologyManager.cs(131,38): warning CA1859: Change type of variable 'queueArgs' from 'System.Collections.Generic.IDictionary<string, object?>' to 'System.Collections.Generic.Dictionary<string, object?>' for improved performance (https://learn.microsoft.com/dotnet/fundamentals/code-analysis/quality-rules/ca1859) [/var/home/saithis/work/Ratatoskr/src/Ratatoskr.RabbitMq/Ratatoskr.RabbitMq.csproj]
/var/home/saithis/work/Ratatoskr/src/Ratatoskr.RabbitMq/RabbitMqConsumer.cs(119,46): warning RCS1163: Unused parameter 'notNeededParam' (https://josefpihrt.github.io/docs/roslynator/analyzers/RCS1163) [/var/home/saithis/work/Ratatoskr/src/Ratatoskr.RabbitMq/Ratatoskr.RabbitMq.csproj]
/var/home/saithis/work/Ratatoskr/src/Ratatoskr.RabbitMq/RabbitMqConstants.cs(3,14): warning MA0036: Make class static (https://github.com/meziantou/Meziantou.Analyzer/blob/main/docs/Rules/MA0036.md) [/var/home/saithis/work/Ratatoskr/src/Ratatoskr.RabbitMq/Ratatoskr.RabbitMq.csproj]
/var/home/saithis/work/Ratatoskr/src/Ratatoskr.EfCore/EfCoreChannelExtensions.cs(5,21): warning CS1591: Missing XML comment for publicly visible type or member 'EfCoreChannelExtensions' [/var/home/saithis/work/Ratatoskr/src/Ratatoskr.EfCore/Ratatoskr.EfCore.csproj]
/var/home/saithis/work/Ratatoskr/src/Ratatoskr.EfCore/EfCoreTransportConstants.cs(3,21): warning CS1591: Missing XML comment for publicly visible type or member 'EfCoreTransportConstants' [/var/home/saithis/work/Ratatoskr/src/Ratatoskr.EfCore/Ratatoskr.EfCore.csproj]
/var/home/saithis/work/Ratatoskr/src/Ratatoskr.EfCore/EfCoreTransportConstants.cs(5,25): warning CS1591: Missing XML comment for publicly visible type or member 'EfCoreTransportConstants.TransportName' [/var/home/saithis/work/Ratatoskr/src/Ratatoskr.EfCore/Ratatoskr.EfCore.csproj]
/var/home/saithis/work/Ratatoskr/src/Ratatoskr.EfCore/Exceptions/MessagePropertiesDeserializationException.cs(3,14): warning CS1591: Missing XML comment for publicly visible type or member 'MessagePropertiesDeserializationException' [/var/home/saithis/work/Ratatoskr/src/Ratatoskr.EfCore/Ratatoskr.EfCore.csproj]
/var/home/saithis/work/Ratatoskr/src/Ratatoskr.EfCore/Exceptions/MessagePropertiesDeserializationException.cs(3,14): warning CS1591: Missing XML comment for publicly visible type or member 'MessagePropertiesDeserializationException.MessagePropertiesDeserializationException(string, string)' [/var/home/saithis/work/Ratatoskr/src/Ratatoskr.EfCore/Ratatoskr.EfCore.csproj]
/var/home/saithis/work/Ratatoskr/src/Ratatoskr.EfCore/Exceptions/OutboxException.cs(3,14): warning CS1591: Missing XML comment for publicly visible type or member 'OutboxException' [/var/home/saithis/work/Ratatoskr/src/Ratatoskr.EfCore/Ratatoskr.EfCore.csproj]
/var/home/saithis/work/Ratatoskr/src/Ratatoskr.EfCore/Exceptions/OutboxException.cs(3,14): warning CS1591: Missing XML comment for publicly visible type or member 'OutboxException.OutboxException(string)' [/var/home/saithis/work/Ratatoskr/src/Ratatoskr.EfCore/Ratatoskr.EfCore.csproj]
/var/home/saithis/work/Ratatoskr/src/Ratatoskr.EfCore/Exceptions/MessagePropertiesDeserializationException.cs(3,14): warning RCS1194: Implement exception constructors (https://josefpihrt.github.io/docs/roslynator/analyzers/RCS1194) [/var/home/saithis/work/Ratatoskr/src/Ratatoskr.EfCore/Ratatoskr.EfCore.csproj]
/var/home/saithis/work/Ratatoskr/src/Ratatoskr.EfCore/Exceptions/OutboxException.cs(3,14): warning RCS1194: Implement exception constructors (https://josefpihrt.github.io/docs/roslynator/analyzers/RCS1194) [/var/home/saithis/work/Ratatoskr/src/Ratatoskr.EfCore/Ratatoskr.EfCore.csproj]
/var/home/saithis/work/Ratatoskr/src/Ratatoskr.EfCore/Internal/EfCoreMetricsState.cs(9,33): warning MA0008: Add StructLayoutAttribute (https://github.com/meziantou/Meziantou.Analyzer/blob/main/docs/Rules/MA0008.md) [/var/home/saithis/work/Ratatoskr/src/Ratatoskr.EfCore/Ratatoskr.EfCore.csproj]
/var/home/saithis/work/Ratatoskr/src/Ratatoskr.EfCore/Internal/InboxAcceptor.cs(230,15): warning RCS1161: Enum should declare explicit values (https://josefpihrt.github.io/docs/roslynator/analyzers/RCS1161) [/var/home/saithis/work/Ratatoskr/src/Ratatoskr.EfCore/Ratatoskr.EfCore.csproj]
/var/home/saithis/work/Ratatoskr/src/Ratatoskr.EfCore/Management/CursorHelper.cs(17,37): warning MA0008: Add StructLayoutAttribute (https://github.com/meziantou/Meziantou.Analyzer/blob/main/docs/Rules/MA0008.md) [/var/home/saithis/work/Ratatoskr/src/Ratatoskr.EfCore/Ratatoskr.EfCore.csproj]
/var/home/saithis/work/Ratatoskr/src/Ratatoskr.EfCore/Internal/OutboxTriggerInterceptor.cs(26,5): warning RCS1181: Convert comment to documentation comment (https://josefpihrt.github.io/docs/roslynator/analyzers/RCS1181) [/var/home/saithis/work/Ratatoskr/src/Ratatoskr.EfCore/Ratatoskr.EfCore.csproj]
/var/home/saithis/work/Ratatoskr/src/Ratatoskr.EfCore/Management/Endpoints/Outbox/ListPoisonedOutboxEndpoint.cs(110,14): warning RCS1077: Optimize LINQ method call (https://josefpihrt.github.io/docs/roslynator/analyzers/RCS1077) [/var/home/saithis/work/Ratatoskr/src/Ratatoskr.EfCore/Ratatoskr.EfCore.csproj]
/var/home/saithis/work/Ratatoskr/src/Ratatoskr.EfCore/Internal/BackoffCalculator.cs(25,52): warning CA5394: Random is an insecure random number generator. Use cryptographically secure random number generators when randomness is required for security. (https://learn.microsoft.com/dotnet/fundamentals/code-analysis/quality-rules/ca5394) [/var/home/saithis/work/Ratatoskr/src/Ratatoskr.EfCore/Ratatoskr.EfCore.csproj]
/var/home/saithis/work/Ratatoskr/src/Ratatoskr.EfCore/Management/Endpoints/Inbox/ListPoisonedInboxEndpoint.cs(111,25): warning RCS1077: Optimize LINQ method call (https://josefpihrt.github.io/docs/roslynator/analyzers/RCS1077) [/var/home/saithis/work/Ratatoskr/src/Ratatoskr.EfCore/Ratatoskr.EfCore.csproj]
/var/home/saithis/work/Ratatoskr/src/Ratatoskr.EfCore/Internal/ProcessorHealthCheck.cs(29,21): warning MA0111: Use string.Create instead of FormattableString (https://github.com/meziantou/Meziantou.Analyzer/blob/main/docs/Rules/MA0111.md) [/var/home/saithis/work/Ratatoskr/src/Ratatoskr.EfCore/Ratatoskr.EfCore.csproj]
/var/home/saithis/work/Ratatoskr/src/Ratatoskr.EfCore/Internal/ProcessorHealthCheck.cs(38,17): warning MA0111: Use string.Create instead of FormattableString (https://github.com/meziantou/Meziantou.Analyzer/blob/main/docs/Rules/MA0111.md) [/var/home/saithis/work/Ratatoskr/src/Ratatoskr.EfCore/Ratatoskr.EfCore.csproj]
/var/home/saithis/work/Ratatoskr/src/Ratatoskr.EfCore/Internal/PollingBackgroundService.cs(43,35): warning RCS1163: Unused parameter 'cancellationToken' (https://josefpihrt.github.io/docs/roslynator/analyzers/RCS1163) [/var/home/saithis/work/Ratatoskr/src/Ratatoskr.EfCore/Ratatoskr.EfCore.csproj]
/var/home/saithis/work/Ratatoskr/src/Ratatoskr.EfCore/Management/Endpoints/Inbox/GetInboxMessageHandlersEndpoint.cs(48,14): warning RCS1077: Optimize LINQ method call (https://josefpihrt.github.io/docs/roslynator/analyzers/RCS1077) [/var/home/saithis/work/Ratatoskr/src/Ratatoskr.EfCore/Ratatoskr.EfCore.csproj]
/var/home/saithis/work/Ratatoskr/src/Ratatoskr.EfCore/Internal/OutboxTriggerInterceptor.cs(37,62): warning MA0051: Method is too long (128 lines; maximum allowed: 120) (https://github.com/meziantou/Meziantou.Analyzer/blob/main/docs/Rules/MA0051.md) [/var/home/saithis/work/Ratatoskr/src/Ratatoskr.EfCore/Ratatoskr.EfCore.csproj]
/var/home/saithis/work/Ratatoskr/src/Ratatoskr.EfCore/Internal/OutboxTriggerInterceptor.cs(83,21): warning MA0111: Use string.Create instead of FormattableString (https://github.com/meziantou/Meziantou.Analyzer/blob/main/docs/Rules/MA0111.md) [/var/home/saithis/work/Ratatoskr/src/Ratatoskr.EfCore/Ratatoskr.EfCore.csproj]
/var/home/saithis/work/Ratatoskr/src/Ratatoskr.EfCore/Internal/InboxHandlerStatusEntity.cs(128,46): warning RCS1163: Unused parameter 'timeProvider' (https://josefpihrt.github.io/docs/roslynator/analyzers/RCS1163) [/var/home/saithis/work/Ratatoskr/src/Ratatoskr.EfCore/Ratatoskr.EfCore.csproj]
/var/home/saithis/work/Ratatoskr/src/Ratatoskr.EfCore/Internal/EfCoreMetricsBackgroundService.cs(119,30): warning CA1068: Method 'Ratatoskr.EfCore.Internal.EfCoreMetricsBackgroundService<TDbContext>.CountAsync(TDbContext, System.Threading.CancellationToken, System.Func<TDbContext, System.Threading.CancellationToken, System.Threading.Tasks.Task<long>>)' should take CancellationToken as the last parameter (https://learn.microsoft.com/dotnet/fundamentals/code-analysis/quality-rules/ca1068) [/var/home/saithis/work/Ratatoskr/src/Ratatoskr.EfCore/Ratatoskr.EfCore.csproj]
/var/home/saithis/work/Ratatoskr/src/Ratatoskr.EfCore/Internal/EfCoreMetricsBackgroundService.cs(116,66): warning MA0106: Avoid closure by using an overload with the 'factoryArgument' parameter (captured variable: serviceProvider, state, snapshot) (https://github.com/meziantou/Meziantou.Analyzer/blob/main/docs/Rules/MA0106.md) [/var/home/saithis/work/Ratatoskr/src/Ratatoskr.EfCore/Ratatoskr.EfCore.csproj]
/var/home/saithis/work/Ratatoskr/src/Ratatoskr.EfCore/Internal/EfCoreMetricsBackgroundService.cs(47,27): warning MA0042: Use 'CreateAsyncScope' instead of 'CreateScope' (https://github.com/meziantou/Meziantou.Analyzer/blob/main/docs/Rules/MA0042.md) [/var/home/saithis/work/Ratatoskr/src/Ratatoskr.EfCore/Ratatoskr.EfCore.csproj]
/var/home/saithis/work/Ratatoskr/src/Ratatoskr.EfCore/Internal/InboxAcceptor.cs(28,43): warning MA0051: Method is too long (135 lines; maximum allowed: 120) (https://github.com/meziantou/Meziantou.Analyzer/blob/main/docs/Rules/MA0051.md) [/var/home/saithis/work/Ratatoskr/src/Ratatoskr.EfCore/Ratatoskr.EfCore.csproj]
/var/home/saithis/work/Ratatoskr/src/Ratatoskr.EfCore/Internal/InboxMessageProcessor.cs(36,28): warning MA0051: Method is too long (260 lines; maximum allowed: 120) (https://github.com/meziantou/Meziantou.Analyzer/blob/main/docs/Rules/MA0051.md) [/var/home/saithis/work/Ratatoskr/src/Ratatoskr.EfCore/Ratatoskr.EfCore.csproj]
/var/home/saithis/work/Ratatoskr/src/Ratatoskr.EfCore/Internal/OutboxMessageProcessor.cs(38,28): warning MA0051: Method is too long (232 lines; maximum allowed: 120) (https://github.com/meziantou/Meziantou.Analyzer/blob/main/docs/Rules/MA0051.md) [/var/home/saithis/work/Ratatoskr/src/Ratatoskr.EfCore/Ratatoskr.EfCore.csproj]
/var/home/saithis/work/Ratatoskr/examples/Docs/Program.cs(136,20): warning MA0042: Use 'CreateAsyncScope' instead of 'CreateScope' (https://github.com/meziantou/Meziantou.Analyzer/blob/main/docs/Rules/MA0042.md) [/var/home/saithis/work/Ratatoskr/examples/Docs/Docs.csproj]
/var/home/saithis/work/Ratatoskr/examples/PlaygroundHost/Infrastructure/OutboxSendFailureKind.cs(3,13): warning RCS1161: Enum should declare explicit values (https://josefpihrt.github.io/docs/roslynator/analyzers/RCS1161) [/var/home/saithis/work/Ratatoskr/examples/PlaygroundHost/PlaygroundHost.csproj]
/var/home/saithis/work/Ratatoskr/examples/PlaygroundHost/Persistence/Entities/Order.cs(14,13): warning RCS1161: Enum should declare explicit values (https://josefpihrt.github.io/docs/roslynator/analyzers/RCS1161) [/var/home/saithis/work/Ratatoskr/examples/PlaygroundHost/PlaygroundHost.csproj]
/var/home/saithis/work/Ratatoskr/examples/PlaygroundHost/Scenarios/Inbox/InboxRetryThenSuccessScenario.cs(118,86): warning MA0002: Use an overload that has a IEqualityComparer<string> or IComparer<string> parameter (https://github.com/meziantou/Meziantou.Analyzer/blob/main/docs/Rules/MA0002.md) [/var/home/saithis/work/Ratatoskr/examples/PlaygroundHost/PlaygroundHost.csproj]
/var/home/saithis/work/Ratatoskr/examples/PlaygroundHost/Scenarios/Tests/CancelSmokeScenario.cs(32,40): warning MA0003: Name the parameter to improve code readability (https://github.com/meziantou/Meziantou.Analyzer/blob/main/docs/Rules/MA0003.md) [/var/home/saithis/work/Ratatoskr/examples/PlaygroundHost/PlaygroundHost.csproj]
/var/home/saithis/work/Ratatoskr/examples/PlaygroundHost/Scenarios/Tests/CancelSmokeScenario.cs(35,36): warning MA0003: Name the parameter to improve code readability (https://github.com/meziantou/Meziantou.Analyzer/blob/main/docs/Rules/MA0003.md) [/var/home/saithis/work/Ratatoskr/examples/PlaygroundHost/PlaygroundHost.csproj]
/var/home/saithis/work/Ratatoskr/examples/PlaygroundHost/Scenarios/Tests/BlockingHoldScenario.cs(32,36): warning MA0003: Name the parameter to improve code readability (https://github.com/meziantou/Meziantou.Analyzer/blob/main/docs/Rules/MA0003.md) [/var/home/saithis/work/Ratatoskr/examples/PlaygroundHost/PlaygroundHost.csproj]
/var/home/saithis/work/Ratatoskr/examples/PlaygroundHost/Scenarios/Tests/BlockingHoldScenario.cs(31,15): warning MA0166: Use an overload with a TimeProvider, available tokens: context.TimeProvider (https://github.com/meziantou/Meziantou.Analyzer/blob/main/docs/Rules/MA0166.md) [/var/home/saithis/work/Ratatoskr/examples/PlaygroundHost/PlaygroundHost.csproj]
/var/home/saithis/work/Ratatoskr/examples/PlaygroundHost/Scenarios/Tests/CancelSmokeScenario.cs(28,19): warning MA0166: Use an overload with a TimeProvider, available tokens: context.TimeProvider (https://github.com/meziantou/Meziantou.Analyzer/blob/main/docs/Rules/MA0166.md) [/var/home/saithis/work/Ratatoskr/examples/PlaygroundHost/PlaygroundHost.csproj]
/var/home/saithis/work/Ratatoskr/examples/PlaygroundHost/Scenarios/Other/FanoutTwoHandlersOnOrderplacedScenario.cs(113,40): warning MA0003: Name the parameter to improve code readability (https://github.com/meziantou/Meziantou.Analyzer/blob/main/docs/Rules/MA0003.md) [/var/home/saithis/work/Ratatoskr/examples/PlaygroundHost/PlaygroundHost.csproj]
/var/home/saithis/work/Ratatoskr/examples/PlaygroundHost/Scenarios/Other/FanoutTwoHandlersOnOrderplacedScenario.cs(119,13): warning MA0003: Name the parameter to improve code readability (https://github.com/meziantou/Meziantou.Analyzer/blob/main/docs/Rules/MA0003.md) [/var/home/saithis/work/Ratatoskr/examples/PlaygroundHost/PlaygroundHost.csproj]
/var/home/saithis/work/Ratatoskr/examples/PlaygroundHost/Infrastructure/PlaygroundSqlMetrics.cs(27,13): warning MA0136: Raw String contains an implicit end of line character (https://github.com/meziantou/Meziantou.Analyzer/blob/main/docs/Rules/MA0136.md) [/var/home/saithis/work/Ratatoskr/examples/PlaygroundHost/PlaygroundHost.csproj]
/var/home/saithis/work/Ratatoskr/examples/PlaygroundHost/Infrastructure/PlaygroundSqlMetrics.cs(43,13): warning MA0136: Raw String contains an implicit end of line character (https://github.com/meziantou/Meziantou.Analyzer/blob/main/docs/Rules/MA0136.md) [/var/home/saithis/work/Ratatoskr/examples/PlaygroundHost/PlaygroundHost.csproj]
/var/home/saithis/work/Ratatoskr/examples/PlaygroundHost/Infrastructure/PlaygroundSqlMetrics.cs(58,13): warning MA0136: Raw String contains an implicit end of line character (https://github.com/meziantou/Meziantou.Analyzer/blob/main/docs/Rules/MA0136.md) [/var/home/saithis/work/Ratatoskr/examples/PlaygroundHost/PlaygroundHost.csproj]
/var/home/saithis/work/Ratatoskr/examples/PlaygroundHost/Scenarios/DirectConsume/DirectConsumeSuccessScenario.cs(90,31): warning CA1725: In member Task DirectWorkHandler.HandleAsync(DirectWork message, MessageProperties _, CancellationToken cancellationToken), change parameter name _ to properties in order to match the identifier as it has been declared in Task IMessageHandler<DirectWork>.HandleAsync(DirectWork message, MessageProperties properties, CancellationToken cancellationToken) (https://learn.microsoft.com/dotnet/fundamentals/code-analysis/quality-rules/ca1725) [/var/home/saithis/work/Ratatoskr/examples/PlaygroundHost/PlaygroundHost.csproj]
/var/home/saithis/work/Ratatoskr/examples/PlaygroundHost/Scenarios/DirectConsume/DirectConsumeSuccessScenario.cs(90,31): warning RCS1168: Parameter name '_' differs from base name 'properties' (https://josefpihrt.github.io/docs/roslynator/analyzers/RCS1168) [/var/home/saithis/work/Ratatoskr/examples/PlaygroundHost/PlaygroundHost.csproj]
/var/home/saithis/work/Ratatoskr/examples/PlaygroundHost/Infrastructure/ScenarioRunning/IScenarioExtensions.cs(12,9): warning RCS1175: Unused 'this' parameter 'scenario' (https://josefpihrt.github.io/docs/roslynator/analyzers/RCS1175) [/var/home/saithis/work/Ratatoskr/examples/PlaygroundHost/PlaygroundHost.csproj]
/var/home/saithis/work/Ratatoskr/examples/PlaygroundHost/Scenarios/Outbox/OversizedPayloadRollsBackScenario.cs(54,17): warning MA0003: Name the parameter to improve code readability (https://github.com/meziantou/Meziantou.Analyzer/blob/main/docs/Rules/MA0003.md) [/var/home/saithis/work/Ratatoskr/examples/PlaygroundHost/PlaygroundHost.csproj]
/var/home/saithis/work/Ratatoskr/examples/PlaygroundHost/Scenarios/Outbox/OversizedPayloadRollsBackScenario.cs(67,21): warning MA0003: Name the parameter to improve code readability (https://github.com/meziantou/Meziantou.Analyzer/blob/main/docs/Rules/MA0003.md) [/var/home/saithis/work/Ratatoskr/examples/PlaygroundHost/PlaygroundHost.csproj]
/var/home/saithis/work/Ratatoskr/examples/PlaygroundHost/Scenarios/Outbox/OversizedPayloadRollsBackScenario.cs(70,39): warning MA0003: Name the parameter to improve code readability (https://github.com/meziantou/Meziantou.Analyzer/blob/main/docs/Rules/MA0003.md) [/var/home/saithis/work/Ratatoskr/examples/PlaygroundHost/PlaygroundHost.csproj]
/var/home/saithis/work/Ratatoskr/examples/PlaygroundHost/Scenarios/Other/FanoutTwoHandlersOnOrderplacedScenario.cs(120,89): warning MA0076: Do not use implicit culture-sensitive ToString in interpolated strings (https://github.com/meziantou/Meziantou.Analyzer/blob/main/docs/Rules/MA0076.md) [/var/home/saithis/work/Ratatoskr/examples/PlaygroundHost/PlaygroundHost.csproj]
/var/home/saithis/work/Ratatoskr/examples/PlaygroundHost/Infrastructure/ScenarioRunning/ScenarioAssertions.cs(29,19): warning MA0166: Use an overload with a TimeProvider, available tokens: time (https://github.com/meziantou/Meziantou.Analyzer/blob/main/docs/Rules/MA0166.md) [/var/home/saithis/work/Ratatoskr/examples/PlaygroundHost/PlaygroundHost.csproj]
/var/home/saithis/work/Ratatoskr/examples/PlaygroundHost/Infrastructure/ScenarioRunning/ScenarioRunService.cs(47,14): warning MA0002: Use an overload that has a IEqualityComparer<string> or IComparer<string> parameter (https://github.com/meziantou/Meziantou.Analyzer/blob/main/docs/Rules/MA0002.md) [/var/home/saithis/work/Ratatoskr/examples/PlaygroundHost/PlaygroundHost.csproj]
/var/home/saithis/work/Ratatoskr/examples/PlaygroundHost/Infrastructure/ScenarioRunning/ScenarioAssertions.cs(69,17): warning MA0003: Name the parameter to improve code readability (https://github.com/meziantou/Meziantou.Analyzer/blob/main/docs/Rules/MA0003.md) [/var/home/saithis/work/Ratatoskr/examples/PlaygroundHost/PlaygroundHost.csproj]
/var/home/saithis/work/Ratatoskr/examples/PlaygroundHost/Infrastructure/ScenarioRunning/ScenarioAssertions.cs(76,13): warning MA0003: Name the parameter to improve code readability (https://github.com/meziantou/Meziantou.Analyzer/blob/main/docs/Rules/MA0003.md) [/var/home/saithis/work/Ratatoskr/examples/PlaygroundHost/PlaygroundHost.csproj]
/var/home/saithis/work/Ratatoskr/examples/PlaygroundHost/Infrastructure/ScenarioRunning/IScenarioExtensions.cs(23,9): warning RCS1175: Unused 'this' parameter 'scenario' (https://josefpihrt.github.io/docs/roslynator/analyzers/RCS1175) [/var/home/saithis/work/Ratatoskr/examples/PlaygroundHost/PlaygroundHost.csproj]
/var/home/saithis/work/Ratatoskr/examples/PlaygroundHost/Infrastructure/ScenarioRunning/ScenarioAssertions.cs(77,85): warning MA0076: Do not use implicit culture-sensitive ToString in interpolated strings (https://github.com/meziantou/Meziantou.Analyzer/blob/main/docs/Rules/MA0076.md) [/var/home/saithis/work/Ratatoskr/examples/PlaygroundHost/PlaygroundHost.csproj]
/var/home/saithis/work/Ratatoskr/examples/PlaygroundHost/Infrastructure/ScenarioRunning/ScenarioAssertions.cs(77,112): warning MA0076: Do not use implicit culture-sensitive ToString in interpolated strings (https://github.com/meziantou/Meziantou.Analyzer/blob/main/docs/Rules/MA0076.md) [/var/home/saithis/work/Ratatoskr/examples/PlaygroundHost/PlaygroundHost.csproj]
/var/home/saithis/work/Ratatoskr/examples/PlaygroundHost/Infrastructure/ScenarioRunning/IScenarioExtensions.cs(43,9): warning RCS1175: Unused 'this' parameter 'scenario' (https://josefpihrt.github.io/docs/roslynator/analyzers/RCS1175) [/var/home/saithis/work/Ratatoskr/examples/PlaygroundHost/PlaygroundHost.csproj]
/var/home/saithis/work/Ratatoskr/examples/PlaygroundHost/Infrastructure/ScenarioRunning/ScenarioAssertions.cs(119,17): warning MA0003: Name the parameter to improve code readability (https://github.com/meziantou/Meziantou.Analyzer/blob/main/docs/Rules/MA0003.md) [/var/home/saithis/work/Ratatoskr/examples/PlaygroundHost/PlaygroundHost.csproj]
/var/home/saithis/work/Ratatoskr/examples/PlaygroundHost/Infrastructure/ScenarioRunning/ScenarioAssertions.cs(130,13): warning MA0003: Name the parameter to improve code readability (https://github.com/meziantou/Meziantou.Analyzer/blob/main/docs/Rules/MA0003.md) [/var/home/saithis/work/Ratatoskr/examples/PlaygroundHost/PlaygroundHost.csproj]
/var/home/saithis/work/Ratatoskr/examples/PlaygroundHost/Infrastructure/ScenarioRunning/ScenarioRunService.cs(58,44): warning MA0003: Name the parameter to improve code readability (https://github.com/meziantou/Meziantou.Analyzer/blob/main/docs/Rules/MA0003.md) [/var/home/saithis/work/Ratatoskr/examples/PlaygroundHost/PlaygroundHost.csproj]
/var/home/saithis/work/Ratatoskr/examples/PlaygroundHost/Infrastructure/ScenarioRunning/ScenarioRunService.cs(58,50): warning MA0003: Name the parameter to improve code readability (https://github.com/meziantou/Meziantou.Analyzer/blob/main/docs/Rules/MA0003.md) [/var/home/saithis/work/Ratatoskr/examples/PlaygroundHost/PlaygroundHost.csproj]
/var/home/saithis/work/Ratatoskr/examples/PlaygroundHost/Infrastructure/ScenarioRunning/ScenarioRunService.cs(64,17): warning MA0003: Name the parameter to improve code readability (https://github.com/meziantou/Meziantou.Analyzer/blob/main/docs/Rules/MA0003.md) [/var/home/saithis/work/Ratatoskr/examples/PlaygroundHost/PlaygroundHost.csproj]
/var/home/saithis/work/Ratatoskr/examples/PlaygroundHost/Infrastructure/ScenarioRunning/ScenarioRunService.cs(65,17): warning MA0003: Name the parameter to improve code readability (https://github.com/meziantou/Meziantou.Analyzer/blob/main/docs/Rules/MA0003.md) [/var/home/saithis/work/Ratatoskr/examples/PlaygroundHost/PlaygroundHost.csproj]
/var/home/saithis/work/Ratatoskr/examples/PlaygroundHost/Scenarios/Inbox/InboxRetryThenSuccessScenario.cs(157,31): warning CA1725: In member Task OrderFulfilledHandler.HandleAsync(OrderFulfilled message, MessageProperties _, CancellationToken cancellationToken), change parameter name _ to properties in order to match the identifier as it has been declared in Task IMessageHandler<OrderFulfilled>.HandleAsync(OrderFulfilled message, MessageProperties properties, CancellationToken cancellationToken) (https://learn.microsoft.com/dotnet/fundamentals/code-analysis/quality-rules/ca1725) [/var/home/saithis/work/Ratatoskr/examples/PlaygroundHost/PlaygroundHost.csproj]
/var/home/saithis/work/Ratatoskr/examples/PlaygroundHost/Scenarios/Inbox/InboxRetryThenSuccessScenario.cs(157,31): warning RCS1168: Parameter name '_' differs from base name 'properties' (https://josefpihrt.github.io/docs/roslynator/analyzers/RCS1168) [/var/home/saithis/work/Ratatoskr/examples/PlaygroundHost/PlaygroundHost.csproj]
/var/home/saithis/work/Ratatoskr/examples/PlaygroundHost/Scenarios/Outbox/OutboxSuccessScenario.cs(137,31): warning CA1725: In member Task OrderFulfilledHandler.HandleAsync(OrderFulfilled message, MessageProperties _, CancellationToken cancellationToken), change parameter name _ to properties in order to match the identifier as it has been declared in Task IMessageHandler<OrderFulfilled>.HandleAsync(OrderFulfilled message, MessageProperties properties, CancellationToken cancellationToken) (https://learn.microsoft.com/dotnet/fundamentals/code-analysis/quality-rules/ca1725) [/var/home/saithis/work/Ratatoskr/examples/PlaygroundHost/PlaygroundHost.csproj]
/var/home/saithis/work/Ratatoskr/examples/PlaygroundHost/Scenarios/Outbox/OutboxSuccessScenario.cs(137,31): warning RCS1168: Parameter name '_' differs from base name 'properties' (https://josefpihrt.github.io/docs/roslynator/analyzers/RCS1168) [/var/home/saithis/work/Ratatoskr/examples/PlaygroundHost/PlaygroundHost.csproj]
/var/home/saithis/work/Ratatoskr/examples/PlaygroundHost/Infrastructure/ScenarioRunning/ScenarioAssertions.cs(155,44): warning MA0003: Name the parameter to improve code readability (https://github.com/meziantou/Meziantou.Analyzer/blob/main/docs/Rules/MA0003.md) [/var/home/saithis/work/Ratatoskr/examples/PlaygroundHost/PlaygroundHost.csproj]
/var/home/saithis/work/Ratatoskr/examples/PlaygroundHost/Infrastructure/ScenarioRunning/ScenarioAssertions.cs(167,13): warning MA0003: Name the parameter to improve code readability (https://github.com/meziantou/Meziantou.Analyzer/blob/main/docs/Rules/MA0003.md) [/var/home/saithis/work/Ratatoskr/examples/PlaygroundHost/PlaygroundHost.csproj]
/var/home/saithis/work/Ratatoskr/examples/PlaygroundHost/Infrastructure/ScenarioRunning/IScenarioExtensions.cs(78,9): warning RCS1175: Unused 'this' parameter 'scenario' (https://josefpihrt.github.io/docs/roslynator/analyzers/RCS1175) [/var/home/saithis/work/Ratatoskr/examples/PlaygroundHost/PlaygroundHost.csproj]
/var/home/saithis/work/Ratatoskr/examples/PlaygroundHost/Scenarios/Other/EfcoreInternalCommandScenario.cs(90,35): warning MA0003: Name the parameter to improve code readability (https://github.com/meziantou/Meziantou.Analyzer/blob/main/docs/Rules/MA0003.md) [/var/home/saithis/work/Ratatoskr/examples/PlaygroundHost/PlaygroundHost.csproj]
/var/home/saithis/work/Ratatoskr/examples/PlaygroundHost/Scenarios/Other/EfcoreInternalCommandScenario.cs(92,17): warning MA0003: Name the parameter to improve code readability (https://github.com/meziantou/Meziantou.Analyzer/blob/main/docs/Rules/MA0003.md) [/var/home/saithis/work/Ratatoskr/examples/PlaygroundHost/PlaygroundHost.csproj]
/var/home/saithis/work/Ratatoskr/examples/PlaygroundHost/Infrastructure/ScenarioRunning/ScenarioAssertions.cs(158,19): warning MA0166: Use an overload with a TimeProvider, available tokens: time (https://github.com/meziantou/Meziantou.Analyzer/blob/main/docs/Rules/MA0166.md) [/var/home/saithis/work/Ratatoskr/examples/PlaygroundHost/PlaygroundHost.csproj]
/var/home/saithis/work/Ratatoskr/examples/PlaygroundHost/Scenarios/Inbox/BusinessRejectionScenario.cs(141,31): warning CA1725: In member Task OrderFailedHandler.HandleAsync(OrderFailed message, MessageProperties _, CancellationToken cancellationToken), change parameter name _ to properties in order to match the identifier as it has been declared in Task IMessageHandler<OrderFailed>.HandleAsync(OrderFailed message, MessageProperties properties, CancellationToken cancellationToken) (https://learn.microsoft.com/dotnet/fundamentals/code-analysis/quality-rules/ca1725) [/var/home/saithis/work/Ratatoskr/examples/PlaygroundHost/PlaygroundHost.csproj]
/var/home/saithis/work/Ratatoskr/examples/PlaygroundHost/Scenarios/Inbox/BusinessRejectionScenario.cs(141,31): warning RCS1168: Parameter name '_' differs from base name 'properties' (https://josefpihrt.github.io/docs/roslynator/analyzers/RCS1168) [/var/home/saithis/work/Ratatoskr/examples/PlaygroundHost/PlaygroundHost.csproj]
/var/home/saithis/work/Ratatoskr/examples/PlaygroundHost/Scenarios/Inbox/InboxDedupsScenario.cs(113,17): warning MA0003: Name the parameter to improve code readability (https://github.com/meziantou/Meziantou.Analyzer/blob/main/docs/Rules/MA0003.md) [/var/home/saithis/work/Ratatoskr/examples/PlaygroundHost/PlaygroundHost.csproj]
/var/home/saithis/work/Ratatoskr/examples/PlaygroundHost/Scenarios/Inbox/InboxDedupsScenario.cs(117,17): warning MA0003: Name the parameter to improve code readability (https://github.com/meziantou/Meziantou.Analyzer/blob/main/docs/Rules/MA0003.md) [/var/home/saithis/work/Ratatoskr/examples/PlaygroundHost/PlaygroundHost.csproj]
/var/home/saithis/work/Ratatoskr/examples/PlaygroundHost/Scenarios/Other/EfcoreInternalCommandScenario.cs(76,15): warning MA0166: Use an overload with a TimeProvider, available tokens: context.TimeProvider (https://github.com/meziantou/Meziantou.Analyzer/blob/main/docs/Rules/MA0166.md) [/var/home/saithis/work/Ratatoskr/examples/PlaygroundHost/PlaygroundHost.csproj]
/var/home/saithis/work/Ratatoskr/examples/PlaygroundHost/Scenarios/Outbox/OutboxRetryThenSuccessScenario.cs(146,31): warning CA1725: In member Task OrderFulfilledHandler.HandleAsync(OrderFulfilled message, MessageProperties _, CancellationToken cancellationToken), change parameter name _ to properties in order to match the identifier as it has been declared in Task IMessageHandler<OrderFulfilled>.HandleAsync(OrderFulfilled message, MessageProperties properties, CancellationToken cancellationToken) (https://learn.microsoft.com/dotnet/fundamentals/code-analysis/quality-rules/ca1725) [/var/home/saithis/work/Ratatoskr/examples/PlaygroundHost/PlaygroundHost.csproj]
/var/home/saithis/work/Ratatoskr/examples/PlaygroundHost/Scenarios/Outbox/OutboxRetryThenSuccessScenario.cs(146,31): warning RCS1168: Parameter name '_' differs from base name 'properties' (https://josefpihrt.github.io/docs/roslynator/analyzers/RCS1168) [/var/home/saithis/work/Ratatoskr/examples/PlaygroundHost/PlaygroundHost.csproj]
/var/home/saithis/work/Ratatoskr/examples/PlaygroundHost/Scenarios/Inbox/InboxDedupsScenario.cs(131,21): warning MA0007: Add comma after the last value (https://github.com/meziantou/Meziantou.Analyzer/blob/main/docs/Rules/MA0007.md) [/var/home/saithis/work/Ratatoskr/examples/PlaygroundHost/PlaygroundHost.csproj]
/var/home/saithis/work/Ratatoskr/examples/PlaygroundHost/Scenarios/Inbox/InboxDedupsScenario.cs(139,21): warning MA0007: Add comma after the last value (https://github.com/meziantou/Meziantou.Analyzer/blob/main/docs/Rules/MA0007.md) [/var/home/saithis/work/Ratatoskr/examples/PlaygroundHost/PlaygroundHost.csproj]
/var/home/saithis/work/Ratatoskr/examples/PlaygroundHost/Scenarios/Inbox/InboxDedupsScenario.cs(129,34): warning MA0127: Use string.Equals instead of 'is' pattern (https://github.com/meziantou/Meziantou.Analyzer/blob/main/docs/Rules/MA0127.md) [/var/home/saithis/work/Ratatoskr/examples/PlaygroundHost/PlaygroundHost.csproj]
/var/home/saithis/work/Ratatoskr/examples/PlaygroundHost/Scenarios/Inbox/InboxDedupsScenario.cs(130,28): warning MA0127: Use string.Equals instead of 'is' pattern (https://github.com/meziantou/Meziantou.Analyzer/blob/main/docs/Rules/MA0127.md) [/var/home/saithis/work/Ratatoskr/examples/PlaygroundHost/PlaygroundHost.csproj]
/var/home/saithis/work/Ratatoskr/examples/PlaygroundHost/Scenarios/Inbox/InboxDedupsScenario.cs(137,34): warning MA0127: Use string.Equals instead of 'is' pattern (https://github.com/meziantou/Meziantou.Analyzer/blob/main/docs/Rules/MA0127.md) [/var/home/saithis/work/Ratatoskr/examples/PlaygroundHost/PlaygroundHost.csproj]
/var/home/saithis/work/Ratatoskr/examples/PlaygroundHost/Scenarios/Inbox/InboxDedupsScenario.cs(138,28): warning MA0127: Use string.Equals instead of 'is' pattern (https://github.com/meziantou/Meziantou.Analyzer/blob/main/docs/Rules/MA0127.md) [/var/home/saithis/work/Ratatoskr/examples/PlaygroundHost/PlaygroundHost.csproj]
/var/home/saithis/work/Ratatoskr/examples/PlaygroundHost/Scenarios/Inbox/InboxDedupsScenario.cs(139,37): warning MA0127: Use string.Equals instead of 'is' pattern (https://github.com/meziantou/Meziantou.Analyzer/blob/main/docs/Rules/MA0127.md) [/var/home/saithis/work/Ratatoskr/examples/PlaygroundHost/PlaygroundHost.csproj]
/var/home/saithis/work/Ratatoskr/examples/PlaygroundHost/Infrastructure/ScenarioRunning/ScenarioRunService.cs(204,29): warning MA0040: Use an overload with a CancellationToken, available tokens: hostLifetime.ApplicationStarted, hostLifetime.ApplicationStopped, hostLifetime.ApplicationStopping (https://github.com/meziantou/Meziantou.Analyzer/blob/main/docs/Rules/MA0040.md) [/var/home/saithis/work/Ratatoskr/examples/PlaygroundHost/PlaygroundHost.csproj]
/var/home/saithis/work/Ratatoskr/examples/PlaygroundHost/Infrastructure/ScenarioRunning/ScenarioRunService.cs(213,19): warning MA0040: Use an overload with a CancellationToken, available tokens: hostLifetime.ApplicationStarted, hostLifetime.ApplicationStopped, hostLifetime.ApplicationStopping (https://github.com/meziantou/Meziantou.Analyzer/blob/main/docs/Rules/MA0040.md) [/var/home/saithis/work/Ratatoskr/examples/PlaygroundHost/PlaygroundHost.csproj]
/var/home/saithis/work/Ratatoskr/examples/PlaygroundHost/Scenarios/Inbox/InboxDedupsScenario.cs(118,67): warning MA0076: Do not use implicit culture-sensitive ToString in interpolated strings (https://github.com/meziantou/Meziantou.Analyzer/blob/main/docs/Rules/MA0076.md) [/var/home/saithis/work/Ratatoskr/examples/PlaygroundHost/PlaygroundHost.csproj]
/var/home/saithis/work/Ratatoskr/examples/PlaygroundHost/Scenarios/Inbox/InboxDedupsScenario.cs(118,83): warning MA0076: Do not use implicit culture-sensitive ToString in interpolated strings (https://github.com/meziantou/Meziantou.Analyzer/blob/main/docs/Rules/MA0076.md) [/var/home/saithis/work/Ratatoskr/examples/PlaygroundHost/PlaygroundHost.csproj]
/var/home/saithis/work/Ratatoskr/examples/PlaygroundHost/Infrastructure/ScenarioRunning/ScenarioRunService.cs(244,45): warning MA0127: Use string.Equals instead of 'is' pattern (https://github.com/meziantou/Meziantou.Analyzer/blob/main/docs/Rules/MA0127.md) [/var/home/saithis/work/Ratatoskr/examples/PlaygroundHost/PlaygroundHost.csproj]
/var/home/saithis/work/Ratatoskr/examples/PlaygroundHost/Infrastructure/ScenarioRunning/ScenarioRunService.cs(244,57): warning MA0127: Use string.Equals instead of 'is' pattern (https://github.com/meziantou/Meziantou.Analyzer/blob/main/docs/Rules/MA0127.md) [/var/home/saithis/work/Ratatoskr/examples/PlaygroundHost/PlaygroundHost.csproj]
/var/home/saithis/work/Ratatoskr/examples/PlaygroundHost/Infrastructure/ScenarioRunning/ScenarioRunService.cs(244,69): warning MA0127: Use string.Equals instead of 'is' pattern (https://github.com/meziantou/Meziantou.Analyzer/blob/main/docs/Rules/MA0127.md) [/var/home/saithis/work/Ratatoskr/examples/PlaygroundHost/PlaygroundHost.csproj]
/var/home/saithis/work/Ratatoskr/examples/PlaygroundHost/Scenarios/Inbox/InboxDedupsScenario.cs(93,15): warning MA0166: Use an overload with a TimeProvider, available tokens: context.TimeProvider (https://github.com/meziantou/Meziantou.Analyzer/blob/main/docs/Rules/MA0166.md) [/var/home/saithis/work/Ratatoskr/examples/PlaygroundHost/PlaygroundHost.csproj]
/var/home/saithis/work/Ratatoskr/examples/PlaygroundHost/Program.cs(230,24): warning MA0042: Use 'CreateAsyncScope' instead of 'CreateScope' (https://github.com/meziantou/Meziantou.Analyzer/blob/main/docs/Rules/MA0042.md) [/var/home/saithis/work/Ratatoskr/examples/PlaygroundHost/PlaygroundHost.csproj]
/var/home/saithis/work/Ratatoskr/examples/PlaygroundHost/Program.cs(34,1): warning ASP0025: Use AddAuthorizationBuilder to register authorization services and construct policies (https://aka.ms/aspnet/analyzers) [/var/home/saithis/work/Ratatoskr/examples/PlaygroundHost/PlaygroundHost.csproj]
/var/home/saithis/work/Ratatoskr/examples/PlaygroundHost/PlaygroundHostAppMarker.cs(7,21): warning MA0036: Make class static (https://github.com/meziantou/Meziantou.Analyzer/blob/main/docs/Rules/MA0036.md) [/var/home/saithis/work/Ratatoskr/examples/PlaygroundHost/PlaygroundHost.csproj]
/var/home/saithis/work/Ratatoskr/examples/AppHost/Program.cs(36,1): warning MA0042: Use 'RunAsync' instead of 'Run' (https://github.com/meziantou/Meziantou.Analyzer/blob/main/docs/Rules/MA0042.md) [/var/home/saithis/work/Ratatoskr/examples/AppHost/AppHost.csproj]
/var/home/saithis/work/Ratatoskr/tests/Ratatoskr.Tests/Integration/MultiDbContextTests.cs(18,40): warning CS9107: Parameter 'PostgresContainerFixture postgres' is captured into the state of the enclosing type and its value is also passed to the base constructor. The value might be captured by the base class as well. [/var/home/saithis/work/Ratatoskr/tests/Ratatoskr.Tests/Ratatoskr.Tests.csproj]
/var/home/saithis/work/Ratatoskr/tests/Ratatoskr.Tests/AsyncApi/AsyncApiTestMessages.cs(34,1): warning RCS1181: Convert comment to documentation comment (https://josefpihrt.github.io/docs/roslynator/analyzers/RCS1181) [/var/home/saithis/work/Ratatoskr/tests/Ratatoskr.Tests/Ratatoskr.Tests.csproj]
/var/home/saithis/work/Ratatoskr/tests/Ratatoskr.Tests/AsyncApi/AsyncApiTestMessages.cs(58,13): warning RCS1161: Enum should declare explicit values (https://josefpihrt.github.io/docs/roslynator/analyzers/RCS1161) [/var/home/saithis/work/Ratatoskr/tests/Ratatoskr.Tests/Ratatoskr.Tests.csproj]
/var/home/saithis/work/Ratatoskr/tests/Ratatoskr.Tests/Fixtures/TestMessages.cs(52,1): warning RCS1181: Convert comment to documentation comment (https://josefpihrt.github.io/docs/roslynator/analyzers/RCS1181) [/var/home/saithis/work/Ratatoskr/tests/Ratatoskr.Tests/Ratatoskr.Tests.csproj]
/var/home/saithis/work/Ratatoskr/tests/Ratatoskr.Tests/AsyncApi/AsyncApiTestMessages.cs(7,1): warning RCS1181: Convert comment to documentation comment (https://josefpihrt.github.io/docs/roslynator/analyzers/RCS1181) [/var/home/saithis/work/Ratatoskr/tests/Ratatoskr.Tests/Ratatoskr.Tests.csproj]
/var/home/saithis/work/Ratatoskr/tests/Ratatoskr.Tests/AsyncApi/JsonSchemaGeneratorTests.cs(50,78): warning MA0002: Use an overload that has a IEqualityComparer<string> or IComparer<string> parameter (https://github.com/meziantou/Meziantou.Analyzer/blob/main/docs/Rules/MA0002.md) [/var/home/saithis/work/Ratatoskr/tests/Ratatoskr.Tests/Ratatoskr.Tests.csproj]
/var/home/saithis/work/Ratatoskr/tests/Ratatoskr.Tests/Integration/Inbox/InboxScopeAndIsolationTests.cs(163,74): warning MA0002: Use an overload that has a IEqualityComparer<string> or IComparer<string> parameter (https://github.com/meziantou/Meziantou.Analyzer/blob/main/docs/Rules/MA0002.md) [/var/home/saithis/work/Ratatoskr/tests/Ratatoskr.Tests/Ratatoskr.Tests.csproj]
/var/home/saithis/work/Ratatoskr/tests/Ratatoskr.Tests/Integration/Outbox/OutboxDurabilityTests.cs(860,30): warning RCS1085: Use auto-implemented property (https://josefpihrt.github.io/docs/roslynator/analyzers/RCS1085) [/var/home/saithis/work/Ratatoskr/tests/Ratatoskr.Tests/Ratatoskr.Tests.csproj]
/var/home/saithis/work/Ratatoskr/tests/Ratatoskr.Tests/AsyncApi/JsonSchemaGeneratorTests.cs(85,26): warning MA0002: Use an overload that has a IEqualityComparer<string> or IComparer<string> parameter (https://github.com/meziantou/Meziantou.Analyzer/blob/main/docs/Rules/MA0002.md) [/var/home/saithis/work/Ratatoskr/tests/Ratatoskr.Tests/Ratatoskr.Tests.csproj]
/var/home/saithis/work/Ratatoskr/tests/Ratatoskr.Tests/AsyncApi/AsyncApiDocumentGeneratorTests.cs(476,27): warning RCS1168: Parameter name 'context' differs from base name 'properties' (https://josefpihrt.github.io/docs/roslynator/analyzers/RCS1168) [/var/home/saithis/work/Ratatoskr/tests/Ratatoskr.Tests/Ratatoskr.Tests.csproj]
/var/home/saithis/work/Ratatoskr/tests/Ratatoskr.Tests/AsyncApi/AsyncApiDocumentGeneratorTests.cs(458,27): warning RCS1168: Parameter name 'context' differs from base name 'properties' (https://josefpihrt.github.io/docs/roslynator/analyzers/RCS1168) [/var/home/saithis/work/Ratatoskr/tests/Ratatoskr.Tests/Ratatoskr.Tests.csproj]
/var/home/saithis/work/Ratatoskr/tests/Ratatoskr.Tests/AsyncApi/AsyncApiDocumentGeneratorTests.cs(467,27): warning RCS1168: Parameter name 'context' differs from base name 'properties' (https://josefpihrt.github.io/docs/roslynator/analyzers/RCS1168) [/var/home/saithis/work/Ratatoskr/tests/Ratatoskr.Tests/Ratatoskr.Tests.csproj]
/var/home/saithis/work/Ratatoskr/tests/Ratatoskr.Tests/RabbitMq/RabbitMqTransportMessageSnapshotFactoryTests.cs(16,23): warning MA0002: Use an overload that has a IEqualityComparer<string> or IComparer<string> parameter (https://github.com/meziantou/Meziantou.Analyzer/blob/main/docs/Rules/MA0002.md) [/var/home/saithis/work/Ratatoskr/tests/Ratatoskr.Tests/Ratatoskr.Tests.csproj]
/var/home/saithis/work/Ratatoskr/tests/Ratatoskr.Tests/AsyncApi/JsonSchemaGeneratorTests.cs(103,65): warning MA0127: Use string.Equals instead of 'is' pattern (https://github.com/meziantou/Meziantou.Analyzer/blob/main/docs/Rules/MA0127.md) [/var/home/saithis/work/Ratatoskr/tests/Ratatoskr.Tests/Ratatoskr.Tests.csproj]
/var/home/saithis/work/Ratatoskr/tests/Ratatoskr.Tests/RabbitMq/RabbitMqTransportMessageSnapshotFactoryTests.cs(41,23): warning MA0002: Use an overload that has a IEqualityComparer<string> or IComparer<string> parameter (https://github.com/meziantou/Meziantou.Analyzer/blob/main/docs/Rules/MA0002.md) [/var/home/saithis/work/Ratatoskr/tests/Ratatoskr.Tests/Ratatoskr.Tests.csproj]
/var/home/saithis/work/Ratatoskr/tests/Ratatoskr.Tests/RabbitMq/RabbitMqTransportMessageSnapshotFactoryTests.cs(67,23): warning MA0002: Use an overload that has a IEqualityComparer<string> or IComparer<string> parameter (https://github.com/meziantou/Meziantou.Analyzer/blob/main/docs/Rules/MA0002.md) [/var/home/saithis/work/Ratatoskr/tests/Ratatoskr.Tests/Ratatoskr.Tests.csproj]
/var/home/saithis/work/Ratatoskr/tests/Ratatoskr.Tests/CloudEvents/CloudEventEnvelopeTests.cs(18,26): warning MA0002: Use an overload that has a IEqualityComparer<string> or IComparer<string> parameter (https://github.com/meziantou/Meziantou.Analyzer/blob/main/docs/Rules/MA0002.md) [/var/home/saithis/work/Ratatoskr/tests/Ratatoskr.Tests/Ratatoskr.Tests.csproj]
/var/home/saithis/work/Ratatoskr/tests/Ratatoskr.Tests/CloudEvents/CloudEventEnvelopeTests.cs(41,26): warning MA0002: Use an overload that has a IEqualityComparer<string> or IComparer<string> parameter (https://github.com/meziantou/Meziantou.Analyzer/blob/main/docs/Rules/MA0002.md) [/var/home/saithis/work/Ratatoskr/tests/Ratatoskr.Tests/Ratatoskr.Tests.csproj]
/var/home/saithis/work/Ratatoskr/tests/Ratatoskr.Tests/CloudEvents/CloudEventEnvelopeTests.cs(84,26): warning MA0002: Use an overload that has a IEqualityComparer<string> or IComparer<string> parameter (https://github.com/meziantou/Meziantou.Analyzer/blob/main/docs/Rules/MA0002.md) [/var/home/saithis/work/Ratatoskr/tests/Ratatoskr.Tests/Ratatoskr.Tests.csproj]
/var/home/saithis/work/Ratatoskr/tests/Ratatoskr.Tests/CloudEvents/CloudEventEnvelopeTests.cs(108,26): warning MA0002: Use an overload that has a IEqualityComparer<string> or IComparer<string> parameter (https://github.com/meziantou/Meziantou.Analyzer/blob/main/docs/Rules/MA0002.md) [/var/home/saithis/work/Ratatoskr/tests/Ratatoskr.Tests/Ratatoskr.Tests.csproj]
/var/home/saithis/work/Ratatoskr/tests/Ratatoskr.Tests/Core/ValidationTests.cs(235,27): warning RCS1168: Parameter name 'context' differs from base name 'properties' (https://josefpihrt.github.io/docs/roslynator/analyzers/RCS1168) [/var/home/saithis/work/Ratatoskr/tests/Ratatoskr.Tests/Ratatoskr.Tests.csproj]
/var/home/saithis/work/Ratatoskr/tests/Ratatoskr.Tests/RabbitMq/RabbitMqTransportMessageSnapshotFactoryTests.cs(107,23): warning MA0002: Use an overload that has a IEqualityComparer<string> or IComparer<string> parameter (https://github.com/meziantou/Meziantou.Analyzer/blob/main/docs/Rules/MA0002.md) [/var/home/saithis/work/Ratatoskr/tests/Ratatoskr.Tests/Ratatoskr.Tests.csproj]
/var/home/saithis/work/Ratatoskr/tests/Ratatoskr.Tests/Core/ChannelHandlerRegistryTests.cs(411,27): warning RCS1168: Parameter name 'context' differs from base name 'properties' (https://josefpihrt.github.io/docs/roslynator/analyzers/RCS1168) [/var/home/saithis/work/Ratatoskr/tests/Ratatoskr.Tests/Ratatoskr.Tests.csproj]
/var/home/saithis/work/Ratatoskr/tests/Ratatoskr.Tests/Core/ChannelRegistryTests.cs(29,9): warning CA2263: Prefer the generic overload 'AwesomeAssertions.Types.TypeAssertions.Be<TExpected>(string, params object[])' instead of 'AwesomeAssertions.Types.TypeAssertions.Be(System.Type, string, params object[])' (https://learn.microsoft.com/dotnet/fundamentals/code-analysis/quality-rules/ca2263) [/var/home/saithis/work/Ratatoskr/tests/Ratatoskr.Tests/Ratatoskr.Tests.csproj]
/var/home/saithis/work/Ratatoskr/tests/Ratatoskr.Tests/Core/InboxConfigurationValidatorTests.cs(388,27): warning RCS1168: Parameter name 'context' differs from base name 'properties' (https://josefpihrt.github.io/docs/roslynator/analyzers/RCS1168) [/var/home/saithis/work/Ratatoskr/tests/Ratatoskr.Tests/Ratatoskr.Tests.csproj]
/var/home/saithis/work/Ratatoskr/tests/Ratatoskr.Tests/Core/ChannelRegistryTests.cs(73,9): warning CA2263: Prefer the generic overload 'AwesomeAssertions.Types.TypeAssertions.Be<TExpected>(string, params object[])' instead of 'AwesomeAssertions.Types.TypeAssertions.Be(System.Type, string, params object[])' (https://learn.microsoft.com/dotnet/fundamentals/code-analysis/quality-rules/ca2263) [/var/home/saithis/work/Ratatoskr/tests/Ratatoskr.Tests/Ratatoskr.Tests.csproj]
/var/home/saithis/work/Ratatoskr/tests/Ratatoskr.Tests/Core/JsonMessageSerializerTests.cs(86,22): warning CA2263: Prefer the generic overload 'Ratatoskr.Serializers.Json.JsonMessageSerializer.Deserialize<TMessage>(byte[])' instead of 'Ratatoskr.Serializers.Json.JsonMessageSerializer.Deserialize(byte[], System.Type)' (https://learn.microsoft.com/dotnet/fundamentals/code-analysis/quality-rules/ca2263) [/var/home/saithis/work/Ratatoskr/tests/Ratatoskr.Tests/Ratatoskr.Tests.csproj]
/var/home/saithis/work/Ratatoskr/tests/Ratatoskr.Tests/Core/ChannelRegistryTests.cs(142,9): warning CA2263: Prefer the generic overload 'AwesomeAssertions.Types.TypeAssertions.Be<TExpected>(string, params object[])' instead of 'AwesomeAssertions.Types.TypeAssertions.Be(System.Type, string, params object[])' (https://learn.microsoft.com/dotnet/fundamentals/code-analysis/quality-rules/ca2263) [/var/home/saithis/work/Ratatoskr/tests/Ratatoskr.Tests/Ratatoskr.Tests.csproj]
/var/home/saithis/work/Ratatoskr/tests/Ratatoskr.Tests/Core/ChannelHandlerRegistryTests.cs(41,9): warning CA2263: Prefer the generic overload 'AwesomeAssertions.Types.TypeAssertions.Be<TExpected>(string, params object[])' instead of 'AwesomeAssertions.Types.TypeAssertions.Be(System.Type, string, params object[])' (https://learn.microsoft.com/dotnet/fundamentals/code-analysis/quality-rules/ca2263) [/var/home/saithis/work/Ratatoskr/tests/Ratatoskr.Tests/Ratatoskr.Tests.csproj]
/var/home/saithis/work/Ratatoskr/tests/Ratatoskr.Tests/Examples/PlaygroundHostScenarioHttpTests.cs(153,68): warning MA0003: Name the parameter to improve code readability (https://github.com/meziantou/Meziantou.Analyzer/blob/main/docs/Rules/MA0003.md) [/var/home/saithis/work/Ratatoskr/tests/Ratatoskr.Tests/Ratatoskr.Tests.csproj]
/var/home/saithis/work/Ratatoskr/tests/Ratatoskr.Tests/Core/MessagePropertiesEnricherTests.cs(32,49): warning MA0003: Name the parameter to improve code readability (https://github.com/meziantou/Meziantou.Analyzer/blob/main/docs/Rules/MA0003.md) [/var/home/saithis/work/Ratatoskr/tests/Ratatoskr.Tests/Ratatoskr.Tests.csproj]
/var/home/saithis/work/Ratatoskr/tests/Ratatoskr.Tests/Examples/PlaygroundHostScenarioHttpTests.cs(178,36): warning MA0127: Use string.Equals instead of 'is' pattern (https://github.com/meziantou/Meziantou.Analyzer/blob/main/docs/Rules/MA0127.md) [/var/home/saithis/work/Ratatoskr/tests/Ratatoskr.Tests/Ratatoskr.Tests.csproj]
/var/home/saithis/work/Ratatoskr/tests/Ratatoskr.Tests/Examples/PlaygroundHostScenarioHttpTests.cs(178,48): warning MA0127: Use string.Equals instead of 'is' pattern (https://github.com/meziantou/Meziantou.Analyzer/blob/main/docs/Rules/MA0127.md) [/var/home/saithis/work/Ratatoskr/tests/Ratatoskr.Tests/Ratatoskr.Tests.csproj]
/var/home/saithis/work/Ratatoskr/tests/Ratatoskr.Tests/Examples/PlaygroundHostScenarioHttpTests.cs(178,60): warning MA0127: Use string.Equals instead of 'is' pattern (https://github.com/meziantou/Meziantou.Analyzer/blob/main/docs/Rules/MA0127.md) [/var/home/saithis/work/Ratatoskr/tests/Ratatoskr.Tests/Ratatoskr.Tests.csproj]
/var/home/saithis/work/Ratatoskr/tests/Ratatoskr.Tests/Core/MessagePropertiesEnricherTests.cs(62,49): warning MA0003: Name the parameter to improve code readability (https://github.com/meziantou/Meziantou.Analyzer/blob/main/docs/Rules/MA0003.md) [/var/home/saithis/work/Ratatoskr/tests/Ratatoskr.Tests/Ratatoskr.Tests.csproj]
/var/home/saithis/work/Ratatoskr/tests/Ratatoskr.Tests/AsyncApi/JsonSchemaGeneratorTests.cs(276,26): warning MA0002: Use an overload that has a IEqualityComparer<string> or IComparer<string> parameter (https://github.com/meziantou/Meziantou.Analyzer/blob/main/docs/Rules/MA0002.md) [/var/home/saithis/work/Ratatoskr/tests/Ratatoskr.Tests/Ratatoskr.Tests.csproj]
/var/home/saithis/work/Ratatoskr/tests/Ratatoskr.Tests/Examples/PlaygroundHostScenarioHttpTests.cs(199,13): warning MA0003: Name the parameter to improve code readability (https://github.com/meziantou/Meziantou.Analyzer/blob/main/docs/Rules/MA0003.md) [/var/home/saithis/work/Ratatoskr/tests/Ratatoskr.Tests/Ratatoskr.Tests.csproj]
/var/home/saithis/work/Ratatoskr/tests/Ratatoskr.Tests/Core/MessagePropertiesEnricherTests.cs(89,49): warning MA0003: Name the parameter to improve code readability (https://github.com/meziantou/Meziantou.Analyzer/blob/main/docs/Rules/MA0003.md) [/var/home/saithis/work/Ratatoskr/tests/Ratatoskr.Tests/Ratatoskr.Tests.csproj]
/var/home/saithis/work/Ratatoskr/tests/Ratatoskr.Tests/Examples/PlaygroundHostScenarioHttpTests.cs(205,56): warning MA0076: Do not use implicit culture-sensitive ToString in interpolated strings (https://github.com/meziantou/Meziantou.Analyzer/blob/main/docs/Rules/MA0076.md) [/var/home/saithis/work/Ratatoskr/tests/Ratatoskr.Tests/Ratatoskr.Tests.csproj]
/var/home/saithis/work/Ratatoskr/tests/Ratatoskr.Tests/AsyncApi/JsonSchemaGeneratorTests.cs(288,26): warning MA0002: Use an overload that has a IEqualityComparer<string> or IComparer<string> parameter (https://github.com/meziantou/Meziantou.Analyzer/blob/main/docs/Rules/MA0002.md) [/var/home/saithis/work/Ratatoskr/tests/Ratatoskr.Tests/Ratatoskr.Tests.csproj]
/var/home/saithis/work/Ratatoskr/tests/Ratatoskr.Tests/Examples/PlaygroundHostScenarioHttpTests.cs(230,91): warning MA0003: Name the parameter to improve code readability (https://github.com/meziantou/Meziantou.Analyzer/blob/main/docs/Rules/MA0003.md) [/var/home/saithis/work/Ratatoskr/tests/Ratatoskr.Tests/Ratatoskr.Tests.csproj]
/var/home/saithis/work/Ratatoskr/tests/Ratatoskr.Tests/Examples/PlaygroundHostScenarioHttpTests.cs(231,91): warning MA0003: Name the parameter to improve code readability (https://github.com/meziantou/Meziantou.Analyzer/blob/main/docs/Rules/MA0003.md) [/var/home/saithis/work/Ratatoskr/tests/Ratatoskr.Tests/Ratatoskr.Tests.csproj]
/var/home/saithis/work/Ratatoskr/tests/Ratatoskr.Tests/Examples/PlaygroundHostScenarioHttpTests.cs(257,17): warning MA0003: Name the parameter to improve code readability (https://github.com/meziantou/Meziantou.Analyzer/blob/main/docs/Rules/MA0003.md) [/var/home/saithis/work/Ratatoskr/tests/Ratatoskr.Tests/Ratatoskr.Tests.csproj]
/var/home/saithis/work/Ratatoskr/tests/Ratatoskr.Tests/Core/ChannelHandlerRegistryTests.cs(63,9): warning CA2263: Prefer the generic overload 'AwesomeAssertions.Types.TypeAssertions.Be<TExpected>(string, params object[])' instead of 'AwesomeAssertions.Types.TypeAssertions.Be(System.Type, string, params object[])' (https://learn.microsoft.com/dotnet/fundamentals/code-analysis/quality-rules/ca2263) [/var/home/saithis/work/Ratatoskr/tests/Ratatoskr.Tests/Ratatoskr.Tests.csproj]
/var/home/saithis/work/Ratatoskr/tests/Ratatoskr.Tests/Examples/PlaygroundHostScenarioHttpTests.cs(275,17): warning MA0003: Name the parameter to improve code readability (https://github.com/meziantou/Meziantou.Analyzer/blob/main/docs/Rules/MA0003.md) [/var/home/saithis/work/Ratatoskr/tests/Ratatoskr.Tests/Ratatoskr.Tests.csproj]
/var/home/saithis/work/Ratatoskr/tests/Ratatoskr.Tests/Examples/PlaygroundHostScenarioHttpTests.cs(314,17): warning MA0003: Name the parameter to improve code readability (https://github.com/meziantou/Meziantou.Analyzer/blob/main/docs/Rules/MA0003.md) [/var/home/saithis/work/Ratatoskr/tests/Ratatoskr.Tests/Ratatoskr.Tests.csproj]
/var/home/saithis/work/Ratatoskr/tests/Ratatoskr.Tests/Core/MessagePropertiesEnricherTests.cs(119,49): warning MA0003: Name the parameter to improve code readability (https://github.com/meziantou/Meziantou.Analyzer/blob/main/docs/Rules/MA0003.md) [/var/home/saithis/work/Ratatoskr/tests/Ratatoskr.Tests/Ratatoskr.Tests.csproj]
/var/home/saithis/work/Ratatoskr/tests/Ratatoskr.Tests/Core/MessagePropertiesEnricherTests.cs(132,49): warning MA0003: Name the parameter to improve code readability (https://github.com/meziantou/Meziantou.Analyzer/blob/main/docs/Rules/MA0003.md) [/var/home/saithis/work/Ratatoskr/tests/Ratatoskr.Tests/Ratatoskr.Tests.csproj]
/var/home/saithis/work/Ratatoskr/tests/Ratatoskr.Tests/Core/ChannelHandlerRegistryTests.cs(85,9): warning CA2263: Prefer the generic overload 'AwesomeAssertions.Types.TypeAssertions.Be<TExpected>(string, params object[])' instead of 'AwesomeAssertions.Types.TypeAssertions.Be(System.Type, string, params object[])' (https://learn.microsoft.com/dotnet/fundamentals/code-analysis/quality-rules/ca2263) [/var/home/saithis/work/Ratatoskr/tests/Ratatoskr.Tests/Ratatoskr.Tests.csproj]
/var/home/saithis/work/Ratatoskr/tests/Ratatoskr.Tests/Core/MessagePropertiesEnricherTests.cs(148,49): warning MA0003: Name the parameter to improve code readability (https://github.com/meziantou/Meziantou.Analyzer/blob/main/docs/Rules/MA0003.md) [/var/home/saithis/work/Ratatoskr/tests/Ratatoskr.Tests/Ratatoskr.Tests.csproj]
/var/home/saithis/work/Ratatoskr/tests/Ratatoskr.Tests/Core/RatatoskrBuilderTests.cs(178,9): warning CA2263: Prefer the generic overload 'AwesomeAssertions.Types.TypeAssertions.Be<TExpected>(string, params object[])' instead of 'AwesomeAssertions.Types.TypeAssertions.Be(System.Type, string, params object[])' (https://learn.microsoft.com/dotnet/fundamentals/code-analysis/quality-rules/ca2263) [/var/home/saithis/work/Ratatoskr/tests/Ratatoskr.Tests/Ratatoskr.Tests.csproj]
/var/home/saithis/work/Ratatoskr/tests/Ratatoskr.Tests/Core/MessagePropertiesEnricherTests.cs(165,36): warning MA0003: Name the parameter to improve code readability (https://github.com/meziantou/Meziantou.Analyzer/blob/main/docs/Rules/MA0003.md) [/var/home/saithis/work/Ratatoskr/tests/Ratatoskr.Tests/Ratatoskr.Tests.csproj]
/var/home/saithis/work/Ratatoskr/tests/Ratatoskr.Tests/Core/MessagePropertiesEnricherTests.cs(182,36): warning MA0003: Name the parameter to improve code readability (https://github.com/meziantou/Meziantou.Analyzer/blob/main/docs/Rules/MA0003.md) [/var/home/saithis/work/Ratatoskr/tests/Ratatoskr.Tests/Ratatoskr.Tests.csproj]
/var/home/saithis/work/Ratatoskr/tests/Ratatoskr.Tests/Core/MessagePropertiesEnricherTests.cs(198,36): warning MA0003: Name the parameter to improve code readability (https://github.com/meziantou/Meziantou.Analyzer/blob/main/docs/Rules/MA0003.md) [/var/home/saithis/work/Ratatoskr/tests/Ratatoskr.Tests/Ratatoskr.Tests.csproj]
/var/home/saithis/work/Ratatoskr/tests/Ratatoskr.Tests/Core/MessagePropertiesEnricherTests.cs(214,57): warning MA0003: Name the parameter to improve code readability (https://github.com/meziantou/Meziantou.Analyzer/blob/main/docs/Rules/MA0003.md) [/var/home/saithis/work/Ratatoskr/tests/Ratatoskr.Tests/Ratatoskr.Tests.csproj]
/var/home/saithis/work/Ratatoskr/tests/Ratatoskr.Tests/Core/MessagePropertiesEnricherTests.cs(236,49): warning MA0003: Name the parameter to improve code readability (https://github.com/meziantou/Meziantou.Analyzer/blob/main/docs/Rules/MA0003.md) [/var/home/saithis/work/Ratatoskr/tests/Ratatoskr.Tests/Ratatoskr.Tests.csproj]
/var/home/saithis/work/Ratatoskr/tests/Ratatoskr.Tests/Core/MessagePropertiesEnricherTests.cs(273,59): warning MA0003: Name the parameter to improve code readability (https://github.com/meziantou/Meziantou.Analyzer/blob/main/docs/Rules/MA0003.md) [/var/home/saithis/work/Ratatoskr/tests/Ratatoskr.Tests/Ratatoskr.Tests.csproj]
/var/home/saithis/work/Ratatoskr/tests/Ratatoskr.Tests/Core/MessagePropertiesEnricherTests.cs(286,49): warning MA0003: Name the parameter to improve code readability (https://github.com/meziantou/Meziantou.Analyzer/blob/main/docs/Rules/MA0003.md) [/var/home/saithis/work/Ratatoskr/tests/Ratatoskr.Tests/Ratatoskr.Tests.csproj]
/var/home/saithis/work/Ratatoskr/tests/Ratatoskr.Tests/Core/ChannelHandlerRegistryTests.cs(210,9): warning CA2263: Prefer the generic overload 'AwesomeAssertions.Types.TypeAssertions.Be<TExpected>(string, params object[])' instead of 'AwesomeAssertions.Types.TypeAssertions.Be(System.Type, string, params object[])' (https://learn.microsoft.com/dotnet/fundamentals/code-analysis/quality-rules/ca2263) [/var/home/saithis/work/Ratatoskr/tests/Ratatoskr.Tests/Ratatoskr.Tests.csproj]
/var/home/saithis/work/Ratatoskr/tests/Ratatoskr.Tests/Core/ChannelHandlerRegistryTests.cs(215,9): warning CA2263: Prefer the generic overload 'AwesomeAssertions.Types.TypeAssertions.Be<TExpected>(string, params object[])' instead of 'AwesomeAssertions.Types.TypeAssertions.Be(System.Type, string, params object[])' (https://learn.microsoft.com/dotnet/fundamentals/code-analysis/quality-rules/ca2263) [/var/home/saithis/work/Ratatoskr/tests/Ratatoskr.Tests/Ratatoskr.Tests.csproj]
/var/home/saithis/work/Ratatoskr/tests/Ratatoskr.Tests/RabbitMq/CloudEventsAmqpMapperRoundTripTests.cs(41,60): warning MA0003: Name the parameter to improve code readability (https://github.com/meziantou/Meziantou.Analyzer/blob/main/docs/Rules/MA0003.md) [/var/home/saithis/work/Ratatoskr/tests/Ratatoskr.Tests/Ratatoskr.Tests.csproj]
/var/home/saithis/work/Ratatoskr/tests/Ratatoskr.Tests/RabbitMq/CloudEventsAmqpMapperIncomingTests.cs(43,13): warning MA0003: Name the parameter to improve code readability (https://github.com/meziantou/Meziantou.Analyzer/blob/main/docs/Rules/MA0003.md) [/var/home/saithis/work/Ratatoskr/tests/Ratatoskr.Tests/Ratatoskr.Tests.csproj]
/var/home/saithis/work/Ratatoskr/tests/Ratatoskr.Tests/Fixtures/TestMessages.cs(173,27): warning CA1725: In member Task ContextCapturingHandler.HandleAsync(TestEvent message, MessageProperties context, CancellationToken cancellationToken), change parameter name context to properties in order to match the identifier as it has been declared in Task IMessageHandler<TestEvent>.HandleAsync(TestEvent message, MessageProperties properties, CancellationToken cancellationToken) (https://learn.microsoft.com/dotnet/fundamentals/code-analysis/quality-rules/ca1725) [/var/home/saithis/work/Ratatoskr/tests/Ratatoskr.Tests/Ratatoskr.Tests.csproj]
/var/home/saithis/work/Ratatoskr/tests/Ratatoskr.Tests/Fixtures/TestMessages.cs(173,27): warning RCS1168: Parameter name 'context' differs from base name 'properties' (https://josefpihrt.github.io/docs/roslynator/analyzers/RCS1168) [/var/home/saithis/work/Ratatoskr/tests/Ratatoskr.Tests/Ratatoskr.Tests.csproj]
/var/home/saithis/work/Ratatoskr/tests/Ratatoskr.Tests/RabbitMq/CloudEventsAmqpMapperIncomingTests.cs(24,23): warning MA0002: Use an overload that has a IEqualityComparer<string> or IComparer<string> parameter (https://github.com/meziantou/Meziantou.Analyzer/blob/main/docs/Rules/MA0002.md) [/var/home/saithis/work/Ratatoskr/tests/Ratatoskr.Tests/Ratatoskr.Tests.csproj]
/var/home/saithis/work/Ratatoskr/tests/Ratatoskr.Tests/Fixtures/TestMessages.cs(155,27): warning CA1725: In member Task CancellationAwareTestHandler.HandleAsync(TestEvent message, MessageProperties context, CancellationToken cancellationToken), change parameter name context to properties in order to match the identifier as it has been declared in Task IMessageHandler<TestEvent>.HandleAsync(TestEvent message, MessageProperties properties, CancellationToken cancellationToken) (https://learn.microsoft.com/dotnet/fundamentals/code-analysis/quality-rules/ca1725) [/var/home/saithis/work/Ratatoskr/tests/Ratatoskr.Tests/Ratatoskr.Tests.csproj]
/var/home/saithis/work/Ratatoskr/tests/Ratatoskr.Tests/Fixtures/TestMessages.cs(155,27): warning RCS1168: Parameter name 'context' differs from base name 'properties' (https://josefpihrt.github.io/docs/roslynator/analyzers/RCS1168) [/var/home/saithis/work/Ratatoskr/tests/Ratatoskr.Tests/Ratatoskr.Tests.csproj]
/var/home/saithis/work/Ratatoskr/tests/Ratatoskr.Tests/Fixtures/TestMessages.cs(139,27): warning CA1725: In member Task ScopedServiceTestHandler.HandleAsync(TestEvent message, MessageProperties context, CancellationToken cancellationToken), change parameter name context to properties in order to match the identifier as it has been declared in Task IMessageHandler<TestEvent>.HandleAsync(TestEvent message, MessageProperties properties, CancellationToken cancellationToken) (https://learn.microsoft.com/dotnet/fundamentals/code-analysis/quality-rules/ca1725) [/var/home/saithis/work/Ratatoskr/tests/Ratatoskr.Tests/Ratatoskr.Tests.csproj]
/var/home/saithis/work/Ratatoskr/tests/Ratatoskr.Tests/Fixtures/TestMessages.cs(139,27): warning RCS1168: Parameter name 'context' differs from base name 'properties' (https://josefpihrt.github.io/docs/roslynator/analyzers/RCS1168) [/var/home/saithis/work/Ratatoskr/tests/Ratatoskr.Tests/Ratatoskr.Tests.csproj]
/var/home/saithis/work/Ratatoskr/tests/Ratatoskr.Tests/Fixtures/TestMessages.cs(105,27): warning CA1725: In member Task NoOpTestEventHandler.HandleAsync(TestEvent message, MessageProperties context, CancellationToken cancellationToken), change parameter name context to properties in order to match the identifier as it has been declared in Task IMessageHandler<TestEvent>.HandleAsync(TestEvent message, MessageProperties properties, CancellationToken cancellationToken) (https://learn.microsoft.com/dotnet/fundamentals/code-analysis/quality-rules/ca1725) [/var/home/saithis/work/Ratatoskr/tests/Ratatoskr.Tests/Ratatoskr.Tests.csproj]
/var/home/saithis/work/Ratatoskr/tests/Ratatoskr.Tests/Fixtures/TestMessages.cs(105,27): warning RCS1168: Parameter name 'context' differs from base name 'properties' (https://josefpihrt.github.io/docs/roslynator/analyzers/RCS1168) [/var/home/saithis/work/Ratatoskr/tests/Ratatoskr.Tests/Ratatoskr.Tests.csproj]
/var/home/saithis/work/Ratatoskr/tests/Ratatoskr.Tests/Fixtures/TestMessages.cs(89,27): warning CA1725: In member Task ThrowingTestEventHandler.HandleAsync(TestEvent message, MessageProperties context, CancellationToken cancellationToken), change parameter name context to properties in order to match the identifier as it has been declared in Task IMessageHandler<TestEvent>.HandleAsync(TestEvent message, MessageProperties properties, CancellationToken cancellationToken) (https://learn.microsoft.com/dotnet/fundamentals/code-analysis/quality-rules/ca1725) [/var/home/saithis/work/Ratatoskr/tests/Ratatoskr.Tests/Ratatoskr.Tests.csproj]
/var/home/saithis/work/Ratatoskr/tests/Ratatoskr.Tests/Fixtures/TestMessages.cs(89,27): warning RCS1168: Parameter name 'context' differs from base name 'properties' (https://josefpihrt.github.io/docs/roslynator/analyzers/RCS1168) [/var/home/saithis/work/Ratatoskr/tests/Ratatoskr.Tests/Ratatoskr.Tests.csproj]
/var/home/saithis/work/Ratatoskr/tests/Ratatoskr.Tests/Fixtures/TestMessages.cs(74,27): warning CA1725: In member Task SecondTestEventHandler.HandleAsync(TestEvent message, MessageProperties context, CancellationToken cancellationToken), change parameter name context to properties in order to match the identifier as it has been declared in Task IMessageHandler<TestEvent>.HandleAsync(TestEvent message, MessageProperties properties, CancellationToken cancellationToken) (https://learn.microsoft.com/dotnet/fundamentals/code-analysis/quality-rules/ca1725) [/var/home/saithis/work/Ratatoskr/tests/Ratatoskr.Tests/Ratatoskr.Tests.csproj]
/var/home/saithis/work/Ratatoskr/tests/Ratatoskr.Tests/Fixtures/TestMessages.cs(74,27): warning RCS1168: Parameter name 'context' differs from base name 'properties' (https://josefpihrt.github.io/docs/roslynator/analyzers/RCS1168) [/var/home/saithis/work/Ratatoskr/tests/Ratatoskr.Tests/Ratatoskr.Tests.csproj]
/var/home/saithis/work/Ratatoskr/tests/Ratatoskr.Tests/Fixtures/TestMessages.cs(59,27): warning CA1725: In member Task TestEventHandler.HandleAsync(TestEvent message, MessageProperties context, CancellationToken cancellationToken), change parameter name context to properties in order to match the identifier as it has been declared in Task IMessageHandler<TestEvent>.HandleAsync(TestEvent message, MessageProperties properties, CancellationToken cancellationToken) (https://learn.microsoft.com/dotnet/fundamentals/code-analysis/quality-rules/ca1725) [/var/home/saithis/work/Ratatoskr/tests/Ratatoskr.Tests/Ratatoskr.Tests.csproj]
/var/home/saithis/work/Ratatoskr/tests/Ratatoskr.Tests/Fixtures/TestMessages.cs(59,27): warning RCS1168: Parameter name 'context' differs from base name 'properties' (https://josefpihrt.github.io/docs/roslynator/analyzers/RCS1168) [/var/home/saithis/work/Ratatoskr/tests/Ratatoskr.Tests/Ratatoskr.Tests.csproj]
/var/home/saithis/work/Ratatoskr/tests/Ratatoskr.Tests/RabbitMq/CloudEventsAmqpMapperRoundTripTests.cs(79,60): warning MA0003: Name the parameter to improve code readability (https://github.com/meziantou/Meziantou.Analyzer/blob/main/docs/Rules/MA0003.md) [/var/home/saithis/work/Ratatoskr/tests/Ratatoskr.Tests/Ratatoskr.Tests.csproj]
/var/home/saithis/work/Ratatoskr/tests/Ratatoskr.Tests/Core/ChannelHandlerRegistryTests.cs(282,9): warning CA2263: Prefer the generic overload 'AwesomeAssertions.Types.TypeAssertions.Be<TExpected>(string, params object[])' instead of 'AwesomeAssertions.Types.TypeAssertions.Be(System.Type, string, params object[])' (https://learn.microsoft.com/dotnet/fundamentals/code-analysis/quality-rules/ca2263) [/var/home/saithis/work/Ratatoskr/tests/Ratatoskr.Tests/Ratatoskr.Tests.csproj]
/var/home/saithis/work/Ratatoskr/tests/Ratatoskr.Tests/RabbitMq/CloudEventsAmqpMapperIncomingTests.cs(84,13): warning MA0003: Name the parameter to improve code readability (https://github.com/meziantou/Meziantou.Analyzer/blob/main/docs/Rules/MA0003.md) [/var/home/saithis/work/Ratatoskr/tests/Ratatoskr.Tests/Ratatoskr.Tests.csproj]
/var/home/saithis/work/Ratatoskr/tests/Ratatoskr.Tests/Core/ChannelHandlerRegistryTests.cs(286,9): warning CA2263: Prefer the generic overload 'AwesomeAssertions.Types.TypeAssertions.Be<TExpected>(string, params object[])' instead of 'AwesomeAssertions.Types.TypeAssertions.Be(System.Type, string, params object[])' (https://learn.microsoft.com/dotnet/fundamentals/code-analysis/quality-rules/ca2263) [/var/home/saithis/work/Ratatoskr/tests/Ratatoskr.Tests/Ratatoskr.Tests.csproj]
/var/home/saithis/work/Ratatoskr/tests/Ratatoskr.Tests/Inbox/InboxHandlerStatusEntityTests.cs(60,41): warning MA0076: Do not use implicit culture-sensitive ToString in interpolated strings (https://github.com/meziantou/Meziantou.Analyzer/blob/main/docs/Rules/MA0076.md) [/var/home/saithis/work/Ratatoskr/tests/Ratatoskr.Tests/Ratatoskr.Tests.csproj]
/var/home/saithis/work/Ratatoskr/tests/Ratatoskr.Tests/RabbitMq/CloudEventsAmqpMapperIncomingTests.cs(65,23): warning MA0002: Use an overload that has a IEqualityComparer<string> or IComparer<string> parameter (https://github.com/meziantou/Meziantou.Analyzer/blob/main/docs/Rules/MA0002.md) [/var/home/saithis/work/Ratatoskr/tests/Ratatoskr.Tests/Ratatoskr.Tests.csproj]
/var/home/saithis/work/Ratatoskr/tests/Ratatoskr.Tests/Inbox/InboxHandlerStatusEntityTests.cs(84,41): warning MA0076: Do not use implicit culture-sensitive ToString in interpolated strings (https://github.com/meziantou/Meziantou.Analyzer/blob/main/docs/Rules/MA0076.md) [/var/home/saithis/work/Ratatoskr/tests/Ratatoskr.Tests/Ratatoskr.Tests.csproj]
/var/home/saithis/work/Ratatoskr/tests/Ratatoskr.Tests/RabbitMq/CloudEventsAmqpMapperIncomingTests.cs(120,13): warning MA0003: Name the parameter to improve code readability (https://github.com/meziantou/Meziantou.Analyzer/blob/main/docs/Rules/MA0003.md) [/var/home/saithis/work/Ratatoskr/tests/Ratatoskr.Tests/Ratatoskr.Tests.csproj]
/var/home/saithis/work/Ratatoskr/tests/Ratatoskr.Tests/RabbitMq/CloudEventsAmqpMapperIncomingTests.cs(101,23): warning MA0002: Use an overload that has a IEqualityComparer<string> or IComparer<string> parameter (https://github.com/meziantou/Meziantou.Analyzer/blob/main/docs/Rules/MA0002.md) [/var/home/saithis/work/Ratatoskr/tests/Ratatoskr.Tests/Ratatoskr.Tests.csproj]
/var/home/saithis/work/Ratatoskr/tests/Ratatoskr.Tests/Core/MessageDispatcherTests.cs(325,23): warning MA0002: Use an overload that has a IEqualityComparer<string> or IComparer<string> parameter (https://github.com/meziantou/Meziantou.Analyzer/blob/main/docs/Rules/MA0002.md) [/var/home/saithis/work/Ratatoskr/tests/Ratatoskr.Tests/Ratatoskr.Tests.csproj]
/var/home/saithis/work/Ratatoskr/tests/Ratatoskr.Tests/Inbox/InboxHandlerStatusEntityTests.cs(103,64): warning MA0076: Do not use implicit culture-sensitive ToString in interpolated strings (https://github.com/meziantou/Meziantou.Analyzer/blob/main/docs/Rules/MA0076.md) [/var/home/saithis/work/Ratatoskr/tests/Ratatoskr.Tests/Ratatoskr.Tests.csproj]
/var/home/saithis/work/Ratatoskr/tests/Ratatoskr.Tests/Inbox/InboxHandlerStatusEntityTests.cs(111,55): warning MA0076: Do not use implicit culture-sensitive ToString in interpolated strings (https://github.com/meziantou/Meziantou.Analyzer/blob/main/docs/Rules/MA0076.md) [/var/home/saithis/work/Ratatoskr/tests/Ratatoskr.Tests/Ratatoskr.Tests.csproj]
/var/home/saithis/work/Ratatoskr/tests/Ratatoskr.Tests/Inbox/InboxHandlerStatusEntityTests.cs(114,56): warning MA0076: Do not use implicit culture-sensitive ToString in interpolated strings (https://github.com/meziantou/Meziantou.Analyzer/blob/main/docs/Rules/MA0076.md) [/var/home/saithis/work/Ratatoskr/tests/Ratatoskr.Tests/Ratatoskr.Tests.csproj]
/var/home/saithis/work/Ratatoskr/tests/Ratatoskr.Tests/RabbitMq/CloudEventsAmqpMapperRoundTripTests.cs(106,60): warning MA0003: Name the parameter to improve code readability (https://github.com/meziantou/Meziantou.Analyzer/blob/main/docs/Rules/MA0003.md) [/var/home/saithis/work/Ratatoskr/tests/Ratatoskr.Tests/Ratatoskr.Tests.csproj]
/var/home/saithis/work/Ratatoskr/tests/Ratatoskr.Tests/Integration/TopologyTests.cs(49,28): warning MA0002: Use an overload that has a IEqualityComparer<string> or IComparer<string> parameter (https://github.com/meziantou/Meziantou.Analyzer/blob/main/docs/Rules/MA0002.md) [/var/home/saithis/work/Ratatoskr/tests/Ratatoskr.Tests/Ratatoskr.Tests.csproj]
/var/home/saithis/work/Ratatoskr/tests/Ratatoskr.Tests/RabbitMq/CloudEventsAmqpMapperRoundTripTests.cs(134,60): warning MA0003: Name the parameter to improve code readability (https://github.com/meziantou/Meziantou.Analyzer/blob/main/docs/Rules/MA0003.md) [/var/home/saithis/work/Ratatoskr/tests/Ratatoskr.Tests/Ratatoskr.Tests.csproj]
/var/home/saithis/work/Ratatoskr/tests/Ratatoskr.Tests/Fixtures/FailingMessageSender.cs(26,78): warning MA0076: Do not use implicit culture-sensitive ToString in interpolated strings (https://github.com/meziantou/Meziantou.Analyzer/blob/main/docs/Rules/MA0076.md) [/var/home/saithis/work/Ratatoskr/tests/Ratatoskr.Tests/Ratatoskr.Tests.csproj]
/var/home/saithis/work/Ratatoskr/tests/Ratatoskr.Tests/RabbitMq/CloudEventsAmqpMapperIncomingTests.cs(161,13): warning MA0003: Name the parameter to improve code readability (https://github.com/meziantou/Meziantou.Analyzer/blob/main/docs/Rules/MA0003.md) [/var/home/saithis/work/Ratatoskr/tests/Ratatoskr.Tests/Ratatoskr.Tests.csproj]
/var/home/saithis/work/Ratatoskr/tests/Ratatoskr.Tests/RabbitMq/CloudEventsAmqpMapperIncomingTests.cs(135,23): warning MA0002: Use an overload that has a IEqualityComparer<string> or IComparer<string> parameter (https://github.com/meziantou/Meziantou.Analyzer/blob/main/docs/Rules/MA0002.md) [/var/home/saithis/work/Ratatoskr/tests/Ratatoskr.Tests/Ratatoskr.Tests.csproj]
/var/home/saithis/work/Ratatoskr/tests/Ratatoskr.Tests/Integration/TopologyTests.cs(96,62): warning MA0003: Name the parameter to improve code readability (https://github.com/meziantou/Meziantou.Analyzer/blob/main/docs/Rules/MA0003.md) [/var/home/saithis/work/Ratatoskr/tests/Ratatoskr.Tests/Ratatoskr.Tests.csproj]
/var/home/saithis/work/Ratatoskr/tests/Ratatoskr.Tests/RabbitMq/CloudEventsAmqpMapperRoundTripTests.cs(161,60): warning MA0003: Name the parameter to improve code readability (https://github.com/meziantou/Meziantou.Analyzer/blob/main/docs/Rules/MA0003.md) [/var/home/saithis/work/Ratatoskr/tests/Ratatoskr.Tests/Ratatoskr.Tests.csproj]
/var/home/saithis/work/Ratatoskr/tests/Ratatoskr.Tests/RabbitMq/CloudEventsAmqpMapperIncomingTests.cs(199,13): warning MA0003: Name the parameter to improve code readability (https://github.com/meziantou/Meziantou.Analyzer/blob/main/docs/Rules/MA0003.md) [/var/home/saithis/work/Ratatoskr/tests/Ratatoskr.Tests/Ratatoskr.Tests.csproj]
/var/home/saithis/work/Ratatoskr/tests/Ratatoskr.Tests/RabbitMq/CloudEventsAmqpMapperIncomingTests.cs(179,23): warning MA0002: Use an overload that has a IEqualityComparer<string> or IComparer<string> parameter (https://github.com/meziantou/Meziantou.Analyzer/blob/main/docs/Rules/MA0002.md) [/var/home/saithis/work/Ratatoskr/tests/Ratatoskr.Tests/Ratatoskr.Tests.csproj]
/var/home/saithis/work/Ratatoskr/tests/Ratatoskr.Tests/RabbitMq/CloudEventsAmqpMapperIncomingTests.cs(237,13): warning MA0003: Name the parameter to improve code readability (https://github.com/meziantou/Meziantou.Analyzer/blob/main/docs/Rules/MA0003.md) [/var/home/saithis/work/Ratatoskr/tests/Ratatoskr.Tests/Ratatoskr.Tests.csproj]
/var/home/saithis/work/Ratatoskr/tests/Ratatoskr.Tests/Outbox/OutboxMessageEntityTests.cs(163,42): warning MA0076: Do not use implicit culture-sensitive ToString in interpolated strings (https://github.com/meziantou/Meziantou.Analyzer/blob/main/docs/Rules/MA0076.md) [/var/home/saithis/work/Ratatoskr/tests/Ratatoskr.Tests/Ratatoskr.Tests.csproj]
/var/home/saithis/work/Ratatoskr/tests/Ratatoskr.Tests/RabbitMq/CloudEventsAmqpMapperIncomingTests.cs(222,23): warning MA0002: Use an overload that has a IEqualityComparer<string> or IComparer<string> parameter (https://github.com/meziantou/Meziantou.Analyzer/blob/main/docs/Rules/MA0002.md) [/var/home/saithis/work/Ratatoskr/tests/Ratatoskr.Tests/Ratatoskr.Tests.csproj]
/var/home/saithis/work/Ratatoskr/tests/Ratatoskr.Tests/Outbox/OutboxMessageEntityTests.cs(193,42): warning MA0076: Do not use implicit culture-sensitive ToString in interpolated strings (https://github.com/meziantou/Meziantou.Analyzer/blob/main/docs/Rules/MA0076.md) [/var/home/saithis/work/Ratatoskr/tests/Ratatoskr.Tests/Ratatoskr.Tests.csproj]
/var/home/saithis/work/Ratatoskr/tests/Ratatoskr.Tests/Integration/Inbox/InboxTestBase.cs(28,24): warning MA0076: Do not use implicit culture-sensitive ToString in interpolated strings (https://github.com/meziantou/Meziantou.Analyzer/blob/main/docs/Rules/MA0076.md) [/var/home/saithis/work/Ratatoskr/tests/Ratatoskr.Tests/Ratatoskr.Tests.csproj]
/var/home/saithis/work/Ratatoskr/tests/Ratatoskr.Tests/RabbitMq/CloudEventsAmqpMapperIncomingTests.cs(274,13): warning MA0003: Name the parameter to improve code readability (https://github.com/meziantou/Meziantou.Analyzer/blob/main/docs/Rules/MA0003.md) [/var/home/saithis/work/Ratatoskr/tests/Ratatoskr.Tests/Ratatoskr.Tests.csproj]
/var/home/saithis/work/Ratatoskr/tests/Ratatoskr.Tests/Integration/Inbox/InboxTestBase.cs(41,31): warning MA0042: Use 'CreateAsyncScope' instead of 'CreateScope' (https://github.com/meziantou/Meziantou.Analyzer/blob/main/docs/Rules/MA0042.md) [/var/home/saithis/work/Ratatoskr/tests/Ratatoskr.Tests/Ratatoskr.Tests.csproj]
/var/home/saithis/work/Ratatoskr/tests/Ratatoskr.Tests/Integration/Inbox/InboxTestBase.cs(32,31): warning CA1822: Member 'ProcessInboxAsync' does not access instance data and can be marked as static (https://learn.microsoft.com/dotnet/fundamentals/code-analysis/quality-rules/ca1822) [/var/home/saithis/work/Ratatoskr/tests/Ratatoskr.Tests/Ratatoskr.Tests.csproj]
/var/home/saithis/work/Ratatoskr/tests/Ratatoskr.Tests/Integration/Inbox/InboxTestBase.cs(95,70): warning CA1725: In member Task FailsThenSucceedsHandler.HandleAsync(TestEvent message, MessageProperties props, CancellationToken ct), change parameter name props to properties in order to match the identifier as it has been declared in Task IMessageHandler<TestEvent>.HandleAsync(TestEvent message, MessageProperties properties, CancellationToken cancellationToken) (https://learn.microsoft.com/dotnet/fundamentals/code-analysis/quality-rules/ca1725) [/var/home/saithis/work/Ratatoskr/tests/Ratatoskr.Tests/Ratatoskr.Tests.csproj]
/var/home/saithis/work/Ratatoskr/tests/Ratatoskr.Tests/Integration/Inbox/InboxTestBase.cs(95,95): warning CA1725: In member Task FailsThenSucceedsHandler.HandleAsync(TestEvent message, MessageProperties props, CancellationToken ct), change parameter name ct to cancellationToken in order to match the identifier as it has been declared in Task IMessageHandler<TestEvent>.HandleAsync(TestEvent message, MessageProperties properties, CancellationToken cancellationToken) (https://learn.microsoft.com/dotnet/fundamentals/code-analysis/quality-rules/ca1725) [/var/home/saithis/work/Ratatoskr/tests/Ratatoskr.Tests/Ratatoskr.Tests.csproj]
/var/home/saithis/work/Ratatoskr/tests/Ratatoskr.Tests/Integration/Inbox/InboxTestBase.cs(95,70): warning RCS1168: Parameter name 'props' differs from base name 'properties' (https://josefpihrt.github.io/docs/roslynator/analyzers/RCS1168) [/var/home/saithis/work/Ratatoskr/tests/Ratatoskr.Tests/Ratatoskr.Tests.csproj]
/var/home/saithis/work/Ratatoskr/tests/Ratatoskr.Tests/Integration/Inbox/InboxTestBase.cs(95,95): warning RCS1168: Parameter name 'ct' differs from base name 'cancellationToken' (https://josefpihrt.github.io/docs/roslynator/analyzers/RCS1168) [/var/home/saithis/work/Ratatoskr/tests/Ratatoskr.Tests/Ratatoskr.Tests.csproj]
/var/home/saithis/work/Ratatoskr/tests/Ratatoskr.Tests/Integration/Inbox/InboxTestBase.cs(100,82): warning MA0076: Do not use implicit culture-sensitive ToString in interpolated strings (https://github.com/meziantou/Meziantou.Analyzer/blob/main/docs/Rules/MA0076.md) [/var/home/saithis/work/Ratatoskr/tests/Ratatoskr.Tests/Ratatoskr.Tests.csproj]
/var/home/saithis/work/Ratatoskr/tests/Ratatoskr.Tests/Integration/Inbox/InboxTestBase.cs(84,70): warning CA1725: In member Task CountingHandler.HandleAsync(TestEvent message, MessageProperties props, CancellationToken ct), change parameter name props to properties in order to match the identifier as it has been declared in Task IMessageHandler<TestEvent>.HandleAsync(TestEvent message, MessageProperties properties, CancellationToken cancellationToken) (https://learn.microsoft.com/dotnet/fundamentals/code-analysis/quality-rules/ca1725) [/var/home/saithis/work/Ratatoskr/tests/Ratatoskr.Tests/Ratatoskr.Tests.csproj]
/var/home/saithis/work/Ratatoskr/tests/Ratatoskr.Tests/Integration/Inbox/InboxTestBase.cs(84,95): warning CA1725: In member Task CountingHandler.HandleAsync(TestEvent message, MessageProperties props, CancellationToken ct), change parameter name ct to cancellationToken in order to match the identifier as it has been declared in Task IMessageHandler<TestEvent>.HandleAsync(TestEvent message, MessageProperties properties, CancellationToken cancellationToken) (https://learn.microsoft.com/dotnet/fundamentals/code-analysis/quality-rules/ca1725) [/var/home/saithis/work/Ratatoskr/tests/Ratatoskr.Tests/Ratatoskr.Tests.csproj]
/var/home/saithis/work/Ratatoskr/tests/Ratatoskr.Tests/Integration/Inbox/InboxTestBase.cs(84,70): warning RCS1168: Parameter name 'props' differs from base name 'properties' (https://josefpihrt.github.io/docs/roslynator/analyzers/RCS1168) [/var/home/saithis/work/Ratatoskr/tests/Ratatoskr.Tests/Ratatoskr.Tests.csproj]
/var/home/saithis/work/Ratatoskr/tests/Ratatoskr.Tests/Integration/Inbox/InboxTestBase.cs(84,95): warning RCS1168: Parameter name 'ct' differs from base name 'cancellationToken' (https://josefpihrt.github.io/docs/roslynator/analyzers/RCS1168) [/var/home/saithis/work/Ratatoskr/tests/Ratatoskr.Tests/Ratatoskr.Tests.csproj]
/var/home/saithis/work/Ratatoskr/tests/Ratatoskr.Tests/Integration/Inbox/InboxTestBase.cs(69,70): warning CA1725: In member Task AlwaysFailingHandler.HandleAsync(TestEvent message, MessageProperties props, CancellationToken ct), change parameter name props to properties in order to match the identifier as it has been declared in Task IMessageHandler<TestEvent>.HandleAsync(TestEvent message, MessageProperties properties, CancellationToken cancellationToken) (https://learn.microsoft.com/dotnet/fundamentals/code-analysis/quality-rules/ca1725) [/var/home/saithis/work/Ratatoskr/tests/Ratatoskr.Tests/Ratatoskr.Tests.csproj]
/var/home/saithis/work/Ratatoskr/tests/Ratatoskr.Tests/Integration/Inbox/InboxTestBase.cs(69,95): warning CA1725: In member Task AlwaysFailingHandler.HandleAsync(TestEvent message, MessageProperties props, CancellationToken ct), change parameter name ct to cancellationToken in order to match the identifier as it has been declared in Task IMessageHandler<TestEvent>.HandleAsync(TestEvent message, MessageProperties properties, CancellationToken cancellationToken) (https://learn.microsoft.com/dotnet/fundamentals/code-analysis/quality-rules/ca1725) [/var/home/saithis/work/Ratatoskr/tests/Ratatoskr.Tests/Ratatoskr.Tests.csproj]
/var/home/saithis/work/Ratatoskr/tests/Ratatoskr.Tests/Integration/Inbox/InboxTestBase.cs(69,70): warning RCS1168: Parameter name 'props' differs from base name 'properties' (https://josefpihrt.github.io/docs/roslynator/analyzers/RCS1168) [/var/home/saithis/work/Ratatoskr/tests/Ratatoskr.Tests/Ratatoskr.Tests.csproj]
/var/home/saithis/work/Ratatoskr/tests/Ratatoskr.Tests/Integration/Inbox/InboxTestBase.cs(69,95): warning RCS1168: Parameter name 'ct' differs from base name 'cancellationToken' (https://josefpihrt.github.io/docs/roslynator/analyzers/RCS1168) [/var/home/saithis/work/Ratatoskr/tests/Ratatoskr.Tests/Ratatoskr.Tests.csproj]
/var/home/saithis/work/Ratatoskr/tests/Ratatoskr.Tests/Integration/Inbox/InboxTestBase.cs(63,70): warning CA1725: In member Task InboxHandlerB.HandleAsync(TestEvent message, MessageProperties props, CancellationToken ct), change parameter name props to properties in order to match the identifier as it has been declared in Task IMessageHandler<TestEvent>.HandleAsync(TestEvent message, MessageProperties properties, CancellationToken cancellationToken) (https://learn.microsoft.com/dotnet/fundamentals/code-analysis/quality-rules/ca1725) [/var/home/saithis/work/Ratatoskr/tests/Ratatoskr.Tests/Ratatoskr.Tests.csproj]
/var/home/saithis/work/Ratatoskr/tests/Ratatoskr.Tests/Integration/Inbox/InboxTestBase.cs(63,95): warning CA1725: In member Task InboxHandlerB.HandleAsync(TestEvent message, MessageProperties props, CancellationToken ct), change parameter name ct to cancellationToken in order to match the identifier as it has been declared in Task IMessageHandler<TestEvent>.HandleAsync(TestEvent message, MessageProperties properties, CancellationToken cancellationToken) (https://learn.microsoft.com/dotnet/fundamentals/code-analysis/quality-rules/ca1725) [/var/home/saithis/work/Ratatoskr/tests/Ratatoskr.Tests/Ratatoskr.Tests.csproj]
/var/home/saithis/work/Ratatoskr/tests/Ratatoskr.Tests/Integration/Inbox/InboxTestBase.cs(57,70): warning CA1725: In member Task InboxHandlerA.HandleAsync(TestEvent message, MessageProperties props, CancellationToken ct), change parameter name props to properties in order to match the identifier as it has been declared in Task IMessageHandler<TestEvent>.HandleAsync(TestEvent message, MessageProperties properties, CancellationToken cancellationToken) (https://learn.microsoft.com/dotnet/fundamentals/code-analysis/quality-rules/ca1725) [/var/home/saithis/work/Ratatoskr/tests/Ratatoskr.Tests/Ratatoskr.Tests.csproj]
/var/home/saithis/work/Ratatoskr/tests/Ratatoskr.Tests/Integration/Inbox/InboxTestBase.cs(57,95): warning CA1725: In member Task InboxHandlerA.HandleAsync(TestEvent message, MessageProperties props, CancellationToken ct), change parameter name ct to cancellationToken in order to match the identifier as it has been declared in Task IMessageHandler<TestEvent>.HandleAsync(TestEvent message, MessageProperties properties, CancellationToken cancellationToken) (https://learn.microsoft.com/dotnet/fundamentals/code-analysis/quality-rules/ca1725) [/var/home/saithis/work/Ratatoskr/tests/Ratatoskr.Tests/Ratatoskr.Tests.csproj]
/var/home/saithis/work/Ratatoskr/tests/Ratatoskr.Tests/Integration/Inbox/InboxTestBase.cs(63,70): warning RCS1168: Parameter name 'props' differs from base name 'properties' (https://josefpihrt.github.io/docs/roslynator/analyzers/RCS1168) [/var/home/saithis/work/Ratatoskr/tests/Ratatoskr.Tests/Ratatoskr.Tests.csproj]
/var/home/saithis/work/Ratatoskr/tests/Ratatoskr.Tests/Integration/Inbox/InboxTestBase.cs(63,95): warning RCS1168: Parameter name 'ct' differs from base name 'cancellationToken' (https://josefpihrt.github.io/docs/roslynator/analyzers/RCS1168) [/var/home/saithis/work/Ratatoskr/tests/Ratatoskr.Tests/Ratatoskr.Tests.csproj]
/var/home/saithis/work/Ratatoskr/tests/Ratatoskr.Tests/Integration/Inbox/InboxTestBase.cs(57,70): warning RCS1168: Parameter name 'props' differs from base name 'properties' (https://josefpihrt.github.io/docs/roslynator/analyzers/RCS1168) [/var/home/saithis/work/Ratatoskr/tests/Ratatoskr.Tests/Ratatoskr.Tests.csproj]
/var/home/saithis/work/Ratatoskr/tests/Ratatoskr.Tests/Integration/Inbox/InboxTestBase.cs(57,95): warning RCS1168: Parameter name 'ct' differs from base name 'cancellationToken' (https://josefpihrt.github.io/docs/roslynator/analyzers/RCS1168) [/var/home/saithis/work/Ratatoskr/tests/Ratatoskr.Tests/Ratatoskr.Tests.csproj]
/var/home/saithis/work/Ratatoskr/tests/Ratatoskr.Tests/RabbitMq/CloudEventsAmqpMapperIncomingTests.cs(259,23): warning MA0002: Use an overload that has a IEqualityComparer<string> or IComparer<string> parameter (https://github.com/meziantou/Meziantou.Analyzer/blob/main/docs/Rules/MA0002.md) [/var/home/saithis/work/Ratatoskr/tests/Ratatoskr.Tests/Ratatoskr.Tests.csproj]
/var/home/saithis/work/Ratatoskr/tests/Ratatoskr.Tests/RabbitMq/CloudEventsAmqpMapperIncomingTests.cs(312,13): warning MA0003: Name the parameter to improve code readability (https://github.com/meziantou/Meziantou.Analyzer/blob/main/docs/Rules/MA0003.md) [/var/home/saithis/work/Ratatoskr/tests/Ratatoskr.Tests/Ratatoskr.Tests.csproj]
/var/home/saithis/work/Ratatoskr/tests/Ratatoskr.Tests/RabbitMq/CloudEventsAmqpMapperOutgoingTests.cs(321,43): warning MA0127: Use string.Equals instead of 'is' pattern (https://github.com/meziantou/Meziantou.Analyzer/blob/main/docs/Rules/MA0127.md) [/var/home/saithis/work/Ratatoskr/tests/Ratatoskr.Tests/Ratatoskr.Tests.csproj]
/var/home/saithis/work/Ratatoskr/tests/Ratatoskr.Tests/RabbitMq/CloudEventsAmqpMapperOutgoingTests.cs(321,67): warning MA0127: Use string.Equals instead of 'is' pattern (https://github.com/meziantou/Meziantou.Analyzer/blob/main/docs/Rules/MA0127.md) [/var/home/saithis/work/Ratatoskr/tests/Ratatoskr.Tests/Ratatoskr.Tests.csproj]
/var/home/saithis/work/Ratatoskr/tests/Ratatoskr.Tests/RabbitMq/CloudEventsAmqpMapperIncomingTests.cs(290,23): warning MA0002: Use an overload that has a IEqualityComparer<string> or IComparer<string> parameter (https://github.com/meziantou/Meziantou.Analyzer/blob/main/docs/Rules/MA0002.md) [/var/home/saithis/work/Ratatoskr/tests/Ratatoskr.Tests/Ratatoskr.Tests.csproj]
/var/home/saithis/work/Ratatoskr/tests/Ratatoskr.Tests/Integration/Management/RequeuedCountTests.cs(23,72): warning MA0003: Name the parameter to improve code readability (https://github.com/meziantou/Meziantou.Analyzer/blob/main/docs/Rules/MA0003.md) [/var/home/saithis/work/Ratatoskr/tests/Ratatoskr.Tests/Ratatoskr.Tests.csproj]
/var/home/saithis/work/Ratatoskr/tests/Ratatoskr.Tests/Integration/Management/RequeuedCountTests.cs(36,72): warning MA0003: Name the parameter to improve code readability (https://github.com/meziantou/Meziantou.Analyzer/blob/main/docs/Rules/MA0003.md) [/var/home/saithis/work/Ratatoskr/tests/Ratatoskr.Tests/Ratatoskr.Tests.csproj]
/var/home/saithis/work/Ratatoskr/tests/Ratatoskr.Tests/RabbitMq/CloudEventsAmqpMapperIncomingTests.cs(351,13): warning MA0003: Name the parameter to improve code readability (https://github.com/meziantou/Meziantou.Analyzer/blob/main/docs/Rules/MA0003.md) [/var/home/saithis/work/Ratatoskr/tests/Ratatoskr.Tests/Ratatoskr.Tests.csproj]
/var/home/saithis/work/Ratatoskr/tests/Ratatoskr.Tests/RabbitMq/CloudEventsAmqpMapperIncomingTests.cs(380,13): warning MA0003: Name the parameter to improve code readability (https://github.com/meziantou/Meziantou.Analyzer/blob/main/docs/Rules/MA0003.md) [/var/home/saithis/work/Ratatoskr/tests/Ratatoskr.Tests/Ratatoskr.Tests.csproj]
/var/home/saithis/work/Ratatoskr/tests/Ratatoskr.Tests/RabbitMq/CloudEventsAmqpMapperIncomingTests.cs(412,13): warning MA0003: Name the parameter to improve code readability (https://github.com/meziantou/Meziantou.Analyzer/blob/main/docs/Rules/MA0003.md) [/var/home/saithis/work/Ratatoskr/tests/Ratatoskr.Tests/Ratatoskr.Tests.csproj]
/var/home/saithis/work/Ratatoskr/tests/Ratatoskr.Tests/RabbitMq/CloudEventsAmqpMapperIncomingTests.cs(475,13): warning MA0003: Name the parameter to improve code readability (https://github.com/meziantou/Meziantou.Analyzer/blob/main/docs/Rules/MA0003.md) [/var/home/saithis/work/Ratatoskr/tests/Ratatoskr.Tests/Ratatoskr.Tests.csproj]
/var/home/saithis/work/Ratatoskr/tests/Ratatoskr.Tests/Integration/Management/RequeuedCountTests.cs(52,72): warning MA0003: Name the parameter to improve code readability (https://github.com/meziantou/Meziantou.Analyzer/blob/main/docs/Rules/MA0003.md) [/var/home/saithis/work/Ratatoskr/tests/Ratatoskr.Tests/Ratatoskr.Tests.csproj]
/var/home/saithis/work/Ratatoskr/tests/Ratatoskr.Tests/RabbitMq/CloudEventsAmqpMapperIncomingTests.cs(460,23): warning MA0002: Use an overload that has a IEqualityComparer<string> or IComparer<string> parameter (https://github.com/meziantou/Meziantou.Analyzer/blob/main/docs/Rules/MA0002.md) [/var/home/saithis/work/Ratatoskr/tests/Ratatoskr.Tests/Ratatoskr.Tests.csproj]
/var/home/saithis/work/Ratatoskr/tests/Ratatoskr.Tests/Integration/ConsumeTests.cs(489,23): warning MA0002: Use an overload that has a IEqualityComparer<string> or IComparer<string> parameter (https://github.com/meziantou/Meziantou.Analyzer/blob/main/docs/Rules/MA0002.md) [/var/home/saithis/work/Ratatoskr/tests/Ratatoskr.Tests/Ratatoskr.Tests.csproj]
/var/home/saithis/work/Ratatoskr/tests/Ratatoskr.Tests/Integration/Inbox/InboxScopeAndIsolationTests.cs(150,70): warning RCS1168: Parameter name 'props' differs from base name 'properties' (https://josefpihrt.github.io/docs/roslynator/analyzers/RCS1168) [/var/home/saithis/work/Ratatoskr/tests/Ratatoskr.Tests/Ratatoskr.Tests.csproj]
/var/home/saithis/work/Ratatoskr/tests/Ratatoskr.Tests/Integration/Inbox/InboxScopeAndIsolationTests.cs(150,95): warning RCS1168: Parameter name 'ct' differs from base name 'cancellationToken' (https://josefpihrt.github.io/docs/roslynator/analyzers/RCS1168) [/var/home/saithis/work/Ratatoskr/tests/Ratatoskr.Tests/Ratatoskr.Tests.csproj]
/var/home/saithis/work/Ratatoskr/tests/Ratatoskr.Tests/Integration/Inbox/InboxScopeAndIsolationTests.cs(139,70): warning RCS1168: Parameter name 'props' differs from base name 'properties' (https://josefpihrt.github.io/docs/roslynator/analyzers/RCS1168) [/var/home/saithis/work/Ratatoskr/tests/Ratatoskr.Tests/Ratatoskr.Tests.csproj]
/var/home/saithis/work/Ratatoskr/tests/Ratatoskr.Tests/Integration/Inbox/InboxScopeAndIsolationTests.cs(139,95): warning RCS1168: Parameter name 'ct' differs from base name 'cancellationToken' (https://josefpihrt.github.io/docs/roslynator/analyzers/RCS1168) [/var/home/saithis/work/Ratatoskr/tests/Ratatoskr.Tests/Ratatoskr.Tests.csproj]
/var/home/saithis/work/Ratatoskr/tests/Ratatoskr.Tests/Integration/Inbox/InboxCancellationAndTimeoutTests.cs(70,47): warning MA0003: Name the parameter to improve code readability (https://github.com/meziantou/Meziantou.Analyzer/blob/main/docs/Rules/MA0003.md) [/var/home/saithis/work/Ratatoskr/tests/Ratatoskr.Tests/Ratatoskr.Tests.csproj]
/var/home/saithis/work/Ratatoskr/tests/Ratatoskr.Tests/Integration/RatatoskrIntegrationTest.cs(261,63): warning MA0003: Name the parameter to improve code readability (https://github.com/meziantou/Meziantou.Analyzer/blob/main/docs/Rules/MA0003.md) [/var/home/saithis/work/Ratatoskr/tests/Ratatoskr.Tests/Ratatoskr.Tests.csproj]
/var/home/saithis/work/Ratatoskr/tests/Ratatoskr.Tests/Integration/MessageTracking/MessageTrackingTransportTests.cs(207,45): warning MA0003: Name the parameter to improve code readability (https://github.com/meziantou/Meziantou.Analyzer/blob/main/docs/Rules/MA0003.md) [/var/home/saithis/work/Ratatoskr/tests/Ratatoskr.Tests/Ratatoskr.Tests.csproj]
/var/home/saithis/work/Ratatoskr/tests/Ratatoskr.Tests/Integration/Inbox/InboxBasicProcessingTests.cs(178,60): warning MA0020: Use 'TrueForAll()' instead of 'All()' (https://github.com/meziantou/Meziantou.Analyzer/blob/main/docs/Rules/MA0020.md) [/var/home/saithis/work/Ratatoskr/tests/Ratatoskr.Tests/Ratatoskr.Tests.csproj]
/var/home/saithis/work/Ratatoskr/tests/Ratatoskr.Tests/Integration/OpenTelemetry/OpenTelemetryTracingTests.cs(58,13): warning CA1310: The behavior of 'string.StartsWith(string)' could vary based on the current user's locale settings. Replace this call in 'Ratatoskr.Tests.Integration.OpenTelemetry.OpenTelemetryTracingTests.Tracing_WithOutbox_PropagatesContext()' with a call to 'string.StartsWith(string, System.StringComparison)'. (https://learn.microsoft.com/dotnet/fundamentals/code-analysis/quality-rules/ca1310) [/var/home/saithis/work/Ratatoskr/tests/Ratatoskr.Tests/Ratatoskr.Tests.csproj]
/var/home/saithis/work/Ratatoskr/tests/Ratatoskr.Tests/Integration/OpenTelemetry/OpenTelemetryTracingTests.cs(61,13): warning CA1310: The behavior of 'string.StartsWith(string)' could vary based on the current user's locale settings. Replace this call in 'Ratatoskr.Tests.Integration.OpenTelemetry.OpenTelemetryTracingTests.Tracing_WithOutbox_PropagatesContext()' with a call to 'string.StartsWith(string, System.StringComparison)'. (https://learn.microsoft.com/dotnet/fundamentals/code-analysis/quality-rules/ca1310) [/var/home/saithis/work/Ratatoskr/tests/Ratatoskr.Tests/Ratatoskr.Tests.csproj]
/var/home/saithis/work/Ratatoskr/tests/Ratatoskr.Tests/Integration/OpenTelemetry/OpenTelemetryTracingTests.cs(47,43): warning MA0020: Use 'Exists()' instead of 'Any()' (https://github.com/meziantou/Meziantou.Analyzer/blob/main/docs/Rules/MA0020.md) [/var/home/saithis/work/Ratatoskr/tests/Ratatoskr.Tests/Ratatoskr.Tests.csproj]
/var/home/saithis/work/Ratatoskr/tests/Ratatoskr.Tests/Integration/Inbox/InboxBatchAndEndToEndTests.cs(56,59): warning MA0076: Do not use implicit culture-sensitive ToString in interpolated strings (https://github.com/meziantou/Meziantou.Analyzer/blob/main/docs/Rules/MA0076.md) [/var/home/saithis/work/Ratatoskr/tests/Ratatoskr.Tests/Ratatoskr.Tests.csproj]
/var/home/saithis/work/Ratatoskr/tests/Ratatoskr.Tests/Integration/Inbox/InboxBatchAndEndToEndTests.cs(57,58): warning MA0076: Do not use implicit culture-sensitive ToString in interpolated strings (https://github.com/meziantou/Meziantou.Analyzer/blob/main/docs/Rules/MA0076.md) [/var/home/saithis/work/Ratatoskr/tests/Ratatoskr.Tests/Ratatoskr.Tests.csproj]
/var/home/saithis/work/Ratatoskr/tests/Ratatoskr.Tests/Integration/OpenTelemetry/OpenTelemetryTracingTests.cs(58,13): warning MA0074: Use an overload of 'StartsWith' that has a StringComparison parameter (https://github.com/meziantou/Meziantou.Analyzer/blob/main/docs/Rules/MA0074.md) [/var/home/saithis/work/Ratatoskr/tests/Ratatoskr.Tests/Ratatoskr.Tests.csproj]
/var/home/saithis/work/Ratatoskr/tests/Ratatoskr.Tests/Integration/OpenTelemetry/OpenTelemetryTracingTests.cs(61,13): warning MA0074: Use an overload of 'StartsWith' that has a StringComparison parameter (https://github.com/meziantou/Meziantou.Analyzer/blob/main/docs/Rules/MA0074.md) [/var/home/saithis/work/Ratatoskr/tests/Ratatoskr.Tests/Ratatoskr.Tests.csproj]
/var/home/saithis/work/Ratatoskr/tests/Ratatoskr.Tests/Integration/RatatoskrIntegrationTest.cs(317,20): warning CA1822: Member 'WaitForConditionAsync' does not access instance data and can be marked as static (https://learn.microsoft.com/dotnet/fundamentals/code-analysis/quality-rules/ca1822) [/var/home/saithis/work/Ratatoskr/tests/Ratatoskr.Tests/Ratatoskr.Tests.csproj]
/var/home/saithis/work/Ratatoskr/tests/Ratatoskr.Tests/Integration/OpenTelemetry/OpenTelemetryTracingTests.cs(153,13): warning CA1310: The behavior of 'string.StartsWith(string)' could vary based on the current user's locale settings. Replace this call in 'Ratatoskr.Tests.Integration.OpenTelemetry.OpenTelemetryTracingTests.Tracing_WithoutOutbox_PropagatesContext()' with a call to 'string.StartsWith(string, System.StringComparison)'. (https://learn.microsoft.com/dotnet/fundamentals/code-analysis/quality-rules/ca1310) [/var/home/saithis/work/Ratatoskr/tests/Ratatoskr.Tests/Ratatoskr.Tests.csproj]
/var/home/saithis/work/Ratatoskr/tests/Ratatoskr.Tests/Integration/OpenTelemetry/OpenTelemetryTracingTests.cs(156,13): warning CA1310: The behavior of 'string.StartsWith(string)' could vary based on the current user's locale settings. Replace this call in 'Ratatoskr.Tests.Integration.OpenTelemetry.OpenTelemetryTracingTests.Tracing_WithoutOutbox_PropagatesContext()' with a call to 'string.StartsWith(string, System.StringComparison)'. (https://learn.microsoft.com/dotnet/fundamentals/code-analysis/quality-rules/ca1310) [/var/home/saithis/work/Ratatoskr/tests/Ratatoskr.Tests/Ratatoskr.Tests.csproj]
/var/home/saithis/work/Ratatoskr/tests/Ratatoskr.Tests/Integration/Inbox/InboxCancellationAndTimeoutTests.cs(141,47): warning MA0003: Name the parameter to improve code readability (https://github.com/meziantou/Meziantou.Analyzer/blob/main/docs/Rules/MA0003.md) [/var/home/saithis/work/Ratatoskr/tests/Ratatoskr.Tests/Ratatoskr.Tests.csproj]
/var/home/saithis/work/Ratatoskr/tests/Ratatoskr.Tests/Integration/OpenTelemetry/OpenTelemetryTracingTests.cs(144,43): warning MA0020: Use 'Exists()' instead of 'Any()' (https://github.com/meziantou/Meziantou.Analyzer/blob/main/docs/Rules/MA0020.md) [/var/home/saithis/work/Ratatoskr/tests/Ratatoskr.Tests/Ratatoskr.Tests.csproj]
/var/home/saithis/work/Ratatoskr/tests/Ratatoskr.Tests/Integration/Management/OutboxManagementTests.cs(103,93): warning MA0003: Name the parameter to improve code readability (https://github.com/meziantou/Meziantou.Analyzer/blob/main/docs/Rules/MA0003.md) [/var/home/saithis/work/Ratatoskr/tests/Ratatoskr.Tests/Ratatoskr.Tests.csproj]
/var/home/saithis/work/Ratatoskr/tests/Ratatoskr.Tests/Integration/MessageTracking/MessageTrackingTestBase.cs(15,22): warning CA1822: Member 'DefaultRoutingKey' does not access instance data and can be marked as static (https://learn.microsoft.com/dotnet/fundamentals/code-analysis/quality-rules/ca1822) [/var/home/saithis/work/Ratatoskr/tests/Ratatoskr.Tests/Ratatoskr.Tests.csproj]
/var/home/saithis/work/Ratatoskr/tests/Ratatoskr.Tests/Integration/OpenTelemetry/OpenTelemetryTracingTests.cs(153,13): warning MA0074: Use an overload of 'StartsWith' that has a StringComparison parameter (https://github.com/meziantou/Meziantou.Analyzer/blob/main/docs/Rules/MA0074.md) [/var/home/saithis/work/Ratatoskr/tests/Ratatoskr.Tests/Ratatoskr.Tests.csproj]
/var/home/saithis/work/Ratatoskr/tests/Ratatoskr.Tests/Integration/OpenTelemetry/OpenTelemetryTracingTests.cs(156,13): warning MA0074: Use an overload of 'StartsWith' that has a StringComparison parameter (https://github.com/meziantou/Meziantou.Analyzer/blob/main/docs/Rules/MA0074.md) [/var/home/saithis/work/Ratatoskr/tests/Ratatoskr.Tests/Ratatoskr.Tests.csproj]
/var/home/saithis/work/Ratatoskr/tests/Ratatoskr.Tests/Integration/Management/OutboxManagementTests.cs(121,72): warning MA0003: Name the parameter to improve code readability (https://github.com/meziantou/Meziantou.Analyzer/blob/main/docs/Rules/MA0003.md) [/var/home/saithis/work/Ratatoskr/tests/Ratatoskr.Tests/Ratatoskr.Tests.csproj]
/var/home/saithis/work/Ratatoskr/tests/Ratatoskr.Tests/Integration/Inbox/InboxBasicProcessingTests.cs(258,60): warning MA0020: Use 'TrueForAll()' instead of 'All()' (https://github.com/meziantou/Meziantou.Analyzer/blob/main/docs/Rules/MA0020.md) [/var/home/saithis/work/Ratatoskr/tests/Ratatoskr.Tests/Ratatoskr.Tests.csproj]
/var/home/saithis/work/Ratatoskr/tests/Ratatoskr.Tests/Integration/Management/OutboxManagementTests.cs(137,72): warning MA0003: Name the parameter to improve code readability (https://github.com/meziantou/Meziantou.Analyzer/blob/main/docs/Rules/MA0003.md) [/var/home/saithis/work/Ratatoskr/tests/Ratatoskr.Tests/Ratatoskr.Tests.csproj]
/var/home/saithis/work/Ratatoskr/tests/Ratatoskr.Tests/Integration/OpenTelemetry/OpenTelemetryTestBase.cs(80,9): warning CA1822: Member 'GetRelevantMetrics' does not access instance data and can be marked as static (https://learn.microsoft.com/dotnet/fundamentals/code-analysis/quality-rules/ca1822) [/var/home/saithis/work/Ratatoskr/tests/Ratatoskr.Tests/Ratatoskr.Tests.csproj]
/var/home/saithis/work/Ratatoskr/tests/Ratatoskr.Tests/Integration/OpenTelemetry/OpenTelemetryTestBase.cs(128,32): warning CA1822: Member 'CreateActivityListener' does not access instance data and can be marked as static (https://learn.microsoft.com/dotnet/fundamentals/code-analysis/quality-rules/ca1822) [/var/home/saithis/work/Ratatoskr/tests/Ratatoskr.Tests/Ratatoskr.Tests.csproj]
/var/home/saithis/work/Ratatoskr/tests/Ratatoskr.Tests/Integration/Inbox/InboxBatchAndEndToEndTests.cs(133,59): warning MA0076: Do not use implicit culture-sensitive ToString in interpolated strings (https://github.com/meziantou/Meziantou.Analyzer/blob/main/docs/Rules/MA0076.md) [/var/home/saithis/work/Ratatoskr/tests/Ratatoskr.Tests/Ratatoskr.Tests.csproj]
/var/home/saithis/work/Ratatoskr/tests/Ratatoskr.Tests/Integration/Inbox/InboxBatchAndEndToEndTests.cs(134,58): warning MA0076: Do not use implicit culture-sensitive ToString in interpolated strings (https://github.com/meziantou/Meziantou.Analyzer/blob/main/docs/Rules/MA0076.md) [/var/home/saithis/work/Ratatoskr/tests/Ratatoskr.Tests/Ratatoskr.Tests.csproj]
/var/home/saithis/work/Ratatoskr/tests/Ratatoskr.Tests/Integration/OpenTelemetry/OpenTelemetryTestBase.cs(96,29): warning CA1822: Member 'CreateMeterListener' does not access instance data and can be marked as static (https://learn.microsoft.com/dotnet/fundamentals/code-analysis/quality-rules/ca1822) [/var/home/saithis/work/Ratatoskr/tests/Ratatoskr.Tests/Ratatoskr.Tests.csproj]
/var/home/saithis/work/Ratatoskr/tests/Ratatoskr.Tests/Integration/RabbitMqConsumerShutdownTests.cs(274,42): warning MA0076: Do not use implicit culture-sensitive ToString in interpolated strings (https://github.com/meziantou/Meziantou.Analyzer/blob/main/docs/Rules/MA0076.md) [/var/home/saithis/work/Ratatoskr/tests/Ratatoskr.Tests/Ratatoskr.Tests.csproj]
/var/home/saithis/work/Ratatoskr/tests/Ratatoskr.Tests/Integration/Management/OutboxManagementTests.cs(166,93): warning MA0003: Name the parameter to improve code readability (https://github.com/meziantou/Meziantou.Analyzer/blob/main/docs/Rules/MA0003.md) [/var/home/saithis/work/Ratatoskr/tests/Ratatoskr.Tests/Ratatoskr.Tests.csproj]
/var/home/saithis/work/Ratatoskr/tests/Ratatoskr.Tests/Integration/OpenTelemetry/OpenTelemetryTestBase.cs(138,30): warning CA1822: Member 'GetRelevantActivities' does not access instance data and can be marked as static (https://learn.microsoft.com/dotnet/fundamentals/code-analysis/quality-rules/ca1822) [/var/home/saithis/work/Ratatoskr/tests/Ratatoskr.Tests/Ratatoskr.Tests.csproj]
/var/home/saithis/work/Ratatoskr/tests/Ratatoskr.Tests/Integration/Inbox/InboxBasicProcessingTests.cs(345,17): warning CA2263: Prefer the generic overload 'Ratatoskr.Core.IMessageSerializer.Deserialize<TMessage>(byte[])' instead of 'Ratatoskr.Core.IMessageSerializer.Deserialize(byte[], System.Type)' (https://learn.microsoft.com/dotnet/fundamentals/code-analysis/quality-rules/ca2263) [/var/home/saithis/work/Ratatoskr/tests/Ratatoskr.Tests/Ratatoskr.Tests.csproj]
/var/home/saithis/work/Ratatoskr/tests/Ratatoskr.Tests/Integration/RabbitMqConsumerShutdownTests.cs(331,43): warning MA0076: Do not use implicit culture-sensitive ToString in interpolated strings (https://github.com/meziantou/Meziantou.Analyzer/blob/main/docs/Rules/MA0076.md) [/var/home/saithis/work/Ratatoskr/tests/Ratatoskr.Tests/Ratatoskr.Tests.csproj]
/var/home/saithis/work/Ratatoskr/tests/Ratatoskr.Tests/Integration/OpenTelemetry/OpenTelemetryTestBase.cs(155,20): warning CA1822: Member 'AssertActivityTags' does not access instance data and can be marked as static (https://learn.microsoft.com/dotnet/fundamentals/code-analysis/quality-rules/ca1822) [/var/home/saithis/work/Ratatoskr/tests/Ratatoskr.Tests/Ratatoskr.Tests.csproj]
/var/home/saithis/work/Ratatoskr/tests/Ratatoskr.Tests/Integration/RabbitMqConsumerShutdownTests.cs(391,44): warning MA0076: Do not use implicit culture-sensitive ToString in interpolated strings (https://github.com/meziantou/Meziantou.Analyzer/blob/main/docs/Rules/MA0076.md) [/var/home/saithis/work/Ratatoskr/tests/Ratatoskr.Tests/Ratatoskr.Tests.csproj]
/var/home/saithis/work/Ratatoskr/tests/Ratatoskr.Tests/Integration/OpenTelemetry/OpenTelemetryTestBase.cs(204,20): warning CA1822: Member 'AssertMetricTags' does not access instance data and can be marked as static (https://learn.microsoft.com/dotnet/fundamentals/code-analysis/quality-rules/ca1822) [/var/home/saithis/work/Ratatoskr/tests/Ratatoskr.Tests/Ratatoskr.Tests.csproj]
/var/home/saithis/work/Ratatoskr/tests/Ratatoskr.Tests/Integration/Inbox/InboxCancellationAndTimeoutTests.cs(309,31): warning RCS1168: Parameter name 'props' differs from base name 'properties' (https://josefpihrt.github.io/docs/roslynator/analyzers/RCS1168) [/var/home/saithis/work/Ratatoskr/tests/Ratatoskr.Tests/Ratatoskr.Tests.csproj]
/var/home/saithis/work/Ratatoskr/tests/Ratatoskr.Tests/Integration/Inbox/InboxCancellationAndTimeoutTests.cs(310,31): warning RCS1168: Parameter name 'ct' differs from base name 'cancellationToken' (https://josefpihrt.github.io/docs/roslynator/analyzers/RCS1168) [/var/home/saithis/work/Ratatoskr/tests/Ratatoskr.Tests/Ratatoskr.Tests.csproj]
/var/home/saithis/work/Ratatoskr/tests/Ratatoskr.Tests/Integration/Inbox/InboxCancellationAndTimeoutTests.cs(295,31): warning RCS1168: Parameter name 'props' differs from base name 'properties' (https://josefpihrt.github.io/docs/roslynator/analyzers/RCS1168) [/var/home/saithis/work/Ratatoskr/tests/Ratatoskr.Tests/Ratatoskr.Tests.csproj]
/var/home/saithis/work/Ratatoskr/tests/Ratatoskr.Tests/Integration/Inbox/InboxCancellationAndTimeoutTests.cs(296,31): warning RCS1168: Parameter name 'ct' differs from base name 'cancellationToken' (https://josefpihrt.github.io/docs/roslynator/analyzers/RCS1168) [/var/home/saithis/work/Ratatoskr/tests/Ratatoskr.Tests/Ratatoskr.Tests.csproj]
/var/home/saithis/work/Ratatoskr/tests/Ratatoskr.Tests/Integration/Inbox/InboxBasicProcessingTests.cs(409,31): warning RCS1168: Parameter name 'props' differs from base name 'properties' (https://josefpihrt.github.io/docs/roslynator/analyzers/RCS1168) [/var/home/saithis/work/Ratatoskr/tests/Ratatoskr.Tests/Ratatoskr.Tests.csproj]
/var/home/saithis/work/Ratatoskr/tests/Ratatoskr.Tests/Integration/Inbox/InboxBasicProcessingTests.cs(410,31): warning RCS1168: Parameter name 'ct' differs from base name 'cancellationToken' (https://josefpihrt.github.io/docs/roslynator/analyzers/RCS1168) [/var/home/saithis/work/Ratatoskr/tests/Ratatoskr.Tests/Ratatoskr.Tests.csproj]
/var/home/saithis/work/Ratatoskr/tests/Ratatoskr.Tests/Integration/Management/ManagementCoverageTests.cs(278,72): warning MA0003: Name the parameter to improve code readability (https://github.com/meziantou/Meziantou.Analyzer/blob/main/docs/Rules/MA0003.md) [/var/home/saithis/work/Ratatoskr/tests/Ratatoskr.Tests/Ratatoskr.Tests.csproj]
/var/home/saithis/work/Ratatoskr/tests/Ratatoskr.Tests/Integration/Outbox/OutboxTestBase.cs(42,31): warning MA0042: Use 'CreateAsyncScope' instead of 'CreateScope' (https://github.com/meziantou/Meziantou.Analyzer/blob/main/docs/Rules/MA0042.md) [/var/home/saithis/work/Ratatoskr/tests/Ratatoskr.Tests/Ratatoskr.Tests.csproj]
/var/home/saithis/work/Ratatoskr/tests/Ratatoskr.Tests/Integration/Outbox/OutboxTestBase.cs(36,31): warning CA1822: Member 'ProcessOutboxAsync' does not access instance data and can be marked as static (https://learn.microsoft.com/dotnet/fundamentals/code-analysis/quality-rules/ca1822) [/var/home/saithis/work/Ratatoskr/tests/Ratatoskr.Tests/Ratatoskr.Tests.csproj]
/var/home/saithis/work/Ratatoskr/tests/Ratatoskr.Tests/Integration/Outbox/OutboxTestBase.cs(17,22): warning CA1822: Member 'DefaultRoutingKey' does not access instance data and can be marked as static (https://learn.microsoft.com/dotnet/fundamentals/code-analysis/quality-rules/ca1822) [/var/home/saithis/work/Ratatoskr/tests/Ratatoskr.Tests/Ratatoskr.Tests.csproj]
/var/home/saithis/work/Ratatoskr/tests/Ratatoskr.Tests/Integration/Management/ManagementCoverageTests.cs(319,56): warning RCS1168: Parameter name '_' differs from base name 'serviceProvider' (https://josefpihrt.github.io/docs/roslynator/analyzers/RCS1168) [/var/home/saithis/work/Ratatoskr/tests/Ratatoskr.Tests/Ratatoskr.Tests.csproj]
/var/home/saithis/work/Ratatoskr/tests/Ratatoskr.Tests/Integration/RabbitMqConsumerShutdownTests.cs(124,27): warning RCS1168: Parameter name 'context' differs from base name 'properties' (https://josefpihrt.github.io/docs/roslynator/analyzers/RCS1168) [/var/home/saithis/work/Ratatoskr/tests/Ratatoskr.Tests/Ratatoskr.Tests.csproj]
/var/home/saithis/work/Ratatoskr/tests/Ratatoskr.Tests/Integration/RabbitMqConsumerShutdownTests.cs(155,27): warning RCS1168: Parameter name 'context' differs from base name 'properties' (https://josefpihrt.github.io/docs/roslynator/analyzers/RCS1168) [/var/home/saithis/work/Ratatoskr/tests/Ratatoskr.Tests/Ratatoskr.Tests.csproj]
/var/home/saithis/work/Ratatoskr/tests/Ratatoskr.Tests/Integration/Management/ManagementCoverageTests.cs(293,9): warning ASP0025: Use AddAuthorizationBuilder to register authorization services and construct policies (https://aka.ms/aspnet/analyzers) [/var/home/saithis/work/Ratatoskr/tests/Ratatoskr.Tests/Ratatoskr.Tests.csproj]
/var/home/saithis/work/Ratatoskr/tests/Ratatoskr.Tests/Integration/Management/ManagementAuthorizationTests.cs(32,13): warning ASP0025: Use AddAuthorizationBuilder to register authorization services and construct policies (https://aka.ms/aspnet/analyzers) [/var/home/saithis/work/Ratatoskr/tests/Ratatoskr.Tests/Ratatoskr.Tests.csproj]
/var/home/saithis/work/Ratatoskr/tests/Ratatoskr.Tests/Integration/Inbox/InboxCleanupServiceTests.cs(277,56): warning MA0076: Do not use implicit culture-sensitive ToString in interpolated strings (https://github.com/meziantou/Meziantou.Analyzer/blob/main/docs/Rules/MA0076.md) [/var/home/saithis/work/Ratatoskr/tests/Ratatoskr.Tests/Ratatoskr.Tests.csproj]
/var/home/saithis/work/Ratatoskr/tests/Ratatoskr.Tests/Integration/Inbox/InboxCleanupServiceTests.cs(280,27): warning MA0076: Do not use implicit culture-sensitive ToString in interpolated strings (https://github.com/meziantou/Meziantou.Analyzer/blob/main/docs/Rules/MA0076.md) [/var/home/saithis/work/Ratatoskr/tests/Ratatoskr.Tests/Ratatoskr.Tests.csproj]
/var/home/saithis/work/Ratatoskr/tests/Ratatoskr.Tests/Integration/Management/ManagementAuthorizationTests.cs(61,9): warning ASP0025: Use AddAuthorizationBuilder to register authorization services and construct policies (https://aka.ms/aspnet/analyzers) [/var/home/saithis/work/Ratatoskr/tests/Ratatoskr.Tests/Ratatoskr.Tests.csproj]
/var/home/saithis/work/Ratatoskr/tests/Ratatoskr.Tests/Integration/OpenTelemetry/OpenTelemetryMetricsTests.cs(57,43): warning MA0020: Use 'Exists()' instead of 'Any()' (https://github.com/meziantou/Meziantou.Analyzer/blob/main/docs/Rules/MA0020.md) [/var/home/saithis/work/Ratatoskr/tests/Ratatoskr.Tests/Ratatoskr.Tests.csproj]
/var/home/saithis/work/Ratatoskr/tests/Ratatoskr.Tests/Integration/Management/ManagementTestBase.cs(42,13): warning ASP0025: Use AddAuthorizationBuilder to register authorization services and construct policies (https://aka.ms/aspnet/analyzers) [/var/home/saithis/work/Ratatoskr/tests/Ratatoskr.Tests/Ratatoskr.Tests.csproj]
/var/home/saithis/work/Ratatoskr/tests/Ratatoskr.Tests/Integration/Outbox/OutboxDurabilityTests.cs(84,60): warning MA0020: Use 'TrueForAll()' instead of 'All()' (https://github.com/meziantou/Meziantou.Analyzer/blob/main/docs/Rules/MA0020.md) [/var/home/saithis/work/Ratatoskr/tests/Ratatoskr.Tests/Ratatoskr.Tests.csproj]
/var/home/saithis/work/Ratatoskr/tests/Ratatoskr.Tests/Integration/Outbox/OutboxBasicTests.cs(125,44): warning MA0020: Use 'Exists()' instead of 'Any()' (https://github.com/meziantou/Meziantou.Analyzer/blob/main/docs/Rules/MA0020.md) [/var/home/saithis/work/Ratatoskr/tests/Ratatoskr.Tests/Ratatoskr.Tests.csproj]
/var/home/saithis/work/Ratatoskr/tests/Ratatoskr.Tests/Integration/OpenTelemetry/OpenTelemetryMetricsTests.cs(247,28): warning RCS1246: Use element access (https://josefpihrt.github.io/docs/roslynator/analyzers/RCS1246) [/var/home/saithis/work/Ratatoskr/tests/Ratatoskr.Tests/Ratatoskr.Tests.csproj]
/var/home/saithis/work/Ratatoskr/tests/Ratatoskr.Tests/Integration/OpenTelemetry/OpenTelemetryMetricsTests.cs(247,28): warning MA0098: Use '[]' instead of 'Last()' (https://github.com/meziantou/Meziantou.Analyzer/blob/main/docs/Rules/MA0098.md) [/var/home/saithis/work/Ratatoskr/tests/Ratatoskr.Tests/Ratatoskr.Tests.csproj]
/var/home/saithis/work/Ratatoskr/tests/Ratatoskr.Tests/Integration/MessageTracking/MessageTrackingBasicTests.cs(322,35): warning MA0042: Use 'CreateAsyncScope' instead of 'CreateScope' (https://github.com/meziantou/Meziantou.Analyzer/blob/main/docs/Rules/MA0042.md) [/var/home/saithis/work/Ratatoskr/tests/Ratatoskr.Tests/Ratatoskr.Tests.csproj]
/var/home/saithis/work/Ratatoskr/tests/Ratatoskr.Tests/Integration/Management/InboxManagementTests.cs(43,13): warning MA0003: Name the parameter to improve code readability (https://github.com/meziantou/Meziantou.Analyzer/blob/main/docs/Rules/MA0003.md) [/var/home/saithis/work/Ratatoskr/tests/Ratatoskr.Tests/Ratatoskr.Tests.csproj]
/var/home/saithis/work/Ratatoskr/tests/Ratatoskr.Tests/Integration/OpenTelemetry/OpenTelemetryMetricsTests.cs(503,31): warning RCS1168: Parameter name 'context' differs from base name 'properties' (https://josefpihrt.github.io/docs/roslynator/analyzers/RCS1168) [/var/home/saithis/work/Ratatoskr/tests/Ratatoskr.Tests/Ratatoskr.Tests.csproj]
/var/home/saithis/work/Ratatoskr/tests/Ratatoskr.Tests/Integration/OpenTelemetry/OpenTelemetryMetricsTests.cs(523,31): warning RCS1168: Parameter name 'context' differs from base name 'properties' (https://josefpihrt.github.io/docs/roslynator/analyzers/RCS1168) [/var/home/saithis/work/Ratatoskr/tests/Ratatoskr.Tests/Ratatoskr.Tests.csproj]
/var/home/saithis/work/Ratatoskr/tests/Ratatoskr.Tests/Integration/OpenTelemetry/OpenTelemetryMetricsTests.cs(480,47): warning MA0003: Name the parameter to improve code readability (https://github.com/meziantou/Meziantou.Analyzer/blob/main/docs/Rules/MA0003.md) [/var/home/saithis/work/Ratatoskr/tests/Ratatoskr.Tests/Ratatoskr.Tests.csproj]
/var/home/saithis/work/Ratatoskr/tests/Ratatoskr.Tests/Integration/OpenTelemetry/OpenTelemetryMetricsTests.cs(511,73): warning MA0076: Do not use implicit culture-sensitive ToString in interpolated strings (https://github.com/meziantou/Meziantou.Analyzer/blob/main/docs/Rules/MA0076.md) [/var/home/saithis/work/Ratatoskr/tests/Ratatoskr.Tests/Ratatoskr.Tests.csproj]
/var/home/saithis/work/Ratatoskr/tests/Ratatoskr.Tests/Integration/OpenTelemetry/OpenTelemetryMetricsTests.cs(476,31): warning MA0042: Use 'CreateAsyncScope' instead of 'CreateScope' (https://github.com/meziantou/Meziantou.Analyzer/blob/main/docs/Rules/MA0042.md) [/var/home/saithis/work/Ratatoskr/tests/Ratatoskr.Tests/Ratatoskr.Tests.csproj]
/var/home/saithis/work/Ratatoskr/tests/Ratatoskr.Tests/Integration/Management/InboxManagementTests.cs(76,13): warning MA0003: Name the parameter to improve code readability (https://github.com/meziantou/Meziantou.Analyzer/blob/main/docs/Rules/MA0003.md) [/var/home/saithis/work/Ratatoskr/tests/Ratatoskr.Tests/Ratatoskr.Tests.csproj]
/var/home/saithis/work/Ratatoskr/tests/Ratatoskr.Tests/Integration/PublishTests.cs(235,23): warning MA0002: Use an overload that has a IEqualityComparer<string> or IComparer<string> parameter (https://github.com/meziantou/Meziantou.Analyzer/blob/main/docs/Rules/MA0002.md) [/var/home/saithis/work/Ratatoskr/tests/Ratatoskr.Tests/Ratatoskr.Tests.csproj]
/var/home/saithis/work/Ratatoskr/tests/Ratatoskr.Tests/Integration/PublishTests.cs(16,20): warning CA1822: Member 'DefaultRoutingKey' does not access instance data and can be marked as static (https://learn.microsoft.com/dotnet/fundamentals/code-analysis/quality-rules/ca1822) [/var/home/saithis/work/Ratatoskr/tests/Ratatoskr.Tests/Ratatoskr.Tests.csproj]
/var/home/saithis/work/Ratatoskr/tests/Ratatoskr.Tests/Integration/Outbox/OutboxProcessingTests.cs(133,60): warning MA0020: Use 'TrueForAll()' instead of 'All()' (https://github.com/meziantou/Meziantou.Analyzer/blob/main/docs/Rules/MA0020.md) [/var/home/saithis/work/Ratatoskr/tests/Ratatoskr.Tests/Ratatoskr.Tests.csproj]
/var/home/saithis/work/Ratatoskr/tests/Ratatoskr.Tests/Integration/MultiDbContextTests.cs(593,55): warning MA0076: Do not use implicit culture-sensitive ToString in interpolated strings (https://github.com/meziantou/Meziantou.Analyzer/blob/main/docs/Rules/MA0076.md) [/var/home/saithis/work/Ratatoskr/tests/Ratatoskr.Tests/Ratatoskr.Tests.csproj]
/var/home/saithis/work/Ratatoskr/tests/Ratatoskr.Tests/Integration/MultiDbContextTests.cs(593,79): warning MA0076: Do not use implicit culture-sensitive ToString in interpolated strings (https://github.com/meziantou/Meziantou.Analyzer/blob/main/docs/Rules/MA0076.md) [/var/home/saithis/work/Ratatoskr/tests/Ratatoskr.Tests/Ratatoskr.Tests.csproj]
/var/home/saithis/work/Ratatoskr/tests/Ratatoskr.Tests/Integration/MultiDbContextTests.cs(594,67): warning MA0076: Do not use implicit culture-sensitive ToString in interpolated strings (https://github.com/meziantou/Meziantou.Analyzer/blob/main/docs/Rules/MA0076.md) [/var/home/saithis/work/Ratatoskr/tests/Ratatoskr.Tests/Ratatoskr.Tests.csproj]
/var/home/saithis/work/Ratatoskr/tests/Ratatoskr.Tests/Integration/Inbox/InboxDeduplicationTests.cs(223,69): warning MA0076: Do not use implicit culture-sensitive ToString in interpolated strings (https://github.com/meziantou/Meziantou.Analyzer/blob/main/docs/Rules/MA0076.md) [/var/home/saithis/work/Ratatoskr/tests/Ratatoskr.Tests/Ratatoskr.Tests.csproj]
/var/home/saithis/work/Ratatoskr/tests/Ratatoskr.Tests/Integration/Inbox/InboxDeduplicationTests.cs(224,68): warning MA0076: Do not use implicit culture-sensitive ToString in interpolated strings (https://github.com/meziantou/Meziantou.Analyzer/blob/main/docs/Rules/MA0076.md) [/var/home/saithis/work/Ratatoskr/tests/Ratatoskr.Tests/Ratatoskr.Tests.csproj]
/var/home/saithis/work/Ratatoskr/tests/Ratatoskr.Tests/Integration/Outbox/OutboxProcessingTests.cs(360,79): warning MA0076: Do not use implicit culture-sensitive ToString in interpolated strings (https://github.com/meziantou/Meziantou.Analyzer/blob/main/docs/Rules/MA0076.md) [/var/home/saithis/work/Ratatoskr/tests/Ratatoskr.Tests/Ratatoskr.Tests.csproj]
/var/home/saithis/work/Ratatoskr/tests/Ratatoskr.Tests/Integration/Outbox/OutboxProcessingTests.cs(377,37): warning MA0020: Use 'TrueForAll()' instead of 'All()' (https://github.com/meziantou/Meziantou.Analyzer/blob/main/docs/Rules/MA0020.md) [/var/home/saithis/work/Ratatoskr/tests/Ratatoskr.Tests/Ratatoskr.Tests.csproj]
/var/home/saithis/work/Ratatoskr/tests/Ratatoskr.Tests/Integration/MultiDbContextTests.cs(681,59): warning MA0003: Name the parameter to improve code readability (https://github.com/meziantou/Meziantou.Analyzer/blob/main/docs/Rules/MA0003.md) [/var/home/saithis/work/Ratatoskr/tests/Ratatoskr.Tests/Ratatoskr.Tests.csproj]
/var/home/saithis/work/Ratatoskr/tests/Ratatoskr.Tests/Integration/MultiDbContextTests.cs(677,31): warning MA0042: Use 'CreateAsyncScope' instead of 'CreateScope' (https://github.com/meziantou/Meziantou.Analyzer/blob/main/docs/Rules/MA0042.md) [/var/home/saithis/work/Ratatoskr/tests/Ratatoskr.Tests/Ratatoskr.Tests.csproj]
/var/home/saithis/work/Ratatoskr/tests/Ratatoskr.Tests/Integration/MultiDbContextTests.cs(667,24): warning MA0076: Do not use implicit culture-sensitive ToString in interpolated strings (https://github.com/meziantou/Meziantou.Analyzer/blob/main/docs/Rules/MA0076.md) [/var/home/saithis/work/Ratatoskr/tests/Ratatoskr.Tests/Ratatoskr.Tests.csproj]
/var/home/saithis/work/Ratatoskr/tests/Ratatoskr.Tests/Integration/MultiDbContextTests.cs(701,59): warning MA0003: Name the parameter to improve code readability (https://github.com/meziantou/Meziantou.Analyzer/blob/main/docs/Rules/MA0003.md) [/var/home/saithis/work/Ratatoskr/tests/Ratatoskr.Tests/Ratatoskr.Tests.csproj]
/var/home/saithis/work/Ratatoskr/tests/Ratatoskr.Tests/Integration/MultiDbContextTests.cs(697,31): warning MA0042: Use 'CreateAsyncScope' instead of 'CreateScope' (https://github.com/meziantou/Meziantou.Analyzer/blob/main/docs/Rules/MA0042.md) [/var/home/saithis/work/Ratatoskr/tests/Ratatoskr.Tests/Ratatoskr.Tests.csproj]
/var/home/saithis/work/Ratatoskr/tests/Ratatoskr.Tests/Integration/MultiDbContextTests.cs(735,70): warning RCS1168: Parameter name 'props' differs from base name 'properties' (https://josefpihrt.github.io/docs/roslynator/analyzers/RCS1168) [/var/home/saithis/work/Ratatoskr/tests/Ratatoskr.Tests/Ratatoskr.Tests.csproj]
/var/home/saithis/work/Ratatoskr/tests/Ratatoskr.Tests/Integration/MultiDbContextTests.cs(735,95): warning RCS1168: Parameter name 'ct' differs from base name 'cancellationToken' (https://josefpihrt.github.io/docs/roslynator/analyzers/RCS1168) [/var/home/saithis/work/Ratatoskr/tests/Ratatoskr.Tests/Ratatoskr.Tests.csproj]
/var/home/saithis/work/Ratatoskr/tests/Ratatoskr.Tests/Integration/MultiDbContextTests.cs(729,70): warning RCS1168: Parameter name 'props' differs from base name 'properties' (https://josefpihrt.github.io/docs/roslynator/analyzers/RCS1168) [/var/home/saithis/work/Ratatoskr/tests/Ratatoskr.Tests/Ratatoskr.Tests.csproj]
/var/home/saithis/work/Ratatoskr/tests/Ratatoskr.Tests/Integration/MultiDbContextTests.cs(729,95): warning RCS1168: Parameter name 'ct' differs from base name 'cancellationToken' (https://josefpihrt.github.io/docs/roslynator/analyzers/RCS1168) [/var/home/saithis/work/Ratatoskr/tests/Ratatoskr.Tests/Ratatoskr.Tests.csproj]
/var/home/saithis/work/Ratatoskr/tests/Ratatoskr.Tests/Integration/MultiDbContextTests.cs(723,70): warning RCS1168: Parameter name 'props' differs from base name 'properties' (https://josefpihrt.github.io/docs/roslynator/analyzers/RCS1168) [/var/home/saithis/work/Ratatoskr/tests/Ratatoskr.Tests/Ratatoskr.Tests.csproj]
/var/home/saithis/work/Ratatoskr/tests/Ratatoskr.Tests/Integration/MultiDbContextTests.cs(723,95): warning RCS1168: Parameter name 'ct' differs from base name 'cancellationToken' (https://josefpihrt.github.io/docs/roslynator/analyzers/RCS1168) [/var/home/saithis/work/Ratatoskr/tests/Ratatoskr.Tests/Ratatoskr.Tests.csproj]
/var/home/saithis/work/Ratatoskr/tests/Ratatoskr.Tests/Integration/MultiDbContextTests.cs(717,70): warning RCS1168: Parameter name 'props' differs from base name 'properties' (https://josefpihrt.github.io/docs/roslynator/analyzers/RCS1168) [/var/home/saithis/work/Ratatoskr/tests/Ratatoskr.Tests/Ratatoskr.Tests.csproj]
/var/home/saithis/work/Ratatoskr/tests/Ratatoskr.Tests/Integration/MultiDbContextTests.cs(717,95): warning RCS1168: Parameter name 'ct' differs from base name 'cancellationToken' (https://josefpihrt.github.io/docs/roslynator/analyzers/RCS1168) [/var/home/saithis/work/Ratatoskr/tests/Ratatoskr.Tests/Ratatoskr.Tests.csproj]
/var/home/saithis/work/Ratatoskr/tests/Ratatoskr.Tests/Integration/Inbox/InboxErrorHandlingTests.cs(751,70): warning RCS1168: Parameter name 'props' differs from base name 'properties' (https://josefpihrt.github.io/docs/roslynator/analyzers/RCS1168) [/var/home/saithis/work/Ratatoskr/tests/Ratatoskr.Tests/Ratatoskr.Tests.csproj]
/var/home/saithis/work/Ratatoskr/tests/Ratatoskr.Tests/Integration/Inbox/InboxErrorHandlingTests.cs(751,95): warning RCS1168: Parameter name 'ct' differs from base name 'cancellationToken' (https://josefpihrt.github.io/docs/roslynator/analyzers/RCS1168) [/var/home/saithis/work/Ratatoskr/tests/Ratatoskr.Tests/Ratatoskr.Tests.csproj]
/var/home/saithis/work/Ratatoskr/tests/Ratatoskr.Tests/Integration/Outbox/OutboxDurabilityTests.cs(826,82): warning MA0076: Do not use implicit culture-sensitive ToString in interpolated strings (https://github.com/meziantou/Meziantou.Analyzer/blob/main/docs/Rules/MA0076.md) [/var/home/saithis/work/Ratatoskr/tests/Ratatoskr.Tests/Ratatoskr.Tests.csproj]
/var/home/saithis/work/Ratatoskr/tests/Ratatoskr.Tests/Integration/MultiDbContextTests.cs(671,29): warning CA1822: Member 'ProcessInboxAsync' does not access instance data and can be marked as static (https://learn.microsoft.com/dotnet/fundamentals/code-analysis/quality-rules/ca1822) [/var/home/saithis/work/Ratatoskr/tests/Ratatoskr.Tests/Ratatoskr.Tests.csproj]
/var/home/saithis/work/Ratatoskr/tests/Ratatoskr.Tests/Integration/MultiDbContextTests.cs(691,29): warning CA1822: Member 'ProcessOutboxAsync' does not access instance data and can be marked as static (https://learn.microsoft.com/dotnet/fundamentals/code-analysis/quality-rules/ca1822) [/var/home/saithis/work/Ratatoskr/tests/Ratatoskr.Tests/Ratatoskr.Tests.csproj]
    630 Warning(s)
    0 Error(s)

Time Elapsed 00:00:36.30
